epoch,method,method_l2_mean,method_l2_sd,method_n_failed,method_n_valid,method_relative_l2_mean,method_relative_l2_sd,method_runtime_sec_mean,method_target_l2_mean,method_target_l2_sd,n_seeds,progress,reference_internal_l2_mean,reference_internal_l2_sd,reference_mean_mcse_l2_mean,reference_mean_mcse_l2_sd,reference_quality_n_pass,reference_quality_n_warning,reference_runtime_sec_mean,reference_target_l2_mean,reference_target_l2_sd,target
2000,AISIVI,0.4419507124662675,0.6024469357405189,0,5,0.20944968518772886,0.29995145212598606,0.16079795956611634,11.350585064149374,1.2398980057289568,5,0.2,0.06227027541903063,0.02156724866619752,0.0032773829167910854,0.0011351183508525012,5,0,560.6455697685481,11.060513940028935,0.9755917906292365,8_gaussians
4000,AISIVI,0.7525815190650679,0.37219340009571555,0,5,0.15539302311730158,0.07915325064251488,0.15979849249124528,5.897212051836594,0.6360768125942826,5,0.4,0.16590537819158307,0.040891285938520074,0.00873186201008332,0.0021521729441326353,5,0,557.9205824285746,5.841920489229837,0.3880620869437204,8_gaussians
6000,AISIVI,1.1434615815462519,0.4572967242465754,1,4,0.16371690326421978,0.05006036689420216,0.154086634516716,4.334258536971365,0.5059465512830907,5,0.6,0.2734940751568263,0.05857989872882309,0.014394425008254014,0.0030831525646749,5,0,548.0372329741716,89.1598061919905,188.9278470279991,8_gaussians
8000,AISIVI,1.8768376084802216,0.46276598678568753,2,3,0.2619041273112563,0.05387760765447251,0.12019961178302765,3.8962024967357003,0.7216688079700653,5,0.8,2.8968950176099075,5.793862170019818,0.1524681588215741,0.30494011421156936,4,1,535.9505737036467,12467.545578505044,27625.722343147903,8_gaussians
10000,AISIVI,1.0290125103904937,0.2814367620124376,3,2,0.1477107636950971,0.043540334595037436,0.08318994343280792,3.4394562244833047,0.17302504386801687,5,1.0,3.239382903465706,6.59465278463203,0.17049383702451085,0.3470869886648437,4,1,529.3414450898766,13309.892516399026,29367.81146428889,8_gaussians
2000,DSIVI,1.9056522338839361,2.470251155911562,0,5,0.3477353838864369,0.21361235487958163,0.000624072551727295,10.657685206866006,0.4830185708176431,5,0.2,0.25755445117500597,0.34336221889541074,0.013555497430263469,0.018071695731337406,5,0,552.9554931849241,12.641695741159626,2.3457316952299654,8_gaussians
4000,DSIVI,1.3847089197609848,1.2496989746354554,0,5,0.21904679496483864,0.15923213625755175,0.0007002800703048706,5.488115355090036,0.6827032185816134,5,0.4,0.2875268532619221,0.22025335311654914,0.015132992276943268,0.01159228174297627,5,0,553.8409760087728,6.825425938963512,1.5578094753961595,8_gaussians
6000,DSIVI,1.9971118804374157,1.4075320038507364,0,5,0.23917259881508848,0.13327055008677435,0.0007182151079177856,3.8106236352033798,0.6519636759548557,5,0.6,0.432087274061996,0.23909424049982406,0.022741435476947156,0.01258390739472758,5,0,552.4358464136719,5.937494814541071,1.7961671099290701,8_gaussians
8000,DSIVI,1.4056468202713464,0.6156487247274002,0,5,0.17459003327064565,0.06269284284861115,0.0006912484765052796,3.251991955502281,0.765440935140231,5,0.8,0.405533244090625,0.12880123876971064,0.02134385495213816,0.006779012566826876,5,0,532.889280590415,4.818810340438509,0.6060102110185991,8_gaussians
10000,DSIVI,1.6081951428006012,0.576782660982791,0,5,0.20392408400940193,0.06376284312605242,0.0006171703338623047,2.6848452319314227,0.509446517642823,5,1.0,0.4095209037333669,0.12192984703197911,0.021553731775440368,0.006417360370104163,5,0,522.0713454931974,4.2666812475120235,0.45990984994059136,8_gaussians
2000,SIVI,0.08215240969747999,0.054444398186722635,0,5,0.04179107079842962,0.027201045112950826,0.0032240420579910277,11.922101362279324,0.2565198807641798,5,0.2,0.04032048654787461,0.017593548373851176,0.002122130870940769,0.0009259762302026934,5,0,581.457886993885,12.102027040559904,0.22150721990495295,8_gaussians
4000,SIVI,0.1782033780424067,0.1019358633446082,0,5,0.039884907660278204,0.022602519889472202,0.0035041213035583497,6.785145547170639,0.41075641990577944,5,0.4,0.07778035408259257,0.031508213534574114,0.004093702846452241,0.0016583270281354796,5,0,573.9274293422699,6.912312245522361,0.4638067707493534,8_gaussians
6000,SIVI,0.2843852861358799,0.14222002778951706,0,5,0.048001000301753874,0.021646530724610594,0.0035338565707206727,5.141635724783026,0.6140988611435866,5,0.6,0.15215489839254293,0.05958397683355908,0.008008152546975945,0.0031359987807136358,5,0,578.6306064724922,5.20093019912593,0.5557837482396751,8_gaussians
8000,SIVI,0.42073332344292663,0.19957966506029406,0,5,0.06818970795455996,0.0306796476034076,0.0033439964056015013,4.45981258046776,0.8643359329840548,5,0.8,0.24600746706557083,0.07258047759706215,0.01294776142450373,0.003820025136687482,5,0,574.6085473850369,4.643716132491799,0.8903715307742639,8_gaussians
10000,SIVI,0.47358316723852933,0.3418853452963491,0,5,0.0741724725454052,0.04907511762500421,0.003632722795009613,4.0636191644740265,1.1050342770427173,5,1.0,0.2864655193279929,0.08361232792416015,0.015077132596210152,0.004400648838113692,5,0,571.6751438915729,4.2749409936335825,1.0622821249966126,8_gaussians
2000,UIVI,1.2128549489548206,0.1904655247736797,0,5,1.0562599600147884,0.14616041922145237,0.27540757656097414,18.605696816166713,1.4513668601058447,5,0.2,0.006009971776826799,0.002339532072100963,0.0003163143040435158,0.00012313326695268228,5,0,570.1199008971453,17.538841104993477,1.4395216783423068,8_gaussians
4000,UIVI,1.8516285208028236,0.5243950023403688,0,5,0.887101670119591,0.21183195588963497,0.25920494794845583,14.52989256722812,0.9482686049513032,5,0.4,0.0066478845167384,0.0038950412733206124,0.00034988865877570523,0.00020500217228003223,5,0,561.2209616482257,12.58011231084718,0.7764546557917936,8_gaussians
6000,UIVI,1.994133289722587,0.34877160322875495,0,5,0.7386445653156347,0.17804646908767904,0.248008593916893,13.355064790968376,0.2585442578841206,5,0.6,0.00796907612365207,0.006805133426285079,0.0004194250591395826,0.00035816491717289894,5,0,556.0989731624722,11.20946458857549,0.15677365684885508,8_gaussians
8000,UIVI,2.0773099454880164,0.523016799685815,0,5,0.745785044376116,0.19264573185122688,0.28631223142147066,13.02353455592484,0.6065139886496894,5,0.8,0.008752281500238393,0.009483535701184506,0.00046064639474938915,0.0004991334579570793,5,0,545.0300657078624,10.910813114607802,0.6467121956580251,8_gaussians
10000,UIVI,2.0322230615686414,0.6067566735239945,0,5,0.7288542275140051,0.20435711043978994,0.2546165481209755,12.395016311692197,0.601378860024824,5,1.0,0.007835066318601225,0.00889146241594695,0.00041237191150532757,0.00046797170610247106,5,0,534.9206264689565,10.829243364172251,0.3247556222117013,8_gaussians
2000,AISIVI,1716.9947385843839,3753.3843743425145,0,5,1131.4825686223396,2480.9023114009697,0.1981016904115677,1704.8456287472866,3716.35068325182,5,0.2,1.6262670090563862,1.1971273607978898,0.0855930004766519,0.06300670319988894,5,0,564.9301729947329,19.547165551363523,32.50556268199827,x_shaped
4000,AISIVI,280.4060408450065,360.2909730108877,0,5,91.94949217566537,119.15699677424656,0.15328589975833892,282.64695732641286,362.16617269350604,5,0.4,2.5928865386828823,3.572718965065787,0.13646771256225695,0.18803784026662038,5,0,579.0020622164011,1.6433589438463065,1.0137432464582707,x_shaped
6000,AISIVI,579.5788802785357,958.8685279740967,0,5,155.0615280160187,258.3877655574186,0.15831521898508072,581.0712300017092,961.3270483067821,5,0.6,1.6143198490125372,1.2201116004822128,0.08496420257960721,0.06421640002537964,5,0,571.3216669008136,0.9066558348289073,0.7266658340292665,x_shaped
8000,AISIVI,100.1616302672505,62.24202242976689,0,5,26.53088268027401,16.34908971024301,0.15926001518964766,100.47565762110753,62.39453623683135,5,0.8,1.0568605874019785,0.7287303423627572,0.055624241442209385,0.03835422854540828,4,1,575.2855205625295,0.7523106876347577,0.5576603591224776,x_shaped
10000,AISIVI,87.67436761954778,84.64474435478735,0,5,23.14565122160156,21.333203936795112,0.1596726506948471,88.3814923358085,86.78447603061863,5,1.0,1.3077838242851292,0.8779325137870054,0.06883072759395416,0.04620697440984239,4,1,572.4405403584242,0.8828114319672722,0.6838604493496097,x_shaped
2000,DSIVI,0.8990443568469052,0.9079318392865364,0,5,0.2814103897013925,0.18216100539337388,0.0006395667791366577,3.6939603403498147,0.4481282128650404,5,0.2,1.2115215429719404,0.8544160597602473,0.06376429173536528,0.044969266303170906,5,0,560.8956490680575,4.000406289610896,1.3176740312227015,x_shaped
4000,DSIVI,0.8020579832079247,0.8672220357284844,0,5,0.16252905133679113,0.15631295436183734,0.0005061477422714233,0.41110200557099164,0.10895161966905863,5,0.4,0.7345626164435652,0.733297411912689,0.03866119033913501,0.03859460062698364,5,0,553.9278881773353,0.8796276293222676,0.8137385798193242,x_shaped
6000,DSIVI,0.4071303038652706,0.4713470749451783,0,5,0.083945933287048,0.08440603774039372,0.0007292062044143676,0.1479579492183872,0.06295428442769055,5,0.6,0.6444715167189708,0.6973742244101736,0.03391955351152478,0.03670390654790388,5,0,554.4496379941702,0.3722590840461105,0.4742171543606377,x_shaped
8000,DSIVI,0.30264435388461186,0.3068801029224062,0,5,0.06482550815500199,0.059115119679799426,0.0007697775959968567,0.14204665763766977,0.08553785204494804,5,0.8,0.5769242402760828,0.5284605698412426,0.030364433698741193,0.027813714202170662,5,0,555.6192363157868,0.2464515396519087,0.30152338886009294,x_shaped
10000,DSIVI,0.33115961928717225,0.548394768554296,0,5,0.0653743529551721,0.10042121956053297,0.0007580652832984925,0.07908472907890234,0.03693517101815595,5,1.0,0.6231557694288117,0.6718871681814494,0.03279767207520062,0.03536248253586576,5,0,556.3511775106192,0.3178878129249883,0.5403678626015644,x_shaped
2000,SIVI,0.0428875204939073,0.06573344555168589,0,5,0.033176340555193404,0.05766443521329961,0.16231831759214402,4.479184079860206,2.6528383727781555,5,0.2,0.008701663819834907,0.003571451674102415,0.00045798230630710035,0.0001879711407422324,5,0,526.4237692400814,4.399496359124167,2.5989851586315655,x_shaped
4000,SIVI,0.028119377929182586,0.021848279693942742,0,5,0.008885407041681493,0.007836194595991528,0.03949012458324432,0.5462637487377409,0.6839842876958103,5,0.4,0.018901359370069183,0.0014726136923364087,0.0009948083878983777,7.750598380717942e-05,5,0,530.2950405955314,0.5137227002794382,0.6497254822710892,x_shaped
6000,SIVI,0.04612581824086477,0.06242523690826582,0,5,0.012124298861703095,0.017295727215381022,0.16325699537992477,0.2982623958389553,0.5544002045205136,5,0.6,0.024430436218304718,0.0026735384607698546,0.0012858124325423536,0.00014071255056683448,5,0,542.9135451450944,0.25094049448704026,0.48407930483802003,x_shaped
8000,SIVI,0.034659721965069064,0.040254958858929456,0,5,0.009566004029865375,0.011960704597157416,0.047013077139854434,0.2704715763740124,0.4950985719241371,5,0.8,0.02453558180072234,0.0033397583536124284,0.0012913464105643335,0.00017577675545328567,5,0,564.8830318048597,0.2400598400096568,0.46429920437971395,x_shaped
10000,SIVI,0.026442578643764564,0.01962539984974825,0,5,0.007040867854468914,0.005532966529654089,0.003054012358188629,0.1903273507500825,0.3394951278548007,5,1.0,0.023642019056854473,0.0025882947268063353,0.001244316792466025,0.00013622603825296504,5,0,564.6596619278192,0.16540214289223193,0.3227525852673551,x_shaped
2000,UIVI,1.3262869936162582,0.2989489987003305,0,5,0.8094072759201838,0.18136050014596555,0.2742950662970543,5.0624406402224995,0.5047030188618061,5,0.2,0.011624246559659126,0.002560433873209506,0.000611802450508375,0.00013475967753734242,5,0,562.7756830275059,3.779591461627239,0.4448932455049813,x_shaped
4000,UIVI,2.624197598218582,1.1678991594438917,0,5,0.8728197057074552,0.4258759051263621,0.24620546847581865,3.264980518216123,1.5118718725955873,5,0.4,0.022670760139649058,0.006725033627341043,0.0011931979020867924,0.00035394913828110753,5,0,572.2634397506714,0.5969493643949852,0.32903679510819445,x_shaped
6000,UIVI,2.748603861869495,0.3269074080154335,0,5,0.7559456353353908,0.16059250068992487,0.2781705006957054,3.022933132549807,0.6181196356117576,5,0.6,0.03329214112266837,0.015610142013533229,0.0017522179538246511,0.0008215864217649068,5,0,571.8384493529796,0.26527907970953546,0.32149965906694267,x_shaped
8000,UIVI,2.767740479203126,0.38619820601931193,0,5,0.7659003236643146,0.16243077952098617,0.26415243893861773,3.052291071720476,0.7173301344092134,5,0.8,0.031672642434954566,0.014049861759490665,0.0016669811807870825,0.0007394664083942455,5,0,573.4591283500195,0.29761285752523886,0.32740205190566457,x_shaped
10000,UIVI,2.761501744876378,0.5356297114750156,0,5,0.7857193374955791,0.19268329674872184,0.28274432718753817,3.039571207684091,0.7964918420242024,5,1.0,0.032197175577705794,0.017754413599600925,0.001694588188300305,0.0009344428210316276,5,0,578.5835532620549,0.29404963372514015,0.3704350242447144,x_shaped
