checkpoint_dir,checkpoint_epoch,duration_sec,elbo,elbo_runtime_sec,errors,kde_elm,kde_elm_runtime_sec,method,nll,rmse,rmse_nll_runtime_sec,run_id,seed,summary_iterations,target,training_time_sec,w2,w2_edge_10,w2_edge_10_runtime_sec,w2_edge_5,w2_edge_5_runtime_sec,w2_edge_8,w2_edge_8_runtime_sec,w2_runtime_sec,w2_trunc_abs_6,w2_trunc_abs_6_runtime_sec,w2_trunc_abs_8,w2_trunc_abs_8_runtime_sec,wall_clock_sec
results/default_config_grid/SIVI/8_gaussians/20260428_042348/checkpoints/epoch_10000,10000,156.30492337793112,-0.13116340339183807,1.7356586046516895,{},,,SIVI,,,,seed42_sivi_8_gaussians,42,10000.0,8_gaussians,149.63775634765625,0.08547821640968323,,,,,,,0.06728710979223251,0.09292101860046387,0.0721440240740776,,,156.30492337793112
results/default_config_grid/SIVI/banana/20260428_042348/checkpoints/epoch_10000,10000,156.31615824252367,-0.005134666804224253,1.4985239543020725,{},,,SIVI,,,,seed42_sivi_banana,42,10000.0,banana,150.88485717773438,0.0638747289776802,,,,,,,0.0417574867606163,,,,,156.31615824252367
results/default_config_grid/SIVI/Bnn_boston/20260501_140351/checkpoints/epoch_10000,10000,643.372230488807,,,{},,,SIVI,2.5328211784362793,2.899036407470703,0.032114677131175995,seed42_sivi_bnn_boston,42,10000.0,Bnn_boston,554.2687377929688,,,,,,,,,,,,,643.372230488807
results/default_config_grid/SIVI/Bnn_concrete/20260501_140350/checkpoints/epoch_10000,10000,396.8640857450664,,,{},,,SIVI,3.3719873428344727,6.968883991241455,0.009141664952039719,seed42_sivi_bnn_concrete,42,10000.0,Bnn_concrete,389.22418212890625,,,,,,,,,,,,,396.8640857450664
results/default_config_grid/SIVI/Bnn_power/20260501_140350/checkpoints/epoch_10000,10000,322.93988458812237,,,{},,,SIVI,2.8079404830932617,3.967881679534912,0.007727861404418945,seed42_sivi_bnn_power,42,10000.0,Bnn_power,261.7964172363281,,,,,,,,,,,,,322.93988458812237
results/default_config_grid/SIVI/Bnn_protein/20260501_140351/checkpoints/epoch_10000,10000,435.84776620566845,,,{},,,SIVI,3.0040955543518066,4.769306659698486,0.015472747385501862,seed42_sivi_bnn_protein,42,10000.0,Bnn_protein,428.8034362792969,,,,,,,,,,,,,435.84776620566845
results/default_config_grid/SIVI/Bnn_winered/20260501_140913/checkpoints/epoch_10000,10000,646.6876932233572,,,{},,,SIVI,0.8843235969543457,0.5861120820045471,0.01211126521229744,seed42_sivi_bnn_winered,42,10000.0,Bnn_winered,488.40869140625,,,,,,,,,,,,,646.6876932233572
results/default_config_grid/SIVI/Bnn_yacht/20260501_141027/checkpoints/epoch_10000,10000,330.48988481238484,,,{},,,SIVI,1.8823909759521484,2.1449849605560303,0.0015753060579299927,seed42_sivi_bnn_yacht,42,10000.0,Bnn_yacht,324.464111328125,,,,,,,,,,,,,330.48988481238484
results/default_config_grid/SIVI/Langevin_post/20260429_220135/checkpoints/epoch_10000,10000,330.55896627530456,-178.5377960205078,2.4273158833384514,{},57.865325927734375,0.6400114148855209,SIVI,,,,seed42_sivi_langevin_post,42,10000.0,Langevin_post,323.1908264160156,0.034911058843135834,,,,,,,0.045226436108350754,,,,,330.55896627530456
results/default_config_grid/SIVI/multimodal/20260428_043626/checkpoints/epoch_10000,10000,156.4350915439427,-0.001304872683249414,1.6443450972437859,{},,,SIVI,,,,seed42_sivi_multimodal,42,10000.0,multimodal,151.4591064453125,0.03761937841773033,,,,,,,0.04087131470441818,,,,,156.4350915439427
results/default_config_grid/SIVI/student_uc/20260428_043658/checkpoints/epoch_10000,10000,159.89184598252177,-2.675869941711426,1.512385293841362,{},,,SIVI,,,,seed42_sivi_student_uc,42,10000.0,student_uc,153.0421142578125,1.0919491052627563,0.12939247488975525,0.06457483768463135,0.04899882897734642,0.05124204605817795,0.07686276733875275,0.03507020324468613,0.033523011952638626,,,0.13463054597377777,0.03646274283528328,159.89184598252177
results/default_config_grid/SIVI/x_shaped/20260428_043837/checkpoints/epoch_10000,10000,161.97235098853707,-0.0016463431529700756,1.4934823587536812,{},,,SIVI,,,,seed42_sivi_x_shaped,42,10000.0,x_shaped,155.03599548339844,0.060604337602853775,,,,,,,0.03296579420566559,,,,,161.97235098853707
results/default_config_grid/UIVI/8_gaussians/20260428_043837/checkpoints/epoch_10000,10000,798.551732968539,-0.8280785083770752,1.5065485164523125,{},,,UIVI,,,,seed42_uivi_8_gaussians,42,10000.0,8_gaussians,791.5615844726562,0.28241783380508423,,,,,,,0.03370688483119011,0.27014654874801636,0.030889976769685745,,,798.551732968539
results/default_config_grid/UIVI/banana/20260428_043903/checkpoints/epoch_10000,10000,768.426854018122,-0.027454907074570656,1.5026538372039795,{},,,UIVI,,,,seed42_uivi_banana,42,10000.0,banana,763.563720703125,0.34248781204223633,,,,,,,0.03303271159529686,,,,,768.426854018122
results/default_config_grid/UIVI/Bnn_boston/20260501_141106/checkpoints/epoch_10000,10000,856.6053156033158,,,{},,,UIVI,2.641897678375244,3.419313430786133,0.006775747984647751,seed42_uivi_bnn_boston,42,10000.0,Bnn_boston,730.8287963867188,,,,,,,,,,,,,856.6053156033158
results/default_config_grid/UIVI/Bnn_concrete/20260501_141433/checkpoints/epoch_10000,10000,974.0106991007924,,,{},,,UIVI,3.504472255706787,7.72605037689209,0.008336864411830902,seed42_uivi_bnn_concrete,42,10000.0,Bnn_concrete,779.60986328125,,,,,,,,,,,,,974.0106991007924
results/default_config_grid/UIVI/Bnn_power/20260501_141558/checkpoints/epoch_10000,10000,889.9623902514577,,,{},,,UIVI,2.816960334777832,3.9974746704101562,0.007216349244117737,seed42_uivi_bnn_power,42,10000.0,Bnn_power,741.2680053710938,,,,,,,,,,,,,889.9623902514577
results/default_config_grid/UIVI/Bnn_protein/20260501_142000/checkpoints/epoch_10000,10000,760.6192973740399,,,{},,,UIVI,3.0271248817443848,5.029071807861328,0.018133729696273804,seed42_uivi_bnn_protein,42,10000.0,Bnn_protein,752.7481079101562,,,,,,,,,,,,,760.6192973740399
results/default_config_grid/UIVI/Bnn_winered/20260501_142523/checkpoints/epoch_10000,10000,970.5706495121121,,,{},,,UIVI,0.9492383003234863,0.6277934312820435,0.0026443414390087128,seed42_uivi_bnn_winered,42,10000.0,Bnn_winered,780.3206787109375,,,,,,,,,,,,,970.5706495121121
results/default_config_grid/UIVI/Bnn_yacht/20260501_143048/checkpoints/epoch_10000,10000,966.9839784838259,,,{},,,UIVI,2.1579275131225586,2.6844043731689453,0.0015326961874961853,seed42_uivi_bnn_yacht,42,10000.0,Bnn_yacht,783.8191528320312,,,,,,,,,,,,,966.9839784838259
results/default_config_grid/UIVI/Langevin_post/20260429_220136/checkpoints/epoch_10000,10000,719.2493736855686,-185.28196716308594,2.4036701172590256,{},22.606769561767578,0.6106734201312065,UIVI,,,,seed42_uivi_langevin_post,42,10000.0,Langevin_post,711.970458984375,0.04680227115750313,,,,,,,0.04372897744178772,,,,,719.2493736855686
results/default_config_grid/UIVI/multimodal/20260428_050511/checkpoints/epoch_10000,10000,741.9006601050496,-0.03428326174616814,1.6335355639457703,{},,,UIVI,,,,seed42_uivi_multimodal,42,10000.0,multimodal,736.6171875,0.14078913629055023,,,,,,,0.03375522792339325,,,,,741.9006601050496
results/default_config_grid/UIVI/student_uc/20260428_050718/checkpoints/epoch_10000,10000,741.6075224615633,-2.6795878410339355,1.4985103383660316,{},,,UIVI,,,,seed42_uivi_student_uc,42,10000.0,student_uc,736.547119140625,1.1044867038726807,0.16679446399211884,0.03502313792705536,0.07251901924610138,0.03499545902013779,0.09812664985656738,0.04341205209493637,0.03299679234623909,,,0.15557698905467987,0.03569595515727997,741.6075224615633
results/default_config_grid/UIVI/x_shaped/20260428_051601/checkpoints/epoch_10000,10000,765.4680295735598,-0.07396584004163742,1.4909398071467876,{},,,UIVI,,,,seed42_uivi_x_shaped,42,10000.0,x_shaped,760.0956420898438,0.22597675025463104,,,,,,,0.03326233848929405,,,,,765.4680295735598
results/default_config_grid/AISIVI/8_gaussians/20260428_052846/checkpoints/epoch_10000,10000,323.3727874085307,-50.58776092529297,1.4745170548558235,{},,,AISIVI,,,,seed42_aisivi_8_gaussians,42,10000.0,8_gaussians,307.8656921386719,3.377422571182251,,,,,,,0.03245633468031883,0.7135705351829529,0.0481962151825428,,,323.3727874085307
results/default_config_grid/AISIVI/banana/20260428_053038/checkpoints/epoch_10000,10000,284.4486312866211,-43068.38671875,1.476196002215147,{},,,AISIVI,,,,seed42_aisivi_banana,42,10000.0,banana,270.6858215332031,85.56343078613281,,,,,,,0.03926563635468483,,,,,284.4486312866211
results/default_config_grid/AISIVI/Bnn_boston/20260501_143048/checkpoints/epoch_10000,10000,690.8177898786962,,,{},,,AISIVI,2.6048545837402344,3.217500925064087,0.005018617957830429,seed42_aisivi_bnn_boston,42,10000.0,Bnn_boston,668.287841796875,,,,,,,,,,,,,690.8177898786962
results/default_config_grid/AISIVI/Bnn_concrete/20260501_143240/checkpoints/epoch_10000,10000,631.452329967171,,,{},,,AISIVI,3.379350185394287,7.224314212799072,0.002755429595708847,seed42_aisivi_bnn_concrete,42,10000.0,Bnn_concrete,610.0586547851562,,,,,,,,,,,,,631.452329967171
results/default_config_grid/AISIVI/Bnn_power/20260501_144134/checkpoints/epoch_10000,10000,649.0992850288749,,,{},,,AISIVI,2.8273987770080566,4.022561073303223,0.003529496490955353,seed42_aisivi_bnn_power,42,10000.0,Bnn_power,563.9144897460938,,,,,,,,,,,,,649.0992850288749
results/default_config_grid/AISIVI/Bnn_protein/20260501_144219/checkpoints/epoch_10000,10000,640.8553046882153,,,{},,,AISIVI,3.0220155715942383,4.868831634521484,0.013238854706287384,seed42_aisivi_bnn_protein,42,10000.0,Bnn_protein,618.91650390625,,,,,,,,,,,,,640.8553046882153
results/default_config_grid/AISIVI/Bnn_winered/20260501_144312/checkpoints/epoch_10000,10000,669.5127373896539,,,{},,,AISIVI,0.922574520111084,0.6117203831672668,0.0016115233302116394,seed42_aisivi_bnn_winered,42,10000.0,Bnn_winered,649.3014526367188,,,,,,,,,,,,,669.5127373896539
results/default_config_grid/AISIVI/Bnn_yacht/20260501_144655/checkpoints/epoch_10000,10000,645.975038792938,,,{},,,AISIVI,2.430058002471924,3.1257288455963135,0.0012993253767490387,seed42_aisivi_bnn_yacht,42,10000.0,Bnn_yacht,621.475830078125,,,,,,,,,,,,,645.975038792938
results/default_config_grid/AISIVI/Langevin_post/20260429_220136/checkpoints/epoch_10000,10000,709.0805318467319,-199.0514678955078,2.42318032681942,{},74.84839630126953,0.6147304326295853,AISIVI,,,,seed42_aisivi_langevin_post,42,10000.0,Langevin_post,639.4645385742188,0.010906975716352463,,,,,,,0.04331369698047638,,,,,709.0805318467319
results/default_config_grid/AISIVI/multimodal/20260428_055137/checkpoints/epoch_10000,10000,358.6094890125096,-0.0016994504258036613,1.5561668165028095,{},,,AISIVI,,,,seed42_aisivi_multimodal,42,10000.0,multimodal,344.12646484375,0.03222386911511421,,,,,,,0.03261367976665497,,,,,358.6094890125096
results/default_config_grid/AISIVI/student_uc/20260428_055414/checkpoints/epoch_10000,10000,352.81529396399856,-2.6749346256256104,1.5034220032393932,{},,,AISIVI,,,,seed42_aisivi_student_uc,42,10000.0,student_uc,339.4536437988281,0.49903687834739685,0.11359190940856934,0.033849138766527176,0.04776957258582115,0.035005562007427216,0.0986543595790863,0.034830935299396515,0.032333437353372574,,,0.09894226491451263,0.03373044729232788,352.81529396399856
results/default_config_grid/AISIVI/x_shaped/20260428_055416/checkpoints/epoch_10000,10000,348.6950897946954,-0.09359762817621231,1.4865267649292946,{},,,AISIVI,,,,seed42_aisivi_x_shaped,42,10000.0,x_shaped,335.63995361328125,0.20770873129367828,,,,,,,0.05097007378935814,,,,,348.6950897946954
results/default_config_grid/DSIVI/8_gaussians/20260428_055623/checkpoints/epoch_10000,10000,187.8026962094009,-0.1090393140912056,1.498193260282278,{},,,DSIVI,,,,seed42_dsivi_8_gaussians,42,10000.0,8_gaussians,181.14382934570312,0.1307639330625534,,,,,,,0.03238220885396004,0.07442562282085419,0.03077918291091919,,,187.8026962094009
results/default_config_grid/DSIVI/banana/20260428_055736/checkpoints/epoch_10000,10000,188.7895834930241,-0.001317503396421671,1.4980480074882507,{},,,DSIVI,,,,seed42_dsivi_banana,42,10000.0,banana,181.6254425048828,0.04262544587254524,,,,,,,0.03372076898813248,,,,,188.7895834930241
results/default_config_grid/DSIVI/Bnn_boston/20260428_055956/checkpoints/epoch_10000,10000,126.85594974458218,,,{},,,DSIVI,2.4582390785217285,2.5937771797180176,0.006733786314725876,seed42_dsivi_bnn_boston,42,10000.0,Bnn_boston,109.96505737304688,,,,,,,,,,,,,126.85594974458218
results/default_config_grid/DSIVI/Bnn_concrete/20260428_060004/checkpoints/epoch_10000,10000,126.86155918240547,,,{},,,DSIVI,3.2654290199279785,6.2641777992248535,0.007004193961620331,seed42_dsivi_bnn_concrete,42,10000.0,Bnn_concrete,110.65837860107422,,,,,,,,,,,,,126.86155918240547
results/default_config_grid/DSIVI/Bnn_power/20260428_060006/checkpoints/epoch_10000,10000,126.8554773144424,,,{},,,DSIVI,2.772550106048584,3.8372609615325928,0.004836738109588623,seed42_dsivi_bnn_power,42,10000.0,Bnn_power,110.41758728027344,,,,,,,,,,,,,126.8554773144424
results/default_config_grid/DSIVI/Bnn_protein/20260428_060045/checkpoints/epoch_10000,10000,136.8570246323943,,,{},,,DSIVI,2.9276442527770996,4.49528169631958,0.013686779886484146,seed42_dsivi_bnn_protein,42,10000.0,Bnn_protein,109.85504150390625,,,,,,,,,,,,,136.8570246323943
results/default_config_grid/DSIVI/Bnn_winered/20260501_145223/checkpoints/epoch_10000,10000,318.1995355859399,,,{},,,DSIVI,0.9365501403808594,0.6172118186950684,0.0027353130280971527,seed42_dsivi_bnn_winered,42,10000.0,Bnn_winered,114.42070007324219,,,,,,,,,,,,,318.1995355859399
results/default_config_grid/DSIVI/Bnn_yacht/20260501_145259/checkpoints/epoch_10000,10000,281.2721321582794,,,{},,,DSIVI,1.46010160446167,1.3063406944274902,0.0016899071633815765,seed42_dsivi_bnn_yacht,42,10000.0,Bnn_yacht,115.3349609375,,,,,,,,,,,,,281.2721321582794
results/default_config_grid/DSIVI/Langevin_post/20260429_220135/checkpoints/epoch_10000,10000,320.31660056859255,-195.08189392089844,2.4287307150661945,{},75.19657897949219,0.6157441698014736,DSIVI,,,,seed42_dsivi_langevin_post,42,10000.0,Langevin_post,292.12518310546875,0.008720381185412407,,,,,,,0.04324506223201752,,,,,320.31660056859255
results/default_config_grid/DSIVI/multimodal/20260428_060433/checkpoints/epoch_10000,10000,189.85751369968057,0.00025659106904640794,1.5780204273760319,{},,,DSIVI,,,,seed42_dsivi_multimodal,42,10000.0,multimodal,178.59512329101562,0.05808837711811066,,,,,,,0.033137187361717224,,,,,189.85751369968057
results/default_config_grid/DSIVI/student_uc/20260428_060434/checkpoints/epoch_10000,10000,189.86006826534867,-2.674004077911377,1.505524456501007,{},,,DSIVI,,,,seed42_dsivi_student_uc,42,10000.0,student_uc,182.9849853515625,0.41169387102127075,0.15178073942661285,0.03421952575445175,0.0390460379421711,0.03443330526351929,0.08182801306247711,0.034915659576654434,0.032494720071554184,,,0.07117584347724915,0.03469251096248627,189.86006826534867
results/default_config_grid/DSIVI/x_shaped/20260428_060620/checkpoints/epoch_10000,10000,186.66985689103603,-0.0066490513272583485,1.4975184202194214,{},,,DSIVI,,,,seed42_dsivi_x_shaped,42,10000.0,x_shaped,179.11431884765625,0.0389169380068779,,,,,,,0.032515041530132294,,,,,186.66985689103603
results/default_config_grid/KSIVI/8_gaussians/20260428_060744/checkpoints/epoch_50000,50000,318.70825569704175,-0.6647197604179382,1.520916160196066,{},,,KSIVI,,,,seed42_ksivi_8_gaussians,42,50000.0,8_gaussians,312.19854736328125,0.28182554244995117,,,,,,,0.03301190212368965,0.3154529631137848,0.031181979924440384,,,318.70825569704175
results/default_config_grid/KSIVI/banana/20260428_060743/checkpoints/epoch_50000,50000,340.83404164761305,-0.045969609171152115,1.5129754953086376,{},,,KSIVI,,,,seed42_ksivi_banana,42,50000.0,banana,334.6076965332031,0.5390708446502686,,,,,,,0.03290848433971405,,,,,340.83404164761305
results/default_config_grid/KSIVI/Bnn_boston/20260428_060744/checkpoints/epoch_100000,100000,1094.3817332312465,,,{},,,KSIVI,2.491804599761963,2.6394035816192627,0.006210580468177795,seed42_ksivi_bnn_boston,42,100000.0,Bnn_boston,1086.902587890625,,,,,,,,,,,,,1094.3817332312465
results/default_config_grid/KSIVI/Bnn_concrete/20260428_060926/checkpoints/epoch_100000,100000,1035.6046351976693,,,{},,,KSIVI,3.2612242698669434,6.341067314147949,0.008935090154409409,seed42_ksivi_bnn_concrete,42,100000.0,Bnn_concrete,1029.443359375,,,,,,,,,,,,,1035.6046351976693
results/default_config_grid/KSIVI/Bnn_power/20260428_061302/checkpoints/epoch_100000,100000,1072.9552523121238,,,{},,,KSIVI,2.8322644233703613,3.952599287033081,0.007747415453195572,seed42_ksivi_bnn_power,42,100000.0,Bnn_power,1044.4501953125,,,,,,,,,,,,,1072.9552523121238
results/default_config_grid/KSIVI/Bnn_protein/20260428_061324/checkpoints/epoch_100000,100000,1050.832125198096,,,{},,,KSIVI,3.022599220275879,4.975890636444092,0.01862933859229088,seed42_ksivi_bnn_protein,42,100000.0,Bnn_protein,1042.503662109375,,,,,,,,,,,,,1050.832125198096
results/default_config_grid/KSIVI/Bnn_winered/20260501_145741/checkpoints/epoch_100000,100000,1043.6281186714768,,,{},,,KSIVI,0.9188027381896973,0.6059798002243042,0.007350005209445953,seed42_ksivi_bnn_winered,42,100000.0,Bnn_winered,1036.3853759765625,,,,,,,,,,,,,1043.6281186714768
results/default_config_grid/KSIVI/Bnn_yacht/20260501_145741/checkpoints/epoch_100000,100000,1020.5871054418385,,,{},,,KSIVI,1.708348274230957,1.3061246871948242,0.0018382221460342407,seed42_ksivi_bnn_yacht,42,100000.0,Bnn_yacht,1012.8951416015625,,,,,,,,,,,,,1020.5871054418385
results/default_config_grid/KSIVI/Langevin_post/20260429_220656/checkpoints/epoch_50000,50000,508.53988256677985,-186.8191680908203,2.448293909430504,{},70.30783081054688,0.6210845857858658,KSIVI,,,,seed42_ksivi_langevin_post,42,50000.0,Langevin_post,501.7134094238281,0.024794043973088264,,,,,,,0.04212887957692146,,,,,508.53988256677985
results/default_config_grid/KSIVI/multimodal/20260428_063610/checkpoints/epoch_50000,50000,398.68117567896843,-0.012054719030857086,1.657157052308321,{},,,KSIVI,,,,seed42_ksivi_multimodal,42,50000.0,multimodal,354.0022888183594,0.10008519142866135,,,,,,,0.03333165869116783,,,,,398.68117567896843
results/default_config_grid/KSIVI/student_uc/20260428_063925/checkpoints/epoch_50000,50000,332.350371286273,-15.871914863586426,1.5194319859147072,{},,,KSIVI,,,,seed42_ksivi_student_uc,42,50000.0,student_uc,326.61309814453125,38.25819778442383,7.045857906341553,0.23994285985827446,3.1089251041412354,7.842947892844677,5.498047828674316,0.7004134133458138,0.03267575055360794,,,5.504299640655518,0.7369581982493401,332.350371286273
results/default_config_grid/KSIVI/x_shaped/20260428_064249/checkpoints/epoch_50000,50000,417.0139540731907,-0.15524174273014069,1.5137157924473286,{},,,KSIVI,,,,seed42_ksivi_x_shaped,42,50000.0,x_shaped,373.9208984375,0.46756038069725037,,,,,,,0.032715924084186554,,,,,417.0139540731907
results/default_config_grid/SIVI/8_gaussians/20260428_064309/checkpoints/epoch_10000,10000,186.0920903198421,-0.1629226803779602,1.510021235793829,{},,,SIVI,,,,seed43_sivi_8_gaussians,43,10000.0,8_gaussians,149.75779724121094,0.14000453054904938,,,,,,,0.03349301591515541,0.15359924733638763,0.04131631180644035,,,186.0920903198421
results/default_config_grid/SIVI/banana/20260428_064431/checkpoints/epoch_10000,10000,155.66676186025143,-0.002852099947631359,1.5094934217631817,{},,,SIVI,,,,seed43_sivi_banana,43,10000.0,banana,151.0214385986328,0.06519202142953873,,,,,,,0.0335669070482254,,,,,155.66676186025143
results/default_config_grid/SIVI/Bnn_boston/20260501_145741/checkpoints/epoch_10000,10000,648.0259589590132,,,{},,,SIVI,2.5553030967712402,3.1683597564697266,0.006447207182645798,seed43_sivi_bnn_boston,43,10000.0,Bnn_boston,554.0723266601562,,,,,,,,,,,,,648.0259589590132
results/default_config_grid/SIVI/Bnn_concrete/20260501_145741/checkpoints/epoch_10000,10000,397.54496014490724,,,{},,,SIVI,3.420642375946045,7.169950008392334,0.007977351546287537,seed43_sivi_bnn_concrete,43,10000.0,Bnn_concrete,391.4418640136719,,,,,,,,,,,,,397.54496014490724
results/default_config_grid/SIVI/Bnn_power/20260501_150418/checkpoints/epoch_10000,10000,268.8989696390927,,,{},,,SIVI,2.7958340644836426,3.903400182723999,0.007870480418205261,seed43_sivi_bnn_power,43,10000.0,Bnn_power,262.5873718261719,,,,,,,,,,,,,268.8989696390927
results/default_config_grid/SIVI/Bnn_protein/20260501_150828/checkpoints/epoch_10000,10000,434.11822597309947,,,{},,,SIVI,3.0109047889709473,4.852931499481201,0.018575966358184814,seed43_sivi_bnn_protein,43,10000.0,Bnn_protein,427.5766906738281,,,,,,,,,,,,,434.11822597309947
results/default_config_grid/SIVI/Bnn_winered/20260501_150847/checkpoints/epoch_10000,10000,622.6969723254442,,,{},,,SIVI,0.9531669616699219,0.631254255771637,0.006854671984910965,seed43_sivi_bnn_winered,43,10000.0,Bnn_winered,487.1671142578125,,,,,,,,,,,,,622.6969723254442
results/default_config_grid/SIVI/Bnn_yacht/20260501_151441/checkpoints/epoch_10000,10000,332.4367204941809,,,{},,,SIVI,1.7966866493225098,1.7350293397903442,0.0018513686954975128,seed43_sivi_bnn_yacht,43,10000.0,Bnn_yacht,326.0680236816406,,,,,,,,,,,,,332.4367204941809
results/default_config_grid/SIVI/Langevin_post/20260429_220705/checkpoints/epoch_10000,10000,328.8618092276156,-178.47068786621094,2.4357076473534107,{},58.07237243652344,0.618966281414032,SIVI,,,,seed43_sivi_langevin_post,43,10000.0,Langevin_post,322.2794189453125,0.03447863087058067,,,,,,,0.0700220949947834,,,,,328.8618092276156
results/default_config_grid/SIVI/multimodal/20260428_065849/checkpoints/epoch_10000,10000,157.16264567896724,-0.0015825697919353843,1.6526786759495735,{},,,SIVI,,,,seed43_sivi_multimodal,43,10000.0,multimodal,152.55514526367188,0.03355133533477783,,,,,,,0.03611407056450844,,,,,157.16264567896724
results/default_config_grid/SIVI/student_uc/20260428_070030/checkpoints/epoch_10000,10000,154.33674986287951,-2.6744725704193115,1.517582256346941,{},,,SIVI,,,,seed43_sivi_student_uc,43,10000.0,student_uc,149.09640502929688,0.6071790456771851,0.1501166969537735,0.03396545350551605,0.04362973943352699,0.035704851150512695,0.11084472388029099,0.03402520716190338,0.03267192095518112,,,0.141289621591568,0.03446843847632408,154.33674986287951
results/default_config_grid/SIVI/x_shaped/20260428_070030/checkpoints/epoch_10000,10000,158.40036166086793,-0.001883668708615005,1.505874626338482,{},,,SIVI,,,,seed43_sivi_x_shaped,43,10000.0,x_shaped,151.3874969482422,0.03869248926639557,,,,,,,0.03357778117060661,,,,,158.40036166086793
results/default_config_grid/UIVI/8_gaussians/20260428_070030/checkpoints/epoch_10000,10000,778.0180663131177,-0.7619037628173828,1.5008909478783607,{},,,UIVI,,,,seed43_uivi_8_gaussians,43,10000.0,8_gaussians,755.5010375976562,0.39263156056404114,,,,,,,0.03284001350402832,0.4344196617603302,0.03132791444659233,,,778.0180663131177
results/default_config_grid/UIVI/banana/20260428_070126/checkpoints/epoch_10000,10000,834.597379270941,-0.026301184669137,1.4958933740854263,{},,,UIVI,,,,seed43_uivi_banana,43,10000.0,banana,797.550048828125,0.3573576509952545,,,,,,,0.032882969826459885,,,,,834.597379270941
results/default_config_grid/UIVI/Bnn_boston/20260501_151504/checkpoints/epoch_10000,10000,890.3451053351164,,,{},,,UIVI,2.642256736755371,3.577101707458496,0.006453603506088257,seed43_uivi_bnn_boston,43,10000.0,Bnn_boston,738.5994873046875,,,,,,,,,,,,,890.3451053351164
results/default_config_grid/UIVI/Bnn_concrete/20260501_151543/checkpoints/epoch_10000,10000,851.494684483856,,,{},,,UIVI,3.470404624938965,7.795164585113525,0.008352607488632202,seed43_uivi_bnn_concrete,43,10000.0,Bnn_concrete,750.7006225585938,,,,,,,,,,,,,851.494684483856
results/default_config_grid/UIVI/Bnn_power/20260501_151910/checkpoints/epoch_10000,10000,751.3058193363249,,,{},,,UIVI,2.804321765899658,3.9315292835235596,0.007528480142354965,seed43_uivi_bnn_power,43,10000.0,Bnn_power,745.1043090820312,,,,,,,,,,,,,751.3058193363249
results/default_config_grid/UIVI/Bnn_protein/20260501_152014/checkpoints/epoch_10000,10000,905.7966023795307,,,{},,,UIVI,3.0310773849487305,5.033489227294922,0.018067259341478348,seed43_uivi_bnn_protein,43,10000.0,Bnn_protein,756.6575927734375,,,,,,,,,,,,,905.7966023795307
results/default_config_grid/UIVI/Bnn_winered/20260501_152954/checkpoints/epoch_10000,10000,969.4016501046717,,,{},,,UIVI,0.9631085395812988,0.6368675827980042,0.0056607164442539215,seed43_uivi_bnn_winered,43,10000.0,Bnn_winered,766.951904296875,,,,,,,,,,,,,969.4016501046717
results/default_config_grid/UIVI/Bnn_yacht/20260501_152955/checkpoints/epoch_10000,10000,969.4288423471153,,,{},,,UIVI,2.3277339935302734,2.5977847576141357,0.001445583999156952,seed43_uivi_bnn_yacht,43,10000.0,Bnn_yacht,770.94384765625,,,,,,,,,,,,,969.4288423471153
results/default_config_grid/UIVI/Langevin_post/20260429_221235/checkpoints/epoch_10000,10000,707.0334705449641,-185.1363525390625,2.43489383533597,{},22.051416397094727,0.617487046867609,UIVI,,,,seed43_uivi_langevin_post,43,10000.0,Langevin_post,698.3778076171875,0.046097204089164734,,,,,,,0.04169248417019844,,,,,707.0334705449641
results/default_config_grid/UIVI/multimodal/20260428_072725/checkpoints/epoch_10000,10000,805.942174077034,-0.0356932170689106,1.587763451039791,{},,,UIVI,,,,seed43_uivi_multimodal,43,10000.0,multimodal,799.8487548828125,0.11268443614244461,,,,,,,0.03324756398797035,,,,,805.942174077034
results/default_config_grid/UIVI/student_uc/20260428_072731/checkpoints/epoch_10000,10000,767.5087932422757,-2.6845040321350098,1.5161094553768635,{},,,UIVI,,,,seed43_uivi_student_uc,43,10000.0,student_uc,746.8328857421875,0.638502299785614,0.18341509997844696,0.03863508626818657,0.055728767067193985,0.03668246790766716,0.14105546474456787,0.035208266228437424,0.03406592085957527,,,0.16807793080806732,0.03554683178663254,767.5087932422757
results/default_config_grid/UIVI/x_shaped/20260428_073822/checkpoints/epoch_10000,10000,767.8117381185293,-0.004279607441276312,1.4892815090715885,{},,,UIVI,,,,seed43_uivi_x_shaped,43,10000.0,x_shaped,762.3152465820312,0.07296329736709595,,,,,,,0.049066122621297836,,,,,767.8117381185293
results/default_config_grid/AISIVI/8_gaussians/20260428_075233/checkpoints/epoch_10000,10000,344.069980006665,-37.086585998535156,1.486823670566082,{},,,AISIVI,,,,seed43_aisivi_8_gaussians,43,10000.0,8_gaussians,326.5821228027344,2.904745578765869,,,,,,,0.033496301621198654,1.2555447816848755,0.031332727521657944,,,344.069980006665
results/default_config_grid/AISIVI/banana/20260428_075413/checkpoints/epoch_10000,10000,368.31126495450735,-0.0031584694515913725,1.4823278672993183,{},,,AISIVI,,,,seed43_aisivi_banana,43,10000.0,banana,342.2242431640625,0.10895490646362305,,,,,,,0.03316425159573555,,,,,368.31126495450735
results/default_config_grid/AISIVI/Bnn_boston/20260501_153142/checkpoints/epoch_10000,10000,862.6360138244927,,,{},,,AISIVI,2.6347737312316895,3.502469778060913,0.0048930346965789795,seed43_aisivi_bnn_boston,43,10000.0,Bnn_boston,680.9014282226562,,,,,,,,,,,,,862.6360138244927
results/default_config_grid/AISIVI/Bnn_concrete/20260501_153520/checkpoints/epoch_10000,10000,644.5132546275854,,,{},,,AISIVI,3.7265021800994873,9.458348274230957,0.0031180083751678467,seed43_aisivi_bnn_concrete,43,10000.0,Bnn_concrete,620.5275268554688,,,,,,,,,,,,,644.5132546275854
results/default_config_grid/AISIVI/Bnn_power/20260501_154605/checkpoints/epoch_10000,10000,647.5740613751113,,,{},,,AISIVI,2.8179616928100586,3.9329452514648438,0.0037442222237586975,seed43_aisivi_bnn_power,43,10000.0,Bnn_power,571.2734375,,,,,,,,,,,,,647.5740613751113
results/default_config_grid/AISIVI/Bnn_protein/20260501_154605/checkpoints/epoch_10000,10000,647.6028608605266,,,{},,,AISIVI,3.0283985137939453,4.963756561279297,0.013536110520362854,seed43_aisivi_bnn_protein,43,10000.0,Bnn_protein,623.1151733398438,,,,,,,,,,,,,647.6028608605266
results/default_config_grid/AISIVI/Bnn_winered/20260501_154605/checkpoints/epoch_10000,10000,686.7991898469627,,,{},,,AISIVI,0.8997039794921875,0.5962861180305481,0.0025168657302856445,seed43_aisivi_bnn_winered,43,10000.0,Bnn_winered,664.2232666015625,,,,,,,,,,,,,686.7991898469627
results/default_config_grid/AISIVI/Bnn_yacht/20260501_154605/checkpoints/epoch_10000,10000,647.5937924087048,,,{},,,AISIVI,2.1273746490478516,2.287597894668579,0.0016946829855442047,seed43_aisivi_bnn_yacht,43,10000.0,Bnn_yacht,604.267333984375,,,,,,,,,,,,,647.5937924087048
results/default_config_grid/AISIVI/Langevin_post/20260429_221324/checkpoints/epoch_10000,10000,717.2218800224364,-199.2086639404297,2.437233831733465,{},74.74982452392578,0.6184378676116467,AISIVI,,,,seed43_aisivi_langevin_post,43,10000.0,Langevin_post,648.2958984375,0.011938270181417465,,,,,,,0.04311222955584526,,,,,717.2218800224364
results/default_config_grid/AISIVI/multimodal/20260428_081710/checkpoints/epoch_10000,10000,386.94634249806404,-0.00026987609453499317,1.5611871294677258,{},,,AISIVI,,,,seed43_aisivi_multimodal,43,10000.0,multimodal,340.4879455566406,0.03695465251803398,,,,,,,0.03412444517016411,,,,,386.94634249806404
results/default_config_grid/AISIVI/student_uc/20260428_081953/checkpoints/epoch_10000,10000,355.3716612420976,-2.69097638130188,1.5416344478726387,{},,,AISIVI,,,,seed43_aisivi_student_uc,43,10000.0,student_uc,335.22430419921875,0.4773348569869995,0.18642888963222504,0.05741524323821068,0.0788150206208229,0.04131422936916351,0.14887289702892303,0.03469522297382355,0.033233143389225006,,,0.11232101917266846,0.034685391932725906,355.3716612420976
results/default_config_grid/AISIVI/x_shaped/20260428_082128/checkpoints/epoch_10000,10000,392.29493986070156,-0.0008143293671309948,1.4926704987883568,{},,,AISIVI,,,,seed43_aisivi_x_shaped,43,10000.0,x_shaped,347.00531005859375,0.04482949525117874,,,,,,,0.03512580692768097,,,,,392.29493986070156
results/default_config_grid/DSIVI/8_gaussians/20260428_082337/checkpoints/epoch_10000,10000,263.39862145110965,-0.11040998250246048,1.4856003560125828,{},,,DSIVI,,,,seed43_dsivi_8_gaussians,43,10000.0,8_gaussians,186.8062286376953,0.11254941672086716,,,,,,,0.035871658474206924,0.14231359958648682,0.03169352188706398,,,263.39862145110965
results/default_config_grid/DSIVI/banana/20260428_082337/checkpoints/epoch_10000,10000,263.40234960988164,-0.006326813716441393,1.5001188665628433,{},,,DSIVI,,,,seed43_dsivi_banana,43,10000.0,banana,189.6662139892578,0.12372028082609177,,,,,,,0.03329235315322876,,,,,263.40234960988164
results/default_config_grid/DSIVI/Bnn_boston/20260428_082548/checkpoints/epoch_10000,10000,131.94745184853673,,,{},,,DSIVI,2.420903205871582,2.4015982151031494,0.006093226373195648,seed43_dsivi_bnn_boston,43,10000.0,Bnn_boston,114.8592300415039,,,,,,,,,,,,,131.94745184853673
results/default_config_grid/DSIVI/Bnn_concrete/20260428_082801/checkpoints/epoch_10000,10000,137.62178632244468,,,{},,,DSIVI,3.252751350402832,6.194650650024414,0.008368510752916336,seed43_dsivi_bnn_concrete,43,10000.0,Bnn_concrete,120.00707244873047,,,,,,,,,,,,,137.62178632244468
results/default_config_grid/DSIVI/Bnn_power/20260428_082800/checkpoints/epoch_10000,10000,135.40797327831388,,,{},,,DSIVI,2.7769908905029297,3.8583457469940186,0.00497061014175415,seed43_dsivi_bnn_power,43,10000.0,Bnn_power,113.64954376220703,,,,,,,,,,,,,135.40797327831388
results/default_config_grid/DSIVI/Bnn_protein/20260428_082800/checkpoints/epoch_10000,10000,135.40812831744552,,,{},,,DSIVI,2.933774948120117,4.521822452545166,0.013509426265954971,seed43_dsivi_bnn_protein,43,10000.0,Bnn_protein,118.67977142333984,,,,,,,,,,,,,135.40812831744552
results/default_config_grid/DSIVI/Bnn_winered/20260501_155652/checkpoints/epoch_10000,10000,320.207043543458,,,{},,,DSIVI,0.9442877769470215,0.6211628317832947,0.0030327066779136658,seed43_dsivi_bnn_winered,43,10000.0,Bnn_winered,116.4158935546875,,,,,,,,,,,,,320.207043543458
results/default_config_grid/DSIVI/Bnn_yacht/20260501_155652/checkpoints/epoch_10000,10000,320.23586321622133,,,{},,,DSIVI,1.6193184852600098,1.3907114267349243,0.0015399456024169922,seed43_dsivi_bnn_yacht,43,10000.0,Bnn_yacht,112.56452941894531,,,,,,,,,,,,,320.23586321622133
results/default_config_grid/DSIVI/Langevin_post/20260429_221335/checkpoints/epoch_10000,10000,319.12372890114784,-194.09149169921875,2.4388684518635273,{},75.14397430419922,0.6177234314382076,DSIVI,,,,seed43_dsivi_langevin_post,43,10000.0,Langevin_post,289.7665710449219,0.009390135295689106,,,,,,,0.043100811541080475,,,,,319.12372890114784
results/default_config_grid/DSIVI/multimodal/20260428_083018/checkpoints/epoch_10000,10000,183.3484235741198,-0.0001715301477815956,1.5788240358233452,{},,,DSIVI,,,,seed43_dsivi_multimodal,43,10000.0,multimodal,177.35205078125,0.03947226703166962,,,,,,,0.03326169401407242,,,,,183.3484235741198
results/default_config_grid/DSIVI/student_uc/20260428_083235/checkpoints/epoch_10000,10000,187.80122029781342,-2.6820662021636963,1.5517461448907852,{},,,DSIVI,,,,seed43_dsivi_student_uc,43,10000.0,student_uc,180.33221435546875,1.1618342399597168,0.13676755130290985,0.0360712856054306,0.05241774767637253,0.0340874046087265,0.07878274470567703,0.03396102413535118,0.03260200098156929,,,0.09836442023515701,0.03471459820866585,187.80122029781342
results/default_config_grid/DSIVI/x_shaped/20260428_083321/checkpoints/epoch_10000,10000,238.20184142887592,-0.008920907974243164,1.4959496408700943,{},,,DSIVI,,,,seed43_dsivi_x_shaped,43,10000.0,x_shaped,182.24102783203125,0.08934614807367325,,,,,,,0.03339660167694092,,,,,238.20184142887592
results/default_config_grid/KSIVI/8_gaussians/20260428_083331/checkpoints/epoch_50000,50000,370.96200750768185,-0.6493879556655884,1.4983953535556793,{},,,KSIVI,,,,seed43_ksivi_8_gaussians,43,50000.0,8_gaussians,309.6407775878906,0.2930130660533905,,,,,,,0.03329092636704445,0.25090059638023376,0.03264507278800011,,,370.96200750768185
results/default_config_grid/KSIVI/banana/20260428_083514/checkpoints/epoch_50000,50000,411.41880478337407,-0.04447868838906288,1.4927807301282883,{},,,KSIVI,,,,seed43_ksivi_banana,43,50000.0,banana,341.832763671875,0.48667243123054504,,,,,,,0.038218725472688675,,,,,411.41880478337407
results/default_config_grid/KSIVI/Bnn_boston/20260428_083543/checkpoints/epoch_100000,100000,1020.6957593038678,,,{},,,KSIVI,2.488408088684082,2.7062060832977295,0.006487052887678146,seed43_ksivi_bnn_boston,43,100000.0,Bnn_boston,1013.139404296875,,,,,,,,,,,,,1020.6957593038678
results/default_config_grid/KSIVI/Bnn_concrete/20260428_083719/checkpoints/epoch_100000,100000,1028.2751040533185,,,{},,,KSIVI,3.2705235481262207,6.3885931968688965,0.0083996020257473,seed43_ksivi_bnn_concrete,43,100000.0,Bnn_concrete,1022.5185546875,,,,,,,,,,,,,1028.2751040533185
results/default_config_grid/KSIVI/Bnn_power/20260428_083942/checkpoints/epoch_100000,100000,1020.9383665062487,,,{},,,KSIVI,2.9804744720458984,4.343775272369385,0.007694881409406662,seed43_ksivi_bnn_power,43,100000.0,Bnn_power,1014.40576171875,,,,,,,,,,,,,1020.9383665062487
results/default_config_grid/KSIVI/Bnn_protein/20260428_084206/checkpoints/epoch_100000,100000,1052.6530926935375,,,{},,,KSIVI,3.0212645530700684,4.968613147735596,0.0161077119410038,seed43_ksivi_bnn_protein,43,100000.0,Bnn_protein,1045.5128173828125,,,,,,,,,,,,,1052.6530926935375
results/default_config_grid/KSIVI/Bnn_winered/20260501_155653/checkpoints/epoch_100000,100000,1012.9903045445681,,,{},,,KSIVI,0.9053215980529785,0.5983932018280029,0.0022774487733840942,seed43_ksivi_bnn_winered,43,100000.0,Bnn_winered,1006.1581420898438,,,,,,,,,,,,,1012.9903045445681
results/default_config_grid/KSIVI/Bnn_yacht/20260501_155731/checkpoints/epoch_100000,100000,1248.0921865701675,,,{},,,KSIVI,1.6298089027404785,1.2623695135116577,0.0015061795711517334,seed43_ksivi_bnn_yacht,43,100000.0,Bnn_yacht,1088.5355224609375,,,,,,,,,,,,,1248.0921865701675
results/default_config_grid/KSIVI/Langevin_post/20260429_221534/checkpoints/epoch_50000,50000,507.8602912724018,-186.97360229492188,2.4379328414797783,{},72.4200439453125,0.6162433698773384,KSIVI,,,,seed43_ksivi_langevin_post,43,50000.0,Langevin_post,500.365478515625,0.020060138776898384,,,,,,,0.041819579899311066,,,,,507.8602912724018
results/default_config_grid/KSIVI/multimodal/20260428_090627/checkpoints/epoch_50000,50000,352.54063234850764,-0.008448818698525429,1.5784000977873802,{},,,KSIVI,,,,seed43_ksivi_multimodal,43,50000.0,multimodal,345.98052978515625,0.08231247216463089,,,,,,,0.03346332907676697,,,,,352.54063234850764
results/default_config_grid/KSIVI/student_uc/20260428_090627/checkpoints/epoch_50000,50000,336.30617256090045,-15.19796371459961,1.5141289941966534,{},,,KSIVI,,,,seed43_ksivi_student_uc,43,50000.0,student_uc,329.7987976074219,37.2018928527832,5.435849666595459,0.05201984569430351,2.505978584289551,0.08591130748391151,4.258068561553955,0.05746983736753464,0.03312619775533676,,,4.247557163238525,0.06255809590220451,336.30617256090045
results/default_config_grid/KSIVI/x_shaped/20260428_090921/checkpoints/epoch_50000,50000,421.5123687721789,-0.11801430583000183,1.487689919769764,{},,,KSIVI,,,,seed43_ksivi_x_shaped,43,50000.0,x_shaped,377.62652587890625,0.3840506374835968,,,,,,,0.03302439674735069,,,,,421.5123687721789
results/default_config_grid/SIVI/8_gaussians/20260428_091123/checkpoints/epoch_10000,10000,156.75745730102062,-0.3486245274543762,1.490915946662426,{},,,SIVI,,,,seed44_sivi_8_gaussians,44,10000.0,8_gaussians,150.60276794433594,0.6634747385978699,,,,,,,0.03383990749716759,0.64838045835495,0.04373571276664734,,,156.75745730102062
results/default_config_grid/SIVI/banana/20260428_091204/checkpoints/epoch_10000,10000,158.78600896522403,-0.0008087074966169894,1.4852397181093693,{},,,SIVI,,,,seed44_sivi_banana,44,10000.0,banana,153.52096557617188,0.05964377522468567,,,,,,,0.03327668458223343,,,,,158.78600896522403
results/default_config_grid/SIVI/Bnn_boston/20260501_160212/checkpoints/epoch_10000,10000,645.3002692312002,,,{},,,SIVI,2.507697582244873,2.786198377609253,0.00809519737958908,seed44_sivi_bnn_boston,44,10000.0,Bnn_boston,553.1558837890625,,,,,,,,,,,,,645.3002692312002
results/default_config_grid/SIVI/Bnn_concrete/20260501_160213/checkpoints/epoch_10000,10000,397.8478683717549,,,{},,,SIVI,3.3669795989990234,6.836118698120117,0.007982298731803894,seed44_sivi_bnn_concrete,44,10000.0,Bnn_concrete,390.73040771484375,,,,,,,,,,,,,397.8478683717549
results/default_config_grid/SIVI/Bnn_power/20260501_160851/checkpoints/epoch_10000,10000,269.90630961582065,,,{},,,SIVI,2.806030750274658,3.9551258087158203,0.00498441606760025,seed44_sivi_bnn_power,44,10000.0,Bnn_power,262.79986572265625,,,,,,,,,,,,,269.90630961582065
results/default_config_grid/SIVI/Bnn_protein/20260501_161258/checkpoints/epoch_10000,10000,434.51805190742016,,,{},,,SIVI,3.012563705444336,4.85061502456665,0.01378832757472992,seed44_sivi_bnn_protein,44,10000.0,Bnn_protein,428.5716552734375,,,,,,,,,,,,,434.51805190742016
results/default_config_grid/SIVI/Bnn_winered/20260501_161320/checkpoints/epoch_10000,10000,620.4230817742646,,,{},,,SIVI,0.9132676124572754,0.6064825654029846,0.003303293138742447,seed44_sivi_bnn_winered,44,10000.0,Bnn_winered,488.21588134765625,,,,,,,,,,,,,620.4230817742646
results/default_config_grid/SIVI/Bnn_yacht/20260501_161345/checkpoints/epoch_10000,10000,331.4466808475554,,,{},,,SIVI,1.8015036582946777,2.0061638355255127,0.0019030198454856873,seed44_sivi_bnn_yacht,44,10000.0,Bnn_yacht,325.5166931152344,,,,,,,,,,,,,331.4466808475554
results/default_config_grid/SIVI/Langevin_post/20260429_221903/checkpoints/epoch_10000,10000,339.14538230374455,-178.53404235839844,2.4401734471321106,{},58.71653747558594,0.6169326566159725,SIVI,,,,seed44_sivi_langevin_post,44,10000.0,Langevin_post,324.5411376953125,0.0343194454908371,,,,,,,0.0460527278482914,,,,,339.14538230374455
results/default_config_grid/SIVI/multimodal/20260428_092654/checkpoints/epoch_10000,10000,156.92709025740623,-0.0012088167713955045,1.580332238227129,{},,,SIVI,,,,seed44_sivi_multimodal,44,10000.0,multimodal,150.26173400878906,0.02799571305513382,,,,,,,0.03395164757966995,,,,,156.92709025740623
results/default_config_grid/SIVI/student_uc/20260428_092710/checkpoints/epoch_10000,10000,154.90654603391886,-2.6742007732391357,1.5056768208742142,{},,,SIVI,,,,seed44_sivi_student_uc,44,10000.0,student_uc,150.06338500976562,1.163596510887146,0.15921664237976074,0.03811139613389969,0.05341990292072296,0.03417431190609932,0.1492857038974762,0.034023184329271317,0.03258828446269035,,,0.0857178345322609,0.040417879819869995,154.90654603391886
results/default_config_grid/SIVI/x_shaped/20260428_092716/checkpoints/epoch_10000,10000,156.93855937942863,-0.0003710300079546869,1.5054533556103706,{},,,SIVI,,,,seed44_sivi_x_shaped,44,10000.0,x_shaped,151.5305938720703,0.06153198704123497,,,,,,,0.03250434622168541,,,,,156.93855937942863
results/default_config_grid/UIVI/8_gaussians/20260428_092724/checkpoints/epoch_10000,10000,740.1965826638043,-0.833102822303772,1.498359501361847,{},,,UIVI,,,,seed44_uivi_8_gaussians,44,10000.0,8_gaussians,734.4982299804688,0.2153659164905548,,,,,,,0.03241067752242088,0.22328156232833862,0.030703064054250717,,,740.1965826638043
results/default_config_grid/UIVI/banana/20260428_092931/checkpoints/epoch_10000,10000,763.2840383686125,-0.026752440258860588,1.4944956228137016,{},,,UIVI,,,,seed44_uivi_banana,44,10000.0,banana,737.9550170898438,0.37117448449134827,,,,,,,0.032424166798591614,,,,,763.2840383686125
results/default_config_grid/UIVI/Bnn_boston/20260501_161819/checkpoints/epoch_10000,10000,753.7809019424021,,,{},,,UIVI,2.4931297302246094,2.6905558109283447,0.006510794162750244,seed44_uivi_bnn_boston,44,10000.0,Bnn_boston,747.2891235351562,,,,,,,,,,,,,753.7809019424021
results/default_config_grid/UIVI/Bnn_concrete/20260501_161917/checkpoints/epoch_10000,10000,909.1344947107136,,,{},,,UIVI,3.521280288696289,7.53800106048584,0.008420072495937347,seed44_uivi_bnn_concrete,44,10000.0,Bnn_concrete,729.6950073242188,,,,,,,,,,,,,909.1344947107136
results/default_config_grid/UIVI/Bnn_power/20260501_162012/checkpoints/epoch_10000,10000,853.5772167779505,,,{},,,UIVI,2.8170604705810547,3.999253988265991,0.007419180124998093,seed44_uivi_bnn_power,44,10000.0,Bnn_power,774.63916015625,,,,,,,,,,,,,853.5772167779505
results/default_config_grid/UIVI/Bnn_protein/20260501_162341/checkpoints/epoch_10000,10000,967.575872618705,,,{},,,UIVI,3.021312713623047,5.006368160247803,0.014346513897180557,seed44_uivi_bnn_protein,44,10000.0,Bnn_protein,759.3408813476562,,,,,,,,,,,,,967.575872618705
results/default_config_grid/UIVI/Bnn_winered/20260501_163053/checkpoints/epoch_10000,10000,856.5333572663367,,,{},,,UIVI,0.9438061714172363,0.6227340698242188,0.0022446811199188232,seed44_uivi_bnn_winered,44,10000.0,Bnn_winered,747.759521484375,,,,,,,,,,,,,856.5333572663367
results/default_config_grid/UIVI/Bnn_yacht/20260501_163426/checkpoints/epoch_10000,10000,763.0455683283508,,,{},,,UIVI,2.040252208709717,2.4012322425842285,0.0014355815947055817,seed44_uivi_bnn_yacht,44,10000.0,Bnn_yacht,756.2849731445312,,,,,,,,,,,,,763.0455683283508
results/default_config_grid/UIVI/Langevin_post/20260429_222402/checkpoints/epoch_10000,10000,726.692466981709,-185.2064208984375,2.4388489723205566,{},22.13947868347168,0.6183713786303997,UIVI,,,,seed44_uivi_langevin_post,44,10000.0,Langevin_post,720.20263671875,0.046403463929891586,,,,,,,0.04401859641075134,,,,,726.692466981709
results/default_config_grid/UIVI/multimodal/20260428_095528/checkpoints/epoch_10000,10000,810.546896148473,-0.02457825466990471,1.5778445899486542,{},,,UIVI,,,,seed44_uivi_multimodal,44,10000.0,multimodal,751.2822875976562,0.11365421861410141,,,,,,,0.033287763595581055,,,,,810.546896148473
results/default_config_grid/UIVI/student_uc/20260428_095528/checkpoints/epoch_10000,10000,810.5548710115254,-2.689011335372925,1.5132961757481098,{},,,UIVI,,,,seed44_uivi_student_uc,44,10000.0,student_uc,745.8321533203125,1.1805468797683716,0.20597432553768158,0.03316769748926163,0.0695793405175209,0.033259373158216476,0.19319559633731842,0.03389793634414673,0.03354134410619736,,,0.1268129050731659,0.03395639732480049,810.5548710115254
results/default_config_grid/UIVI/x_shaped/20260428_100615/checkpoints/epoch_10000,10000,821.1921627745032,-0.17063787579536438,1.5011993199586868,{},,,UIVI,,,,seed44_uivi_x_shaped,44,10000.0,x_shaped,749.4286499023438,0.4019912779331207,,,,,,,0.03290920704603195,,,,,821.1921627745032
results/default_config_grid/AISIVI/8_gaussians/20260428_101957/checkpoints/epoch_10000,10000,348.19190096855164,-0.39103758335113525,1.505597546696663,{},,,AISIVI,,,,seed44_aisivi_8_gaussians,44,10000.0,8_gaussians,333.9855041503906,0.580406129360199,,,,,,,0.0378413051366806,0.5787938833236694,0.031360965222120285,,,348.19190096855164
results/default_config_grid/AISIVI/banana/20260428_102533/checkpoints/epoch_10000,10000,348.0815946944058,-266.2073059082031,1.4999378956854343,{},,,AISIVI,,,,seed44_aisivi_banana,44,10000.0,banana,334.8671875,253.68638610839844,,,,,,,0.03305501118302345,,,,,348.0815946944058
results/default_config_grid/AISIVI/Bnn_boston/20260501_163426/checkpoints/epoch_10000,10000,688.8552700132132,,,{},,,AISIVI,2.5000147819519043,2.7151434421539307,0.00484071671962738,seed44_aisivi_bnn_boston,44,10000.0,Bnn_boston,668.9176635742188,,,,,,,,,,,,,688.8552700132132
results/default_config_grid/AISIVI/Bnn_concrete/20260501_163949/checkpoints/epoch_10000,10000,642.8411415368319,,,{},,,AISIVI,3.6071219444274902,8.208161354064941,0.002597857266664505,seed44_aisivi_bnn_concrete,44,10000.0,Bnn_concrete,611.0726318359375,,,,,,,,,,,,,642.8411415368319
results/default_config_grid/AISIVI/Bnn_power/20260501_164510/checkpoints/epoch_10000,10000,646.1971073560417,,,{},,,AISIVI,2.831078052520752,4.048335552215576,0.0035720765590667725,seed44_aisivi_bnn_power,44,10000.0,Bnn_power,564.461669921875,,,,,,,,,,,,,646.1971073560417
results/default_config_grid/AISIVI/Bnn_protein/20260501_164555/checkpoints/epoch_10000,10000,640.086608581245,,,{},,,AISIVI,3.0394339561462402,4.991610050201416,0.013362105935811996,seed44_aisivi_bnn_protein,44,10000.0,Bnn_protein,621.7536010742188,,,,,,,,,,,,,640.086608581245
results/default_config_grid/AISIVI/Bnn_winered/20260501_165032/checkpoints/epoch_10000,10000,680.6443934962153,,,{},,,AISIVI,0.9145684242248535,0.6050947904586792,0.001736074686050415,seed44_aisivi_bnn_winered,44,10000.0,Bnn_winered,658.7312622070312,,,,,,,,,,,,,680.6443934962153
results/default_config_grid/AISIVI/Bnn_yacht/20260501_165032/checkpoints/epoch_10000,10000,645.1776400357485,,,{},,,AISIVI,1.9164237976074219,2.2086682319641113,0.001383766531944275,seed44_aisivi_bnn_yacht,44,10000.0,Bnn_yacht,605.7461547851562,,,,,,,,,,,,,645.1776400357485
results/default_config_grid/AISIVI/Langevin_post/20260429_222422/checkpoints/epoch_10000,10000,706.5705627910793,-199.13194274902344,2.4392753280699253,{},74.77674102783203,0.617297388613224,AISIVI,,,,seed44_aisivi_langevin_post,44,10000.0,Langevin_post,637.3975830078125,0.01163572259247303,,,,,,,0.043689411133527756,,,,,706.5705627910793
results/default_config_grid/AISIVI/multimodal/20260428_104833/checkpoints/epoch_10000,10000,354.4626398012042,-0.0005719516193494201,1.5518477261066437,{},,,AISIVI,,,,seed44_aisivi_multimodal,44,10000.0,multimodal,334.6250915527344,0.028698060661554337,,,,,,,0.0333278626203537,,,,,354.4626398012042
results/default_config_grid/AISIVI/student_uc/20260428_104833/checkpoints/epoch_10000,10000,354.46535440534353,-2.6843721866607666,1.5570814050734043,{},,,AISIVI,,,,seed44_aisivi_student_uc,44,10000.0,student_uc,333.01788330078125,1.2244994640350342,0.1834898740053177,0.033906612545251846,0.05898600071668625,0.033364225178956985,0.18081144988536835,0.03771062195301056,0.033047035336494446,,,0.16815762221813202,0.03378216549754143,354.46535440534353
results/default_config_grid/AISIVI/x_shaped/20260428_104833/checkpoints/epoch_10000,10000,364.63882495835423,-0.006984198931604624,1.506247490644455,{},,,AISIVI,,,,seed44_aisivi_x_shaped,44,10000.0,x_shaped,350.4332580566406,0.06310392171144485,,,,,,,0.03261873498558998,,,,,364.63882495835423
results/default_config_grid/DSIVI/8_gaussians/20260428_104907/checkpoints/epoch_10000,10000,191.47979537025094,-0.7670396566390991,1.4964884631335735,{},,,DSIVI,,,,seed44_dsivi_8_gaussians,44,10000.0,8_gaussians,183.8259735107422,0.3104345202445984,,,,,,,0.03251072019338608,0.2884118854999542,0.03179636970162392,,,191.47979537025094
results/default_config_grid/DSIVI/banana/20260428_105219/checkpoints/epoch_10000,10000,309.1106362491846,-0.0024942862801253796,1.4981822222471237,{},,,DSIVI,,,,seed44_dsivi_banana,44,10000.0,banana,181.14425659179688,0.11178386211395264,,,,,,,0.033258505165576935,,,,,309.1106362491846
results/default_config_grid/DSIVI/Bnn_boston/20260428_105428/checkpoints/epoch_10000,10000,180.69667968153954,,,{},,,DSIVI,2.454585552215576,2.5757391452789307,0.005575984716415405,seed44_dsivi_bnn_boston,44,10000.0,Bnn_boston,110.43839263916016,,,,,,,,,,,,,180.69667968153954
results/default_config_grid/DSIVI/Bnn_concrete/20260428_105427/checkpoints/epoch_10000,10000,180.72628964856267,,,{},,,DSIVI,3.310171127319336,6.480368614196777,0.006952002644538879,seed44_dsivi_bnn_concrete,44,10000.0,Bnn_concrete,109.2092056274414,,,,,,,,,,,,,180.72628964856267
results/default_config_grid/DSIVI/Bnn_power/20260428_105437/checkpoints/epoch_10000,10000,170.56846534833312,,,{},,,DSIVI,2.7756643295288086,3.8524959087371826,0.004435710608959198,seed44_dsivi_bnn_power,44,10000.0,Bnn_power,109.23602294921875,,,,,,,,,,,,,170.56846534833312
results/default_config_grid/DSIVI/Bnn_protein/20260428_105728/checkpoints/epoch_10000,10000,184.03440184146166,,,{},,,DSIVI,2.9307031631469727,4.510737419128418,0.01344437524676323,seed44_dsivi_bnn_protein,44,10000.0,Bnn_protein,112.4515380859375,,,,,,,,,,,,,184.03440184146166
results/default_config_grid/DSIVI/Bnn_winered/20260501_165556/checkpoints/epoch_10000,10000,320.69585882872343,,,{},,,DSIVI,0.9373283386230469,0.6171026229858398,0.002275761216878891,seed44_dsivi_bnn_winered,44,10000.0,Bnn_winered,119.5613784790039,,,,,,,,,,,,,320.69585882872343
results/default_config_grid/DSIVI/Bnn_yacht/20260501_165635/checkpoints/epoch_10000,10000,281.6065934598446,,,{},,,DSIVI,1.9279813766479492,1.5472148656845093,0.0014210976660251617,seed44_dsivi_bnn_yacht,44,10000.0,Bnn_yacht,115.19137573242188,,,,,,,,,,,,,281.6065934598446
results/default_config_grid/DSIVI/Langevin_post/20260429_222451/checkpoints/epoch_10000,10000,318.63895674049854,-193.49310302734375,2.439420882612467,{},75.12261962890625,0.6164731383323669,DSIVI,,,,seed44_dsivi_langevin_post,44,10000.0,Langevin_post,294.7171936035156,0.009263171814382076,,,,,,,0.041616834700107574,,,,,318.63895674049854
results/default_config_grid/DSIVI/multimodal/20260428_110033/checkpoints/epoch_10000,10000,186.36997935920954,-0.00044731548405252397,1.5749122127890587,{},,,DSIVI,,,,seed44_dsivi_multimodal,44,10000.0,multimodal,175.67210388183594,0.06171148642897606,,,,,,,0.03385667875409126,,,,,186.36997935920954
results/default_config_grid/DSIVI/student_uc/20260428_110033/checkpoints/epoch_10000,10000,186.37220786884427,-2.6767866611480713,1.5629120394587517,{},,,DSIVI,,,,seed44_dsivi_student_uc,44,10000.0,student_uc,176.04000854492188,0.5544037222862244,0.13083428144454956,0.033357493579387665,0.036320097744464874,0.033265456557273865,0.06892743706703186,0.03336048498749733,0.034222960472106934,,,0.07908067107200623,0.033899936825037,186.37220786884427
results/default_config_grid/DSIVI/x_shaped/20260428_110339/checkpoints/epoch_10000,10000,196.3062468022108,-0.010152668692171574,1.4921275340020657,{},,,DSIVI,,,,seed44_dsivi_x_shaped,44,10000.0,x_shaped,187.99447631835938,0.1111564040184021,,,,,,,0.032399650663137436,,,,,196.3062468022108
results/default_config_grid/KSIVI/8_gaussians/20260428_110339/checkpoints/epoch_50000,50000,377.44366615638137,-0.723586916923523,1.5015041455626488,{},,,KSIVI,,,,seed44_ksivi_8_gaussians,44,50000.0,8_gaussians,317.6911926269531,0.2223295271396637,,,,,,,0.03325289487838745,0.21475769579410553,0.031247742474079132,,,377.44366615638137
results/default_config_grid/KSIVI/banana/20260428_110339/checkpoints/epoch_50000,50000,377.4459937289357,-0.08125436305999756,1.4837274625897408,{},,,KSIVI,,,,seed44_ksivi_banana,44,50000.0,banana,331.7900390625,0.7259938716888428,,,,,,,0.04070669412612915,,,,,377.4459937289357
results/default_config_grid/KSIVI/Bnn_boston/20260428_110347/checkpoints/epoch_100000,100000,970.944112431258,,,{},,,KSIVI,2.4908714294433594,2.7259998321533203,0.006388247013092041,seed44_ksivi_bnn_boston,44,100000.0,Bnn_boston,964.4071655273438,,,,,,,,,,,,,970.944112431258
results/default_config_grid/KSIVI/Bnn_concrete/20260428_110655/checkpoints/epoch_100000,100000,1136.6681332588196,,,{},,,KSIVI,3.2620229721069336,6.350307941436768,0.008454903960227966,seed44_ksivi_bnn_concrete,44,100000.0,Bnn_concrete,1018.92626953125,,,,,,,,,,,,,1136.6681332588196
results/default_config_grid/KSIVI/Bnn_power/20260428_110957/checkpoints/epoch_100000,100000,1008.1260077916086,,,{},,,KSIVI,2.8466415405273438,4.009121417999268,0.007489539682865143,seed44_ksivi_bnn_power,44,100000.0,Bnn_power,1001.1885986328125,,,,,,,,,,,,,1008.1260077916086
results/default_config_grid/KSIVI/Bnn_protein/20260428_110957/checkpoints/epoch_100000,100000,1010.2107439562678,,,{},,,KSIVI,3.019378662109375,4.961306571960449,0.014485761523246765,seed44_ksivi_bnn_protein,44,100000.0,Bnn_protein,1003.8446044921875,,,,,,,,,,,,,1010.2107439562678
results/default_config_grid/KSIVI/Bnn_winered/20260501_170117/checkpoints/epoch_100000,100000,1079.4706552773714,,,{},,,KSIVI,0.8946523666381836,0.5922303199768066,0.0026936568319797516,seed44_ksivi_bnn_winered,44,100000.0,Bnn_winered,1071.91748046875,,,,,,,,,,,,,1079.4706552773714
results/default_config_grid/KSIVI/Bnn_yacht/20260501_170117/checkpoints/epoch_100000,100000,1023.7826826758683,,,{},,,KSIVI,1.5708212852478027,1.4353878498077393,0.0014306120574474335,seed44_ksivi_bnn_yacht,44,100000.0,Bnn_yacht,1017.7957153320312,,,,,,,,,,,,,1023.7826826758683
results/default_config_grid/KSIVI/Langevin_post/20260429_222522/checkpoints/epoch_50000,50000,506.88309575617313,-183.65896606445312,2.4376878142356873,{},69.46592712402344,0.6162039041519165,KSIVI,,,,seed44_ksivi_langevin_post,44,50000.0,Langevin_post,500.04522705078125,0.02455846220254898,,,,,,,0.04089829698204994,,,,,506.88309575617313
results/default_config_grid/KSIVI/multimodal/20260428_113217/checkpoints/epoch_50000,50000,388.28659177199006,-0.0015438484260812402,1.5853643603622913,{},,,KSIVI,,,,seed44_ksivi_multimodal,44,50000.0,multimodal,348.05126953125,0.07359995692968369,,,,,,,0.033780042082071304,,,,,388.28659177199006
results/default_config_grid/KSIVI/student_uc/20260428_113530/checkpoints/epoch_50000,50000,389.34965698421,-14.761346817016602,1.5038655176758766,{},,,KSIVI,,,,seed44_ksivi_student_uc,44,50000.0,student_uc,323.85479736328125,35.377742767333984,6.410513401031494,0.0517578162252903,3.0427024364471436,0.22184821218252182,5.2079267501831055,0.09480831772089005,0.03277704119682312,,,5.203460216522217,0.07144568115472794,389.34965698421
results/default_config_grid/KSIVI/x_shaped/20260428_113846/checkpoints/epoch_50000,50000,391.8539162091911,-1.1180063486099243,1.502081260085106,{},,,KSIVI,,,,seed44_ksivi_x_shaped,44,50000.0,x_shaped,380.3409118652344,1.5422955751419067,,,,,,,0.03271140530705452,,,,,391.8539162091911
results/default_config_grid/SIVI/8_gaussians/20260428_113846/checkpoints/epoch_10000,10000,193.7860744819045,-0.19310426712036133,1.502895750105381,{},,,SIVI,,,,seed45_sivi_8_gaussians,45,10000.0,8_gaussians,153.23370361328125,0.12732566893100739,,,,,,,0.03344552591443062,0.1375010758638382,0.031016018241643906,,,193.7860744819045
results/default_config_grid/SIVI/banana/20260428_114159/checkpoints/epoch_10000,10000,198.02046959847212,-0.001557936193421483,1.496911644935608,{},,,SIVI,,,,seed45_sivi_banana,45,10000.0,banana,152.47584533691406,0.0838862881064415,,,,,,,0.033068910241127014,,,,,198.02046959847212
results/default_config_grid/SIVI/Bnn_boston/20260501_170117/checkpoints/epoch_10000,10000,644.6972291879356,,,{},,,SIVI,2.498051166534424,2.6930060386657715,0.007036358118057251,seed45_sivi_bnn_boston,45,10000.0,Bnn_boston,554.14111328125,,,,,,,,,,,,,644.6972291879356
results/default_config_grid/SIVI/Bnn_concrete/20260501_170152/checkpoints/epoch_10000,10000,397.2625444754958,,,{},,,SIVI,3.340390205383301,6.737331867218018,0.008178893476724625,seed45_sivi_bnn_concrete,45,10000.0,Bnn_concrete,389.3728942871094,,,,,,,,,,,,,397.2625444754958
results/default_config_grid/SIVI/Bnn_power/20260501_170830/checkpoints/epoch_10000,10000,269.8669439740479,,,{},,,SIVI,2.7936787605285645,3.9017345905303955,0.007003467530012131,seed45_sivi_bnn_power,45,10000.0,Bnn_power,262.3514099121094,,,,,,,,,,,,,269.8669439740479
results/default_config_grid/SIVI/Bnn_protein/20260501_171202/checkpoints/epoch_10000,10000,434.6748889833689,,,{},,,SIVI,3.021453380584717,4.908809185028076,0.01443665474653244,seed45_sivi_bnn_protein,45,10000.0,Bnn_protein,428.0851745605469,,,,,,,,,,,,,434.6748889833689
results/default_config_grid/SIVI/Bnn_winered/20260501_171259/checkpoints/epoch_10000,10000,588.1285715512931,,,{},,,SIVI,0.9505949020385742,0.630845844745636,0.004087783396244049,seed45_sivi_bnn_winered,45,10000.0,Bnn_winered,488.7252197265625,,,,,,,,,,,,,588.1285715512931
results/default_config_grid/SIVI/Bnn_yacht/20260501_171821/checkpoints/epoch_10000,10000,332.48222307115793,,,{},,,SIVI,1.5995516777038574,1.1847670078277588,0.0014593489468097687,seed45_sivi_bnn_yacht,45,10000.0,Bnn_yacht,325.210693359375,,,,,,,,,,,,,332.48222307115793
results/default_config_grid/SIVI/Langevin_post/20260429_230724/checkpoints/epoch_10000,10000,334.2117062844336,-178.44288635253906,2.437986124306917,{},58.15757751464844,0.616549726575613,SIVI,,,,seed45_sivi_langevin_post,45,10000.0,Langevin_post,323.0720520019531,0.034714631736278534,,,,,,,0.043014705181121826,,,,,334.2117062844336
results/default_config_grid/SIVI/multimodal/20260428_115555/checkpoints/epoch_10000,10000,163.15882198885083,-0.0011406494304537773,1.5834676288068295,{},,,SIVI,,,,seed45_sivi_multimodal,45,10000.0,multimodal,156.7212677001953,0.030859971418976784,,,,,,,0.03300777077674866,,,,,163.15882198885083
results/default_config_grid/SIVI/student_uc/20260428_115832/checkpoints/epoch_10000,10000,203.37733530253172,-2.675865888595581,1.5202855207026005,{},,,SIVI,,,,seed45_sivi_student_uc,45,10000.0,student_uc,149.51943969726562,0.5303783416748047,0.1519416719675064,0.03521614894270897,0.06994672864675522,0.03642142191529274,0.11885607987642288,0.03510648012161255,0.05452853441238403,,,0.11941815167665482,0.03634346276521683,203.37733530253172
results/default_config_grid/SIVI/x_shaped/20260428_115832/checkpoints/epoch_10000,10000,203.3882326297462,0.0003041062445845455,1.4855578988790512,{},,,SIVI,,,,seed45_sivi_x_shaped,45,10000.0,x_shaped,152.31134033203125,0.04481504112482071,,,,,,,0.032949771732091904,,,,,203.3882326297462
results/default_config_grid/UIVI/8_gaussians/20260428_115838/checkpoints/epoch_10000,10000,808.5853028260171,-0.7964078783988953,1.5047132559120655,{},,,UIVI,,,,seed45_uivi_8_gaussians,45,10000.0,8_gaussians,750.2208862304688,0.25592610239982605,,,,,,,0.032567404210567474,0.2558079659938812,0.03124445304274559,,,808.5853028260171
results/default_config_grid/UIVI/banana/20260428_120155/checkpoints/epoch_10000,10000,816.2178133875132,-0.030250312760472298,1.4875214137136936,{},,,UIVI,,,,seed45_uivi_banana,45,10000.0,banana,770.4192504882812,0.42233186960220337,,,,,,,0.036056533455848694,,,,,816.2178133875132
results/default_config_grid/UIVI/Bnn_boston/20260501_171917/checkpoints/epoch_10000,10000,859.8291497826576,,,{},,,UIVI,2.6080541610717773,3.308933734893799,0.006253786385059357,seed45_uivi_bnn_boston,45,10000.0,Bnn_boston,736.1172485351562,,,,,,,,,,,,,859.8291497826576
results/default_config_grid/UIVI/Bnn_concrete/20260501_171917/checkpoints/epoch_10000,10000,859.8418141975999,,,{},,,UIVI,3.500789165496826,7.636042594909668,0.007921375334262848,seed45_uivi_bnn_concrete,45,10000.0,Bnn_concrete,736.627197265625,,,,,,,,,,,,,859.8418141975999
results/default_config_grid/UIVI/Bnn_power/20260501_172248/checkpoints/epoch_10000,10000,729.2296172082424,,,{},,,UIVI,2.8017477989196777,3.9284229278564453,0.007270589470863342,seed45_uivi_bnn_power,45,10000.0,Bnn_power,723.3125,,,,,,,,,,,,,729.2296172082424
results/default_config_grid/UIVI/Bnn_protein/20260501_172353/checkpoints/epoch_10000,10000,908.9670599289238,,,{},,,UIVI,3.0256505012512207,5.001230239868164,0.014477089047431946,seed45_uivi_bnn_protein,45,10000.0,Bnn_protein,724.3530883789062,,,,,,,,,,,,,908.9670599289238
results/default_config_grid/UIVI/Bnn_winered/20260501_173337/checkpoints/epoch_10000,10000,754.052640940994,,,{},,,UIVI,0.9227643013000488,0.6114172339439392,0.0023681633174419403,seed45_uivi_bnn_winered,45,10000.0,Bnn_winered,746.9796752929688,,,,,,,,,,,,,754.052640940994
results/default_config_grid/UIVI/Bnn_yacht/20260501_173337/checkpoints/epoch_10000,10000,975.9997150041163,,,{},,,UIVI,1.9708337783813477,2.213780164718628,0.0015525557100772858,seed45_uivi_bnn_yacht,45,10000.0,Bnn_yacht,774.1963500976562,,,,,,,,,,,,,975.9997150041163
results/default_config_grid/UIVI/Langevin_post/20260429_230724/checkpoints/epoch_10000,10000,729.9269094206393,-185.15406799316406,2.4376900270581245,{},21.218942642211914,0.6171889379620552,UIVI,,,,seed45_uivi_langevin_post,45,10000.0,Langevin_post,719.9430541992188,0.04648939147591591,,,,,,,0.042797040194272995,,,,,729.9269094206393
results/default_config_grid/UIVI/multimodal/20260428_122915/checkpoints/epoch_10000,10000,833.479149363935,-0.05093683302402496,1.5811066143214703,{},,,UIVI,,,,seed45_uivi_multimodal,45,10000.0,multimodal,738.0532836914062,0.10236925631761551,,,,,,,0.0326426662504673,,,,,833.479149363935
results/default_config_grid/UIVI/student_uc/20260428_122914/checkpoints/epoch_10000,10000,833.4822084605694,-2.6836776733398438,1.5100091993808746,{},,,UIVI,,,,seed45_uivi_student_uc,45,10000.0,student_uc,732.74560546875,0.5497145652770996,0.19484010338783264,0.03408433124423027,0.08987032622098923,0.03417550399899483,0.147361159324646,0.03560950234532356,0.033639028668403625,,,0.11560437083244324,0.03417738527059555,833.4822084605694
results/default_config_grid/UIVI/x_shaped/20260428_123939/checkpoints/epoch_10000,10000,841.2012817338109,-0.002334948629140854,1.4941925406455994,{},,,UIVI,,,,seed45_uivi_x_shaped,45,10000.0,x_shaped,774.0806274414062,0.0734640434384346,,,,,,,0.03249466419219971,,,,,841.2012817338109
results/default_config_grid/AISIVI/8_gaussians/20260428_125713/checkpoints/epoch_10000,10000,427.28136256709695,-0.1607999950647354,1.4102630503475666,{},,,AISIVI,,,,seed45_aisivi_8_gaussians,45,10000.0,8_gaussians,320.5617980957031,0.19302129745483398,,,,,,,0.032707422971725464,0.22678034007549286,0.030941534787416458,,,427.28136256709695
results/default_config_grid/AISIVI/banana/20260428_130046/checkpoints/epoch_10000,10000,433.91375270858407,-0.009647608734667301,1.501093540340662,{},,,AISIVI,,,,seed45_aisivi_banana,45,10000.0,banana,334.196044921875,0.15796814858913422,,,,,,,0.03304111212491989,,,,,433.91375270858407
results/default_config_grid/AISIVI/Bnn_boston/20260501_173457/checkpoints/epoch_10000,10000,671.4362261146307,,,{},,,AISIVI,2.6327548027038574,3.3799123764038086,0.007915422320365906,seed45_aisivi_bnn_boston,45,10000.0,Bnn_boston,651.0625,,,,,,,,,,,,,671.4362261146307
results/default_config_grid/AISIVI/Bnn_concrete/20260501_173903/checkpoints/epoch_10000,10000,650.2818812206388,,,{},,,AISIVI,3.517167568206787,7.949408054351807,0.0025036633014678955,seed45_aisivi_bnn_concrete,45,10000.0,Bnn_concrete,620.2180786132812,,,,,,,,,,,,,650.2818812206388
results/default_config_grid/AISIVI/Bnn_power/20260501_174609/checkpoints/epoch_10000,10000,584.5909975767136,,,{},,,AISIVI,2.8240628242492676,4.022658824920654,0.003505568951368332,seed45_aisivi_bnn_power,45,10000.0,Bnn_power,563.9353637695312,,,,,,,,,,,,,584.5909975767136
results/default_config_grid/AISIVI/Bnn_protein/20260501_174611/checkpoints/epoch_10000,10000,644.199814915657,,,{},,,AISIVI,3.020137310028076,4.878243923187256,0.013296466320753098,seed45_aisivi_bnn_protein,45,10000.0,Bnn_protein,623.10986328125,,,,,,,,,,,,,644.199814915657
results/default_config_grid/AISIVI/Bnn_winered/20260501_174953/checkpoints/epoch_10000,10000,670.6115121208131,,,{},,,AISIVI,0.9262557029724121,0.6125544905662537,0.0017517432570457458,seed45_aisivi_bnn_winered,45,10000.0,Bnn_winered,649.0352172851562,,,,,,,,,,,,,670.6115121208131
results/default_config_grid/AISIVI/Bnn_yacht/20260501_174953/checkpoints/epoch_10000,10000,645.4524223841727,,,{},,,AISIVI,1.9807167053222656,2.2942299842834473,0.0013539530336856842,seed45_aisivi_bnn_yacht,45,10000.0,Bnn_yacht,598.5406494140625,,,,,,,,,,,,,645.4524223841727
results/default_config_grid/AISIVI/Langevin_post/20260429_230724/checkpoints/epoch_10000,10000,709.6912218220532,-199.81846618652344,2.4369652457535267,{},74.6233139038086,0.6172881871461868,AISIVI,,,,seed45_aisivi_langevin_post,45,10000.0,Langevin_post,640.655517578125,0.013003573752939701,,,,,,,0.04386188089847565,,,,,709.6912218220532
results/default_config_grid/AISIVI/multimodal/20260428_132615/checkpoints/epoch_10000,10000,450.0142328068614,-0.00014761285274289548,1.533117365092039,{},,,AISIVI,,,,seed45_aisivi_multimodal,45,10000.0,multimodal,345.0885925292969,0.02375335618853569,,,,,,,0.032956358045339584,,,,,450.0142328068614
results/default_config_grid/AISIVI/student_uc/20260428_132638/checkpoints/epoch_10000,10000,427.65372194722295,-2.674649238586426,1.5603983737528324,{},,,AISIVI,,,,seed45_aisivi_student_uc,45,10000.0,student_uc,349.66156005859375,0.4558643400669098,0.11837847530841827,0.035187382251024246,0.05312594771385193,0.038742341101169586,0.07652951031923294,0.035196490585803986,0.03325677663087845,,,0.097881980240345,0.0358782596886158,427.65372194722295
results/default_config_grid/AISIVI/x_shaped/20260428_132642/checkpoints/epoch_10000,10000,423.5309118293226,-0.15674006938934326,1.4086193293333054,{},,,AISIVI,,,,seed45_aisivi_x_shaped,45,10000.0,x_shaped,338.245849609375,0.3371885120868683,,,,,,,0.032754480838775635,,,,,423.5309118293226
results/default_config_grid/DSIVI/8_gaussians/20260428_133044/checkpoints/epoch_10000,10000,187.65233323723078,-0.24053692817687988,1.4893061444163322,{},,,DSIVI,,,,seed45_dsivi_8_gaussians,45,10000.0,8_gaussians,180.80751037597656,0.6026741862297058,,,,,,,0.03370879963040352,0.6785587668418884,0.031004920601844788,,,187.65233323723078
results/default_config_grid/DSIVI/banana/20260428_133346/checkpoints/epoch_10000,10000,225.9800867959857,-0.006675655022263527,1.4898120574653149,{},,,DSIVI,,,,seed45_dsivi_banana,45,10000.0,banana,176.94998168945312,0.05975247174501419,,,,,,,0.03337855637073517,,,,,225.9800867959857
results/default_config_grid/DSIVI/Bnn_boston/20260428_133345/checkpoints/epoch_10000,10000,225.9855203591287,,,{},,,DSIVI,2.4553751945495605,2.5792980194091797,0.005691692233085632,seed45_dsivi_bnn_boston,45,10000.0,Bnn_boston,110.75621795654297,,,,,,,,,,,,,225.9855203591287
results/default_config_grid/DSIVI/Bnn_concrete/20260428_133346/checkpoints/epoch_10000,10000,225.99154290929437,,,{},,,DSIVI,3.2637953758239746,6.250326156616211,0.006993576884269714,seed45_dsivi_bnn_concrete,45,10000.0,Bnn_concrete,108.93103790283203,,,,,,,,,,,,,225.99154290929437
results/default_config_grid/DSIVI/Bnn_power/20260428_133351/checkpoints/epoch_10000,10000,219.8518632426858,,,{},,,DSIVI,2.788330078125,3.9107143878936768,0.005011610686779022,seed45_dsivi_bnn_power,45,10000.0,Bnn_power,116.52452850341797,,,,,,,,,,,,,219.8518632426858
results/default_config_grid/DSIVI/Bnn_protein/20260428_133732/checkpoints/epoch_10000,10000,227.9127702601254,,,{},,,DSIVI,2.9264121055603027,4.488043785095215,0.013704337179660797,seed45_dsivi_bnn_protein,45,10000.0,Bnn_protein,118.75017547607422,,,,,,,,,,,,,227.9127702601254
results/default_config_grid/DSIVI/Bnn_winered/20260501_175553/checkpoints/epoch_10000,10000,285.2603630013764,,,{},,,DSIVI,0.9062542915344238,0.5992356538772583,0.003318231552839279,seed45_dsivi_bnn_winered,45,10000.0,Bnn_winered,118.02681732177734,,,,,,,,,,,,,285.2603630013764
results/default_config_grid/DSIVI/Bnn_yacht/20260501_175655/checkpoints/epoch_10000,10000,223.4573916979134,,,{},,,DSIVI,1.2200126647949219,1.0749512910842896,0.002960704267024994,seed45_dsivi_bnn_yacht,45,10000.0,Bnn_yacht,117.07936096191406,,,,,,,,,,,,,223.4573916979134
results/default_config_grid/DSIVI/Langevin_post/20260429_230724/checkpoints/epoch_10000,10000,327.45484882965684,-193.5597381591797,2.441275969147682,{},74.99463653564453,0.6214672550559044,DSIVI,,,,seed45_dsivi_langevin_post,45,10000.0,Langevin_post,302.81219482421875,0.010486931540071964,,,,,,,0.04224448278546333,,,,,327.45484882965684
results/default_config_grid/DSIVI/multimodal/20260428_134120/checkpoints/epoch_10000,10000,231.7349730245769,-0.00031273503554984927,1.587722271680832,{},,,DSIVI,,,,seed45_dsivi_multimodal,45,10000.0,multimodal,182.6758270263672,0.03476879000663757,,,,,,,0.03277262672781944,,,,,231.7349730245769
results/default_config_grid/DSIVI/student_uc/20260428_134120/checkpoints/epoch_10000,10000,231.75822925940156,-2.677403688430786,1.5045861601829529,{},,,DSIVI,,,,seed45_dsivi_student_uc,45,10000.0,student_uc,178.50718688964844,0.5225357413291931,0.09768853336572647,0.03475893661379814,0.03808162361383438,0.03407008945941925,0.09262575209140778,0.0384107269346714,0.033349551260471344,,,0.07673155516386032,0.034317582845687866,231.75822925940156
results/default_config_grid/DSIVI/x_shaped/20260428_134512/checkpoints/epoch_10000,10000,234.99177061393857,-0.005645084194839001,1.4868751764297485,{},,,DSIVI,,,,seed45_dsivi_x_shaped,45,10000.0,x_shaped,178.044189453125,0.06716319918632507,,,,,,,0.032505445182323456,,,,,234.99177061393857
results/default_config_grid/KSIVI/8_gaussians/20260428_134512/checkpoints/epoch_50000,50000,470.4522019214928,-0.7470042705535889,1.503556091338396,{},,,KSIVI,,,,seed45_ksivi_8_gaussians,45,50000.0,8_gaussians,313.11187744140625,0.35573872923851013,,,,,,,0.03264347091317177,0.40254247188568115,0.030867986381053925,,,470.4522019214928
results/default_config_grid/KSIVI/banana/20260428_134512/checkpoints/epoch_50000,50000,470.47820295393467,-0.05427099019289017,1.4919930025935173,{},,,KSIVI,,,,seed45_ksivi_banana,45,50000.0,banana,333.2785949707031,0.6305683851242065,,,,,,,0.03252343088388443,,,,,470.47820295393467
results/default_config_grid/KSIVI/Bnn_boston/20260428_134512/checkpoints/epoch_100000,100000,990.4316179193556,,,{},,,KSIVI,2.495882511138916,2.7458655834198,0.006848856806755066,seed45_ksivi_bnn_boston,45,100000.0,Bnn_boston,982.4067993164062,,,,,,,,,,,,,990.4316179193556
results/default_config_grid/KSIVI/Bnn_concrete/20260428_134907/checkpoints/epoch_100000,100000,1190.5225315243006,,,{},,,KSIVI,3.273186683654785,6.413111209869385,0.008760970085859299,seed45_ksivi_bnn_concrete,45,100000.0,Bnn_concrete,1027.68505859375,,,,,,,,,,,,,1190.5225315243006
results/default_config_grid/KSIVI/Bnn_power/20260428_135303/checkpoints/epoch_100000,100000,1195.447408478707,,,{},,,KSIVI,2.8016653060913086,3.9542155265808105,0.00784902274608612,seed45_ksivi_bnn_power,45,100000.0,Bnn_power,1036.1009521484375,,,,,,,,,,,,,1195.447408478707
results/default_config_grid/KSIVI/Bnn_protein/20260428_135302/checkpoints/epoch_100000,100000,1195.43589515239,,,{},,,KSIVI,3.0238847732543945,4.980485439300537,0.01445034146308899,seed45_ksivi_bnn_protein,45,100000.0,Bnn_protein,1019.1590576171875,,,,,,,,,,,,,1195.43589515239
results/default_config_grid/KSIVI/Bnn_winered/20260501_180039/checkpoints/epoch_100000,100000,1016.6892550848424,,,{},,,KSIVI,0.912294864654541,0.6026032567024231,0.0023034363985061646,seed45_ksivi_bnn_winered,45,100000.0,Bnn_winered,1008.8912353515625,,,,,,,,,,,,,1016.6892550848424
results/default_config_grid/KSIVI/Bnn_yacht/20260501_180039/checkpoints/epoch_100000,100000,1084.8300539180636,,,{},,,KSIVI,1.4861063957214355,0.9920642375946045,0.0015678703784942627,seed45_ksivi_bnn_yacht,45,100000.0,Bnn_yacht,1076.6697998046875,,,,,,,,,,,,,1084.8300539180636
results/default_config_grid/KSIVI/Langevin_post/20260429_231258/checkpoints/epoch_50000,50000,499.2211798541248,-184.77236938476562,2.438196949660778,{},70.90611267089844,0.6165075972676277,KSIVI,,,,seed45_ksivi_langevin_post,45,50000.0,Langevin_post,490.9661865234375,0.022700799629092216,,,,,,,0.0417025089263916,,,,,499.2211798541248
results/default_config_grid/KSIVI/multimodal/20260428_142055/checkpoints/epoch_50000,50000,481.5561310313642,-0.005330547224730253,1.575144488364458,{},,,KSIVI,,,,seed45_ksivi_multimodal,45,50000.0,multimodal,353.677001953125,0.05386587977409363,,,,,,,0.03419489786028862,,,,,481.5561310313642
results/default_config_grid/KSIVI/student_uc/20260428_142056/checkpoints/epoch_50000,50000,481.5641888603568,-11.2567720413208,1.498536329716444,{},,,KSIVI,,,,seed45_ksivi_student_uc,45,50000.0,student_uc,330.5061340332031,13.370651245117188,4.676772594451904,0.03521472588181496,2.087322235107422,0.036232974380254745,3.618496894836426,0.03517087176442146,0.03295886516571045,,,3.5935466289520264,0.04055921733379364,481.5641888603568
results/default_config_grid/KSIVI/x_shaped/20260428_142130/checkpoints/epoch_50000,50000,446.96207865327597,-0.16823184490203857,1.4975786469876766,{},,,KSIVI,,,,seed45_ksivi_x_shaped,45,50000.0,x_shaped,404.29168701171875,0.4763961732387543,,,,,,,0.040596023201942444,,,,,446.96207865327597
results/default_config_grid/SIVI/8_gaussians/20260428_142540/checkpoints/epoch_10000,10000,197.16165889427066,-0.20334133505821228,1.496255375444889,{},,,SIVI,,,,seed46_sivi_8_gaussians,46,10000.0,8_gaussians,151.37660217285156,0.21660871803760529,,,,,,,0.0358312763273716,0.236346036195755,0.03090289980173111,,,197.16165889427066
results/default_config_grid/SIVI/banana/20260428_142857/checkpoints/epoch_10000,10000,244.0535159856081,-5.116531247040257e-05,1.489971835166216,{},,,SIVI,,,,seed46_sivi_banana,46,10000.0,banana,150.57350158691406,0.09428706020116806,,,,,,,0.033685341477394104,,,,,244.0535159856081
results/default_config_grid/SIVI/Bnn_boston/20260501_180039/checkpoints/epoch_10000,10000,646.4645816981792,,,{},,,SIVI,2.5414648056030273,2.8937337398529053,0.007099457085132599,seed46_sivi_bnn_boston,46,10000.0,Bnn_boston,553.4898071289062,,,,,,,,,,,,,646.4645816981792
results/default_config_grid/SIVI/Bnn_concrete/20260501_180104/checkpoints/epoch_10000,10000,396.95520639419556,,,{},,,SIVI,3.395362377166748,7.094572067260742,0.008593626320362091,seed46_sivi_bnn_concrete,46,10000.0,Bnn_concrete,389.81744384765625,,,,,,,,,,,,,396.95520639419556
results/default_config_grid/SIVI/Bnn_power/20260501_180741/checkpoints/epoch_10000,10000,271.92311093583703,,,{},,,SIVI,2.804205894470215,3.9459657669067383,0.008336633443832397,seed46_sivi_bnn_power,46,10000.0,Bnn_power,263.8699951171875,,,,,,,,,,,,,271.92311093583703
results/default_config_grid/SIVI/Bnn_protein/20260501_181126/checkpoints/epoch_10000,10000,435.9808828048408,,,{},,,SIVI,3.038086414337158,5.007710933685303,0.014400579035282135,seed46_sivi_bnn_protein,46,10000.0,Bnn_protein,428.01531982421875,,,,,,,,,,,,,435.9808828048408
results/default_config_grid/SIVI/Bnn_winered/20260501_181213/checkpoints/epoch_10000,10000,603.4892583079636,,,{},,,SIVI,0.9673657417297363,0.6389166712760925,0.002400539815425873,seed46_sivi_bnn_winered,46,10000.0,Bnn_winered,489.9308776855469,,,,,,,,,,,,,603.4892583079636
results/default_config_grid/SIVI/Bnn_yacht/20260501_181736/checkpoints/epoch_10000,10000,332.32015538588166,,,{},,,SIVI,1.9381227493286133,2.1147546768188477,0.0014698579907417297,seed46_sivi_bnn_yacht,46,10000.0,Bnn_yacht,324.8560791015625,,,,,,,,,,,,,332.32015538588166
results/default_config_grid/SIVI/Langevin_post/20260429_231258/checkpoints/epoch_10000,10000,328.5851577632129,-178.43496704101562,2.4376901537179947,{},57.833168029785156,0.6166333965957165,SIVI,,,,seed46_sivi_langevin_post,46,10000.0,Langevin_post,322.9075012207031,0.034290630370378494,,,,,,,0.05120371654629707,,,,,328.5851577632129
results/default_config_grid/SIVI/multimodal/20260428_144147/checkpoints/epoch_10000,10000,211.82113307714462,-0.0017410388682037592,1.568826325237751,{},,,SIVI,,,,seed46_sivi_multimodal,46,10000.0,multimodal,151.44204711914062,0.039588771760463715,,,,,,,0.032558176666498184,,,,,211.82113307714462
results/default_config_grid/SIVI/student_uc/20260428_144519/checkpoints/epoch_10000,10000,247.261881981045,-2.6750240325927734,1.5141172036528587,{},,,SIVI,,,,seed46_sivi_student_uc,46,10000.0,student_uc,149.6846923828125,0.5692778825759888,0.16436557471752167,0.03390984609723091,0.04026315361261368,0.03402556851506233,0.1035928949713707,0.033995646983385086,0.03302856907248497,,,0.13405434787273407,0.03422758728265762,247.261881981045
results/default_config_grid/SIVI/x_shaped/20260428_144519/checkpoints/epoch_10000,10000,247.27257768809795,-0.0016753444215282798,1.5056708008050919,{},,,SIVI,,,,seed46_sivi_x_shaped,46,10000.0,x_shaped,151.1587371826172,0.05287441983819008,,,,,,,0.03817709907889366,,,,,247.27257768809795
results/default_config_grid/UIVI/8_gaussians/20260428_144519/checkpoints/epoch_10000,10000,746.0064749494195,-0.8008671998977661,1.5046905651688576,{},,,UIVI,,,,seed46_uivi_8_gaussians,46,10000.0,8_gaussians,738.1089477539062,0.415322482585907,,,,,,,0.03359494358301163,0.45596835017204285,0.03271729499101639,,,746.0064749494195
results/default_config_grid/UIVI/banana/20260428_144926/checkpoints/epoch_10000,10000,999.7786989845335,-0.02283298969268799,1.497094839811325,{},,,UIVI,,,,seed46_uivi_banana,46,10000.0,banana,806.1476440429688,0.3877718448638916,,,,,,,0.03270415589213371,,,,,999.7786989845335
results/default_config_grid/UIVI/Bnn_boston/20260501_181841/checkpoints/epoch_10000,10000,861.3816661834717,,,{},,,UIVI,2.538520336151123,2.825885534286499,0.00766332820057869,seed46_uivi_bnn_boston,46,10000.0,Bnn_boston,776.5314331054688,,,,,,,,,,,,,861.3816661834717
results/default_config_grid/UIVI/Bnn_concrete/20260501_181844/checkpoints/epoch_10000,10000,859.2307955473661,,,{},,,UIVI,3.491720199584961,7.470035552978516,0.008058663457632065,seed46_uivi_bnn_concrete,46,10000.0,Bnn_concrete,785.6121826171875,,,,,,,,,,,,,859.2307955473661
results/default_config_grid/UIVI/Bnn_power/20260501_182217/checkpoints/epoch_10000,10000,760.1156068220735,,,{},,,UIVI,2.8257102966308594,4.004299163818359,0.006615649908781052,seed46_uivi_bnn_power,46,10000.0,Bnn_power,752.7256469726562,,,,,,,,,,,,,760.1156068220735
results/default_config_grid/UIVI/Bnn_protein/20260501_182308/checkpoints/epoch_10000,10000,920.5718624964356,,,{},,,UIVI,3.028707981109619,5.017611980438232,0.013696465641260147,seed46_uivi_bnn_protein,46,10000.0,Bnn_protein,771.9739379882812,,,,,,,,,,,,,920.5718624964356
results/default_config_grid/UIVI/Bnn_winered/20260501_183303/checkpoints/epoch_10000,10000,761.2513294890523,,,{},,,UIVI,0.968986988067627,0.6392643451690674,0.002705458551645279,seed46_uivi_bnn_winered,46,10000.0,Bnn_winered,753.9828491210938,,,,,,,,,,,,,761.2513294890523
results/default_config_grid/UIVI/Bnn_yacht/20260501_183303/checkpoints/epoch_10000,10000,765.5510141775012,,,{},,,UIVI,2.2936501502990723,3.0636332035064697,0.0015524178743362427,seed46_uivi_bnn_yacht,46,10000.0,Bnn_yacht,758.4402465820312,,,,,,,,,,,,,765.5510141775012
results/default_config_grid/UIVI/Langevin_post/20260429_231833/checkpoints/epoch_10000,10000,717.5842663422227,-185.15182495117188,2.4384399242699146,{},22.880578994750977,0.6165242828428745,UIVI,,,,seed46_uivi_langevin_post,46,10000.0,Langevin_post,710.2936401367188,0.04595484957098961,,,,,,,0.04346209764480591,,,,,717.5842663422227
results/default_config_grid/UIVI/multimodal/20260428_151434/checkpoints/epoch_10000,10000,778.7515130899847,-0.028568139299750328,1.572988085448742,{},,,UIVI,,,,seed46_uivi_multimodal,46,10000.0,multimodal,772.0953979492188,0.09919444471597672,,,,,,,0.033822666853666306,,,,,778.7515130899847
results/default_config_grid/UIVI/student_uc/20260428_151846/checkpoints/epoch_10000,10000,764.1814403161407,-2.6777801513671875,1.536847561597824,{},,,UIVI,,,,seed46_uivi_student_uc,46,10000.0,student_uc,743.5264282226562,0.5659881830215454,0.17202872037887573,0.034582965075969696,0.06265395879745483,0.03397542983293533,0.11328022181987762,0.033872537314891815,0.0330054946243763,,,0.14136017858982086,0.03598639741539955,764.1814403161407
results/default_config_grid/UIVI/x_shaped/20260428_152258/checkpoints/epoch_10000,10000,772.5723357498646,-0.06387125700712204,1.4902267046272755,{},,,UIVI,,,,seed46_uivi_x_shaped,46,10000.0,x_shaped,766.7830810546875,0.2594350278377533,,,,,,,0.03258160501718521,,,,,772.5723357498646
results/default_config_grid/AISIVI/8_gaussians/20260428_154009/checkpoints/epoch_10000,10000,517.92313323915,-0.20041252672672272,1.4582459479570389,{},,,AISIVI,,,,seed46_aisivi_8_gaussians,46,10000.0,8_gaussians,337.2596130371094,0.5172257423400879,,,,,,,0.032840173691511154,0.5867879986763,0.03056267648935318,,,517.92313323915
results/default_config_grid/AISIVI/banana/20260428_154424/checkpoints/epoch_10000,10000,524.7899661622941,-0.0022791442461311817,1.3648043051362038,{},,,AISIVI,,,,seed46_aisivi_banana,46,10000.0,banana,334.69580078125,0.08954958617687225,,,,,,,0.03163996338844299,,,,,524.7899661622941
results/default_config_grid/AISIVI/Bnn_boston/20260501_183456/checkpoints/epoch_10000,10000,860.8455142006278,,,{},,,AISIVI,2.5783348083496094,3.0276029109954834,0.004987303167581558,seed46_aisivi_bnn_boston,46,10000.0,Bnn_boston,689.9358520507812,,,,,,,,,,,,,860.8455142006278
results/default_config_grid/AISIVI/Bnn_concrete/20260501_183829/checkpoints/epoch_10000,10000,648.8651362881064,,,{},,,AISIVI,3.5560874938964844,8.431440353393555,0.0027511343359947205,seed46_aisivi_bnn_concrete,46,10000.0,Bnn_concrete,604.5013427734375,,,,,,,,,,,,,648.8651362881064
results/default_config_grid/AISIVI/Bnn_power/20260501_184545/checkpoints/epoch_10000,10000,592.436006359756,,,{},,,AISIVI,2.82899808883667,4.023202896118164,0.0034130848944187164,seed46_aisivi_bnn_power,46,10000.0,Bnn_power,571.0804443359375,,,,,,,,,,,,,592.436006359756
results/default_config_grid/AISIVI/Bnn_protein/20260501_184549/checkpoints/epoch_10000,10000,858.3355658277869,,,{},,,AISIVI,3.03592586517334,4.995124816894531,0.012975003570318222,seed46_aisivi_bnn_protein,46,10000.0,Bnn_protein,642.2459716796875,,,,,,,,,,,,,858.3355658277869
results/default_config_grid/AISIVI/Bnn_winered/20260501_184918/checkpoints/epoch_10000,10000,664.3738056197762,,,{},,,AISIVI,0.9426283836364746,0.6253998279571533,0.001631997525691986,seed46_aisivi_bnn_winered,46,10000.0,Bnn_winered,644.3312377929688,,,,,,,,,,,,,664.3738056197762
results/default_config_grid/AISIVI/Bnn_yacht/20260501_184918/checkpoints/epoch_10000,10000,649.522131845355,,,{},,,AISIVI,2.110098361968994,2.6251699924468994,0.0013031885027885437,seed46_aisivi_bnn_yacht,46,10000.0,Bnn_yacht,609.9912719726562,,,,,,,,,,,,,649.522131845355
results/default_config_grid/AISIVI/Langevin_post/20260429_231914/checkpoints/epoch_10000,10000,713.8235867470503,-199.7197265625,2.3904684893786907,{},74.701904296875,0.6086519658565521,AISIVI,,,,seed46_aisivi_langevin_post,46,10000.0,Langevin_post,645.0811157226562,0.01264078076928854,,,,,,,0.04420917108654976,,,,,713.8235867470503
results/default_config_grid/AISIVI/multimodal/20260428_161048/checkpoints/epoch_10000,10000,531.5043334662914,0.0002373284223722294,1.5031989738345146,{},,,AISIVI,,,,seed46_aisivi_multimodal,46,10000.0,multimodal,338.5697326660156,0.045935116708278656,,,,,,,0.032938987016677856,,,,,531.5043334662914
results/default_config_grid/AISIVI/student_uc/20260428_161048/checkpoints/epoch_10000,10000,531.5066194161773,-2.6806466579437256,1.518615573644638,{},,,AISIVI,,,,seed46_aisivi_student_uc,46,10000.0,student_uc,332.6865539550781,0.42600056529045105,0.1992499679327011,0.03277131915092468,0.07380915433168411,0.03344295546412468,0.12116336822509766,0.033564403653144836,0.03208417817950249,,,0.1474473625421524,0.03301367908716202,531.5066194161773
results/default_config_grid/AISIVI/x_shaped/20260428_161133/checkpoints/epoch_10000,10000,486.66916719824076,-0.12396275997161865,1.4810736700892448,{},,,AISIVI,,,,seed46_aisivi_x_shaped,46,10000.0,x_shaped,348.6846923828125,0.3282403349876404,,,,,,,0.03212423250079155,,,,,486.66916719824076
results/default_config_grid/DSIVI/8_gaussians/20260428_161514/checkpoints/epoch_10000,10000,265.08695339784026,-0.7202696204185486,1.4787141345441341,{},,,DSIVI,,,,seed46_dsivi_8_gaussians,46,10000.0,8_gaussians,188.1244659423828,0.4298844337463379,,,,,,,0.032455142587423325,0.4058675467967987,0.030802574008703232,,,265.08695339784026
results/default_config_grid/DSIVI/banana/20260428_161940/checkpoints/epoch_10000,10000,270.73289646208286,-0.0023192833177745342,1.4927484020590782,{},,,DSIVI,,,,seed46_dsivi_banana,46,10000.0,banana,181.29559326171875,0.08096127212047577,,,,,,,0.032328031957149506,,,,,270.73289646208286
results/default_config_grid/DSIVI/Bnn_boston/20260428_161940/checkpoints/epoch_10000,10000,270.7560075633228,,,{},,,DSIVI,2.4576563835144043,2.591184616088867,0.0050730518996715546,seed46_dsivi_bnn_boston,46,10000.0,Bnn_boston,109.73587036132812,,,,,,,,,,,,,270.7560075633228
results/default_config_grid/DSIVI/Bnn_concrete/20260428_161940/checkpoints/epoch_10000,10000,270.7733090892434,,,{},,,DSIVI,3.2572579383850098,6.2167277336120605,0.006320200860500336,seed46_dsivi_bnn_concrete,46,10000.0,Bnn_concrete,111.46348571777344,,,,,,,,,,,,,270.7733090892434
results/default_config_grid/DSIVI/Bnn_power/20260428_161940/checkpoints/epoch_10000,10000,270.78967156633735,,,{},,,DSIVI,2.801734447479248,3.969839096069336,0.004388090223073959,seed46_dsivi_bnn_power,46,10000.0,Bnn_power,111.06563568115234,,,,,,,,,,,,,270.78967156633735
results/default_config_grid/DSIVI/Bnn_protein/20260428_162411/checkpoints/epoch_10000,10000,272.54403669014573,,,{},,,DSIVI,2.924649238586426,4.480085372924805,0.01344490796327591,seed46_dsivi_bnn_protein,46,10000.0,Bnn_protein,113.38288879394531,,,,,,,,,,,,,272.54403669014573
results/default_config_grid/DSIVI/Bnn_winered/20260501_185537/checkpoints/epoch_10000,10000,270.33207857608795,,,{},,,DSIVI,0.9375166893005371,0.6174243092536926,0.0023594871163368225,seed46_dsivi_bnn_winered,46,10000.0,Bnn_winered,118.71331024169922,,,,,,,,,,,,,270.33207857608795
results/default_config_grid/DSIVI/Bnn_yacht/20260501_190008/checkpoints/epoch_10000,10000,323.3661970756948,,,{},,,DSIVI,1.624176025390625,1.5122209787368774,0.0014954395592212677,seed46_dsivi_bnn_yacht,46,10000.0,Bnn_yacht,118.98011779785156,,,,,,,,,,,,,323.3661970756948
results/default_config_grid/DSIVI/Langevin_post/20260429_231940/checkpoints/epoch_10000,10000,316.9705016091466,-194.4310760498047,2.4243657775223255,{},75.18012237548828,0.6145429611206055,DSIVI,,,,seed46_dsivi_langevin_post,46,10000.0,Langevin_post,298.0828552246094,0.009107551537454128,,,,,,,0.04398009181022644,,,,,316.9705016091466
results/default_config_grid/DSIVI/multimodal/20260428_162844/checkpoints/epoch_10000,10000,276.37032628804445,-9.729890734888613e-05,1.5872945599257946,{},,,DSIVI,,,,seed46_dsivi_multimodal,46,10000.0,multimodal,172.81356811523438,0.034568287432193756,,,,,,,0.03261781111359596,,,,,276.37032628804445
results/default_config_grid/DSIVI/student_uc/20260428_162844/checkpoints/epoch_10000,10000,276.3899286016822,-2.673691749572754,1.5001613199710846,{},,,DSIVI,,,,seed46_dsivi_student_uc,46,10000.0,student_uc,184.39382934570312,1.030005693435669,0.1327197402715683,0.03638305515050888,0.038169510662555695,0.03310350701212883,0.08991298079490662,0.03303620219230652,0.03228246420621872,,,0.08898140490055084,0.03381117433309555,276.3899286016822
results/default_config_grid/DSIVI/x_shaped/20260428_162914/checkpoints/epoch_10000,10000,245.76828402653337,-0.007724353577941656,1.4827874340116978,{},,,DSIVI,,,,seed46_dsivi_x_shaped,46,10000.0,x_shaped,180.0984344482422,0.06811122596263885,,,,,,,0.03251097351312637,,,,,245.76828402653337
results/default_config_grid/KSIVI/8_gaussians/20260428_163320/checkpoints/epoch_50000,50000,302.5785803645849,-1.2708930969238281,1.4957095384597778,{},,,KSIVI,,,,seed46_ksivi_8_gaussians,46,50000.0,8_gaussians,297.0917663574219,1.478268027305603,,,,,,,0.033080410212278366,1.4772670269012451,0.031012848019599915,,,302.5785803645849
results/default_config_grid/KSIVI/banana/20260428_163320/checkpoints/epoch_50000,50000,320.9920615404844,-0.048887234181165695,1.4797976911067963,{},,,KSIVI,,,,seed46_ksivi_banana,46,50000.0,banana,313.77838134765625,0.5709933042526245,,,,,,,0.03230961412191391,,,,,320.9920615404844
results/default_config_grid/KSIVI/Bnn_boston/20260428_163320/checkpoints/epoch_100000,100000,1133.5977934636176,,,{},,,KSIVI,2.4874372482299805,2.6218185424804688,0.0077554695308208466,seed46_ksivi_bnn_boston,46,100000.0,Bnn_boston,922.8772583007812,,,,,,,,,,,,,1133.5977934636176
results/default_config_grid/KSIVI/Bnn_concrete/20260428_163321/checkpoints/epoch_100000,100000,1133.6306083649397,,,{},,,KSIVI,3.26155424118042,6.329514980316162,0.008420515805482864,seed46_ksivi_bnn_concrete,46,100000.0,Bnn_concrete,958.5770263671875,,,,,,,,,,,,,1133.6306083649397
results/default_config_grid/KSIVI/Bnn_power/20260428_163823/checkpoints/epoch_100000,100000,1116.8758206441998,,,{},,,KSIVI,2.8034629821777344,3.951427459716797,0.00690990686416626,seed46_ksivi_bnn_power,46,100000.0,Bnn_power,966.8281860351562,,,,,,,,,,,,,1116.8758206441998
results/default_config_grid/KSIVI/Bnn_protein/20260428_163841/checkpoints/epoch_100000,100000,1098.4902352876961,,,{},,,KSIVI,3.0222020149230957,4.974872589111328,0.01340949535369873,seed46_ksivi_bnn_protein,46,100000.0,Bnn_protein,974.305419921875,,,,,,,,,,,,,1098.4902352876961
results/default_config_grid/KSIVI/Bnn_winered/20260501_190008/checkpoints/epoch_100000,100000,1072.587628800422,,,{},,,KSIVI,0.9171319007873535,0.605268657207489,0.002261657267808914,seed46_ksivi_bnn_winered,46,100000.0,Bnn_winered,1064.360595703125,,,,,,,,,,,,,1072.587628800422
results/default_config_grid/KSIVI/Bnn_yacht/20260501_190008/checkpoints/epoch_100000,100000,1066.230310164392,,,{},,,KSIVI,1.5813608169555664,1.280580997467041,0.0015649758279323578,seed46_ksivi_bnn_yacht,46,100000.0,Bnn_yacht,1059.7218017578125,,,,,,,,,,,,,1066.230310164392
results/default_config_grid/KSIVI/Langevin_post/20260429_232117/checkpoints/epoch_50000,50000,513.4398123659194,-184.7649383544922,2.437119171023369,{},69.404541015625,0.6183884590864182,KSIVI,,,,seed46_ksivi_langevin_post,46,50000.0,Langevin_post,495.63275146484375,0.022997738793492317,,,,,,,0.043965425342321396,,,,,513.4398123659194
results/default_config_grid/KSIVI/multimodal/20260428_170229/checkpoints/epoch_50000,50000,523.3521943874657,-0.006226524710655212,1.5696781687438488,{},,,KSIVI,,,,seed46_ksivi_multimodal,46,50000.0,multimodal,350.1221923828125,0.029586097225546837,,,,,,,0.033330049365758896,,,,,523.3521943874657
results/default_config_grid/KSIVI/student_uc/20260428_170627/checkpoints/epoch_50000,50000,326.65996205061674,-14.263533592224121,1.5526334196329117,{},,,KSIVI,,,,seed46_ksivi_student_uc,46,50000.0,student_uc,319.8873596191406,30.460718154907227,5.318218231201172,0.05057401955127716,2.2054288387298584,0.08211921155452728,4.030008792877197,0.054894618690013885,0.034484852105379105,,,4.016699314117432,0.059801433235406876,326.65996205061674
results/default_config_grid/KSIVI/x_shaped/20260428_171113/checkpoints/epoch_50000,50000,573.2116675376892,-0.49611130356788635,1.5007919371128082,{},,,KSIVI,,,,seed46_ksivi_x_shaped,46,50000.0,x_shaped,383.8846130371094,0.8152154684066772,,,,,,,0.0322665274143219,,,,,573.2116675376892
