epoch,group,method,reference_internal_l2,replication_unit,run_id,seed,target
10000,0,DSIVI,0.47105108176518695,sgld_group_mean,seed42_dsivi_x_shaped,42,x_shaped
10000,1,DSIVI,0.4239550634406418,sgld_group_mean,seed42_dsivi_x_shaped,42,x_shaped
10000,2,DSIVI,0.516070534621518,sgld_group_mean,seed42_dsivi_x_shaped,42,x_shaped
10000,3,DSIVI,0.6717722650452861,sgld_group_mean,seed42_dsivi_x_shaped,42,x_shaped
10000,4,DSIVI,0.48928698431053813,sgld_group_mean,seed42_dsivi_x_shaped,42,x_shaped
10000,5,DSIVI,0.515032235528414,sgld_group_mean,seed42_dsivi_x_shaped,42,x_shaped
10000,6,DSIVI,0.4851217863787006,sgld_group_mean,seed42_dsivi_x_shaped,42,x_shaped
10000,7,DSIVI,0.4544879077959591,sgld_group_mean,seed42_dsivi_x_shaped,42,x_shaped
10000,8,DSIVI,0.4629345170192558,sgld_group_mean,seed42_dsivi_x_shaped,42,x_shaped
10000,9,DSIVI,0.5397983099308854,sgld_group_mean,seed42_dsivi_x_shaped,42,x_shaped
10000,0,DSIVI,231.83277028617584,sgld_group_mean,seed43_dsivi_x_shaped,43,x_shaped
10000,1,DSIVI,300.9890622463146,sgld_group_mean,seed43_dsivi_x_shaped,43,x_shaped
10000,2,DSIVI,268.4494873807324,sgld_group_mean,seed43_dsivi_x_shaped,43,x_shaped
10000,3,DSIVI,275.77874671215073,sgld_group_mean,seed43_dsivi_x_shaped,43,x_shaped
10000,4,DSIVI,251.66398230111088,sgld_group_mean,seed43_dsivi_x_shaped,43,x_shaped
10000,5,DSIVI,281.38990020276856,sgld_group_mean,seed43_dsivi_x_shaped,43,x_shaped
10000,6,DSIVI,300.52408854451494,sgld_group_mean,seed43_dsivi_x_shaped,43,x_shaped
10000,7,DSIVI,260.78013193800126,sgld_group_mean,seed43_dsivi_x_shaped,43,x_shaped
10000,8,DSIVI,234.4377482918368,sgld_group_mean,seed43_dsivi_x_shaped,43,x_shaped
10000,9,DSIVI,261.8970030340554,sgld_group_mean,seed43_dsivi_x_shaped,43,x_shaped
10000,0,DSIVI,1.0615911061437444,sgld_group_mean,seed45_dsivi_x_shaped,45,x_shaped
10000,1,DSIVI,0.7862729378383326,sgld_group_mean,seed45_dsivi_x_shaped,45,x_shaped
10000,2,DSIVI,0.9318589408280835,sgld_group_mean,seed45_dsivi_x_shaped,45,x_shaped
10000,3,DSIVI,0.9019117393516654,sgld_group_mean,seed45_dsivi_x_shaped,45,x_shaped
10000,4,DSIVI,20.270416294968914,sgld_group_mean,seed45_dsivi_x_shaped,45,x_shaped
10000,5,DSIVI,0.8807628600072299,sgld_group_mean,seed45_dsivi_x_shaped,45,x_shaped
10000,6,DSIVI,0.9309841911908706,sgld_group_mean,seed45_dsivi_x_shaped,45,x_shaped
10000,7,DSIVI,0.8792345239853847,sgld_group_mean,seed45_dsivi_x_shaped,45,x_shaped
10000,8,DSIVI,0.8271741224471507,sgld_group_mean,seed45_dsivi_x_shaped,45,x_shaped
10000,9,DSIVI,0.808804883081247,sgld_group_mean,seed45_dsivi_x_shaped,45,x_shaped
10000,0,DSIVI,28.91240264535898,sgld_group_mean,seed49_dsivi_x_shaped,49,x_shaped
10000,1,DSIVI,45.81680381278624,sgld_group_mean,seed49_dsivi_x_shaped,49,x_shaped
10000,2,DSIVI,36.56469925028057,sgld_group_mean,seed49_dsivi_x_shaped,49,x_shaped
10000,3,DSIVI,40.2801404871224,sgld_group_mean,seed49_dsivi_x_shaped,49,x_shaped
10000,4,DSIVI,29.913913715934832,sgld_group_mean,seed49_dsivi_x_shaped,49,x_shaped
10000,5,DSIVI,39.495409108044456,sgld_group_mean,seed49_dsivi_x_shaped,49,x_shaped
10000,6,DSIVI,555.4196719667975,sgld_group_mean,seed49_dsivi_x_shaped,49,x_shaped
10000,7,DSIVI,45.12903090514535,sgld_group_mean,seed49_dsivi_x_shaped,49,x_shaped
10000,8,DSIVI,36.83714667542464,sgld_group_mean,seed49_dsivi_x_shaped,49,x_shaped
10000,9,DSIVI,43.572129931567424,sgld_group_mean,seed49_dsivi_x_shaped,49,x_shaped
10000,0,DSIVI,1158.498410386367,sgld_group_mean,seed50_dsivi_x_shaped,50,x_shaped
10000,1,DSIVI,1344.9501992574094,sgld_group_mean,seed50_dsivi_x_shaped,50,x_shaped
10000,2,DSIVI,1018.3962415909068,sgld_group_mean,seed50_dsivi_x_shaped,50,x_shaped
10000,3,DSIVI,1205.5681377011713,sgld_group_mean,seed50_dsivi_x_shaped,50,x_shaped
10000,4,DSIVI,1310.2585609081675,sgld_group_mean,seed50_dsivi_x_shaped,50,x_shaped
10000,5,DSIVI,1162.6391274169123,sgld_group_mean,seed50_dsivi_x_shaped,50,x_shaped
10000,6,DSIVI,1178.4276862320257,sgld_group_mean,seed50_dsivi_x_shaped,50,x_shaped
10000,7,DSIVI,1145.4143098280933,sgld_group_mean,seed50_dsivi_x_shaped,50,x_shaped
10000,8,DSIVI,1164.7186152865545,sgld_group_mean,seed50_dsivi_x_shaped,50,x_shaped
10000,9,DSIVI,1161.1173058842296,sgld_group_mean,seed50_dsivi_x_shaped,50,x_shaped
10000,0,DSIVI,16.098921062541365,sgld_group_mean,seed42_dsivi_8_gaussians,42,8_gaussians
10000,1,DSIVI,4.606046615592596,sgld_group_mean,seed42_dsivi_8_gaussians,42,8_gaussians
10000,2,DSIVI,12.061286212547092,sgld_group_mean,seed42_dsivi_8_gaussians,42,8_gaussians
10000,3,DSIVI,11.104775996639798,sgld_group_mean,seed42_dsivi_8_gaussians,42,8_gaussians
10000,4,DSIVI,20.43032259615564,sgld_group_mean,seed42_dsivi_8_gaussians,42,8_gaussians
10000,5,DSIVI,6.536289716007223,sgld_group_mean,seed42_dsivi_8_gaussians,42,8_gaussians
10000,6,DSIVI,8.72579340051241,sgld_group_mean,seed42_dsivi_8_gaussians,42,8_gaussians
10000,7,DSIVI,12.380218884653505,sgld_group_mean,seed42_dsivi_8_gaussians,42,8_gaussians
10000,8,DSIVI,16.960445312227506,sgld_group_mean,seed42_dsivi_8_gaussians,42,8_gaussians
10000,9,DSIVI,4.024205839076115,sgld_group_mean,seed42_dsivi_8_gaussians,42,8_gaussians
10000,0,DSIVI,9.9156877164453,sgld_group_mean,seed43_dsivi_8_gaussians,43,8_gaussians
10000,1,DSIVI,12.166974493283131,sgld_group_mean,seed43_dsivi_8_gaussians,43,8_gaussians
10000,2,DSIVI,9.971746408016683,sgld_group_mean,seed43_dsivi_8_gaussians,43,8_gaussians
10000,3,DSIVI,16.44455335486667,sgld_group_mean,seed43_dsivi_8_gaussians,43,8_gaussians
10000,4,DSIVI,10.453030152077911,sgld_group_mean,seed43_dsivi_8_gaussians,43,8_gaussians
10000,5,DSIVI,8.15928964019774,sgld_group_mean,seed43_dsivi_8_gaussians,43,8_gaussians
10000,6,DSIVI,9.048647150715052,sgld_group_mean,seed43_dsivi_8_gaussians,43,8_gaussians
10000,7,DSIVI,14.474018471314771,sgld_group_mean,seed43_dsivi_8_gaussians,43,8_gaussians
10000,8,DSIVI,12.359858988497548,sgld_group_mean,seed43_dsivi_8_gaussians,43,8_gaussians
10000,9,DSIVI,13.45709414976567,sgld_group_mean,seed43_dsivi_8_gaussians,43,8_gaussians
10000,0,DSIVI,6.092744432929667,sgld_group_mean,seed45_dsivi_8_gaussians,45,8_gaussians
10000,1,DSIVI,6.640060050955746,sgld_group_mean,seed45_dsivi_8_gaussians,45,8_gaussians
10000,2,DSIVI,7.126645566551794,sgld_group_mean,seed45_dsivi_8_gaussians,45,8_gaussians
10000,3,DSIVI,4.768925162427383,sgld_group_mean,seed45_dsivi_8_gaussians,45,8_gaussians
10000,4,DSIVI,7.054757366724822,sgld_group_mean,seed45_dsivi_8_gaussians,45,8_gaussians
10000,5,DSIVI,7.770334414236494,sgld_group_mean,seed45_dsivi_8_gaussians,45,8_gaussians
10000,6,DSIVI,7.0165449359132435,sgld_group_mean,seed45_dsivi_8_gaussians,45,8_gaussians
10000,7,DSIVI,4.927075511180702,sgld_group_mean,seed45_dsivi_8_gaussians,45,8_gaussians
10000,8,DSIVI,3.469620256304686,sgld_group_mean,seed45_dsivi_8_gaussians,45,8_gaussians
10000,9,DSIVI,6.20467925632396,sgld_group_mean,seed45_dsivi_8_gaussians,45,8_gaussians
10000,0,DSIVI,6.833800992832227,sgld_group_mean,seed49_dsivi_8_gaussians,49,8_gaussians
10000,1,DSIVI,2.455883512449472,sgld_group_mean,seed49_dsivi_8_gaussians,49,8_gaussians
10000,2,DSIVI,10.0083255787572,sgld_group_mean,seed49_dsivi_8_gaussians,49,8_gaussians
10000,3,DSIVI,4.989934897078368,sgld_group_mean,seed49_dsivi_8_gaussians,49,8_gaussians
10000,4,DSIVI,3.52658166841674,sgld_group_mean,seed49_dsivi_8_gaussians,49,8_gaussians
10000,5,DSIVI,4.100630015447566,sgld_group_mean,seed49_dsivi_8_gaussians,49,8_gaussians
10000,6,DSIVI,3.337552783514811,sgld_group_mean,seed49_dsivi_8_gaussians,49,8_gaussians
10000,7,DSIVI,6.211369639559916,sgld_group_mean,seed49_dsivi_8_gaussians,49,8_gaussians
10000,8,DSIVI,6.076642850888116,sgld_group_mean,seed49_dsivi_8_gaussians,49,8_gaussians
10000,9,DSIVI,4.450451492819614,sgld_group_mean,seed49_dsivi_8_gaussians,49,8_gaussians
10000,0,DSIVI,1.4777979589049814,sgld_group_mean,seed50_dsivi_8_gaussians,50,8_gaussians
10000,1,DSIVI,5.8747373383047155,sgld_group_mean,seed50_dsivi_8_gaussians,50,8_gaussians
10000,2,DSIVI,5.958224405102477,sgld_group_mean,seed50_dsivi_8_gaussians,50,8_gaussians
10000,3,DSIVI,5.0308749649397555,sgld_group_mean,seed50_dsivi_8_gaussians,50,8_gaussians
10000,4,DSIVI,4.980719651286253,sgld_group_mean,seed50_dsivi_8_gaussians,50,8_gaussians
10000,5,DSIVI,2.160341895182793,sgld_group_mean,seed50_dsivi_8_gaussians,50,8_gaussians
10000,6,DSIVI,3.8413698748923713,sgld_group_mean,seed50_dsivi_8_gaussians,50,8_gaussians
10000,7,DSIVI,5.624968650072929,sgld_group_mean,seed50_dsivi_8_gaussians,50,8_gaussians
10000,8,DSIVI,7.036603834388778,sgld_group_mean,seed50_dsivi_8_gaussians,50,8_gaussians
10000,9,DSIVI,3.87296451107631,sgld_group_mean,seed50_dsivi_8_gaussians,50,8_gaussians
