recipe_id,mcmc_type,step_schedule,nominal_step,k_mode,annealing_steps,seeds_complete,n_seeds,kl_mean,kl_std,w2_mean,w2_std,pareto,status
mala-cos1to0p01d100k-k1-ann100k,mala,cosine,NA,k1,100000,"0,1,7",3,0.1547120037063223,0.026312458165660798,0.11942905684312184,0.023242146193173222,False,complete
mala-cos1to0p01d100k-k10-ann100k,mala,cosine,NA,k10,100000,"0,1,7",3,0.15865961734840445,0.021094949583443576,0.14326504866282144,0.0076911712037569975,False,complete
mala-cos1to0p01d100k-k1to20-ann100k,mala,cosine,NA,k1to20,100000,"0,1,7",3,0.13418257895457916,0.011339116541607783,0.09053714821736018,0.013287421197127615,False,complete
mala-cos1to0p01d100k-k2-ann100k,mala,cosine,NA,k2,100000,"0,1,7",3,0.1317831118484139,0.038640602585662126,0.11104922244946162,0.029665875414027727,False,complete
mala-cos1to0p01d100k-k5-ann100k,mala,cosine,NA,k5,100000,"0,1,7",3,0.12373260798808587,0.026259378010182487,0.13456295679012933,0.025764817867898936,False,complete
mala-cos1to0p01d50k-k1-ann50k,mala,cosine,NA,k1,50000,"0,1,7",3,0.1684461021921836,0.02130669166950134,0.16576209664344788,0.08599906288120501,False,complete
mala-cos1to0p01d50k-k10-ann50k,mala,cosine,NA,k10,50000,"0,1,7",3,0.09155142748499304,0.020850357612652384,0.10694426794846852,0.006832198090700599,False,complete
mala-cos1to0p01d50k-k1to20-ann50k,mala,cosine,NA,k1to20,50000,"0,1,7",3,0.07534711613059045,0.028999162956076952,0.10328015933434169,0.03293036858489421,False,complete
mala-cos1to0p01d50k-k2-ann50k,mala,cosine,NA,k2,50000,"0,1,7",3,0.1342358597013159,0.016509288228803258,0.15087076524893442,0.03940102384445687,False,complete
mala-cos1to0p01d50k-k5-ann50k,mala,cosine,NA,k5,50000,"0,1,7",3,0.11350653232951498,0.0049698867406755545,0.11579211056232452,0.021050322285778345,False,complete
mala-coupled-step0p02-k1-ann100k,mala,coupled,0.02,k1,100000,"0,1,7",3,0.24690682254714205,0.03328208508706595,0.30988269050916034,0.05403840268079224,False,complete
mala-coupled-step0p02-k1-ann50k,mala,coupled,0.02,k1,50000,"0,1,7",3,0.18330459005645824,0.018438837309797652,0.35687466462453205,0.03617964852355168,False,complete
mala-coupled-step0p02-k10-ann100k,mala,coupled,0.02,k10,100000,"0,1,7",3,0.11701079787458434,0.003704212005076003,0.12027803808450699,0.017006225977958922,False,complete
mala-coupled-step0p02-k10-ann50k,mala,coupled,0.02,k10,50000,"0,1,7",3,0.07555752030527624,0.009332674064103817,0.09645574788252513,0.0076801802949827995,False,complete
mala-coupled-step0p02-k1to20-ann100k,mala,coupled,0.02,k1to20,100000,"0,1,7",3,0.11604307057079292,0.029592129469788325,0.1953144520521164,0.06563772863437942,False,complete
mala-coupled-step0p02-k1to20-ann50k,mala,coupled,0.02,k1to20,50000,"0,1,7",3,0.09536542124778541,0.025669322155375943,0.2252542277177175,0.04163387686520991,False,complete
mala-coupled-step0p02-k2-ann100k,mala,coupled,0.02,k2,100000,"0,1,7",3,0.16682798933622442,0.04482712119153794,0.23122394333283106,0.12597281185268638,False,complete
mala-coupled-step0p02-k2-ann50k,mala,coupled,0.02,k2,50000,"0,1,7",3,0.1278585236572634,0.00585549059818143,0.2554937203725179,0.09287958249085038,False,complete
mala-coupled-step0p02-k5-ann100k,mala,coupled,0.02,k5,100000,"0,1,7",3,0.11953001619700908,0.015391806544442093,0.11181455850601196,0.040120171309600626,False,complete
mala-coupled-step0p02-k5-ann50k,mala,coupled,0.02,k5,50000,"0,1,7",3,0.08735385539615136,0.01805444757344148,0.147274819513162,0.07738968922208692,False,complete
mala-coupled-step0p05-k1-ann100k,mala,coupled,0.05,k1,100000,"0,1,7",3,0.13965348017697884,0.027442333427758748,0.18209567417701086,0.08497670879963354,False,complete
mala-coupled-step0p05-k1-ann50k,mala,coupled,0.05,k1,50000,"0,1,7",3,0.12127885813018278,0.03566537667401921,0.23937206963698068,0.10701748951179609,False,complete
mala-coupled-step0p05-k10-ann100k,mala,coupled,0.05,k10,100000,"0,1,7",3,0.1072228977165086,0.00657494576705835,0.08510989944140117,0.00450454666361951,False,complete
mala-coupled-step0p05-k10-ann50k,mala,coupled,0.05,k10,50000,"0,1,7",3,0.0741515156480789,0.01617296685854821,0.10349246114492416,0.009444592237769202,False,complete
mala-coupled-step0p05-k1to20-ann100k,mala,coupled,0.05,k1to20,100000,"0,1,7",3,0.13726146886093546,0.011620332642261423,0.14657536645730337,0.016066653827513294,False,complete
mala-coupled-step0p05-k1to20-ann50k,mala,coupled,0.05,k1to20,50000,"0,1,7",3,0.08118520700846636,0.03211116716529842,0.17726453642050424,0.052693634280791546,False,complete
mala-coupled-step0p05-k2-ann100k,mala,coupled,0.05,k2,100000,"0,1,7",3,0.1070920174616223,0.02892841986862767,0.0966270739833514,0.012328732427086812,False,complete
mala-coupled-step0p05-k2-ann50k,mala,coupled,0.05,k2,50000,"0,1,7",3,0.089254991573959,0.03148790915243967,0.1779180938998858,0.11033411086404735,False,complete
mala-coupled-step0p05-k5-ann100k,mala,coupled,0.05,k5,100000,"0,1,7",3,0.12216682242134633,0.007187401357718045,0.1382159342368444,0.05471327163672436,False,complete
mala-coupled-step0p05-k5-ann50k,mala,coupled,0.05,k5,50000,"0,1,7",3,0.09269871061617944,0.01312942907485375,0.17005597054958344,0.05439149698909477,False,complete
mala-coupled-step0p10-k1-ann100k,mala,coupled,0.10,k1,100000,"0,1,7",3,0.12784162030045318,0.008891022747107078,0.12682626148064932,0.04831007586603165,False,complete
mala-coupled-step0p10-k1-ann50k,mala,coupled,0.10,k1,50000,"0,1,7",3,0.09790387180569077,0.018603850008071913,0.15304836630821228,0.04833007630171557,False,complete
mala-coupled-step0p10-k10-ann100k,mala,coupled,0.10,k10,100000,"0,1,7",3,0.15458742222554814,0.008292207271005273,0.12896330654621124,0.023374303788765538,False,complete
mala-coupled-step0p10-k10-ann50k,mala,coupled,0.10,k10,50000,"0,1,7",3,0.09589038237780176,0.015290343605012887,0.09308825433254242,0.015877022524788093,False,complete
mala-coupled-step0p10-k1to20-ann100k,mala,coupled,0.10,k1to20,100000,"0,1,7",3,0.14206290177986164,0.014748560735085247,0.11760671685139339,0.052015270122265075,False,complete
mala-coupled-step0p10-k1to20-ann50k,mala,coupled,0.10,k1to20,50000,"0,1,7",3,0.09076573684598438,0.009169610813429232,0.09028798590103786,0.0227994395411504,False,complete
mala-coupled-step0p10-k2-ann100k,mala,coupled,0.10,k2,100000,"0,1,7",3,0.11736928680827247,0.0024738901316204414,0.12547115981578827,0.048262658286867696,False,complete
mala-coupled-step0p10-k2-ann50k,mala,coupled,0.10,k2,50000,"0,1,7",3,0.06784934079188165,0.007891521476103123,0.09650132308403651,0.0077674788491374856,False,complete
mala-coupled-step0p10-k5-ann100k,mala,coupled,0.10,k5,100000,"0,1,7",3,0.12355885247471467,0.03890495721749412,0.12690618634223938,0.03525575617496679,False,complete
mala-coupled-step0p10-k5-ann50k,mala,coupled,0.10,k5,50000,"0,1,7",3,0.09065312360203004,0.02364041978057487,0.12026871740818024,0.06121812604454752,False,complete
mala-coupled-step0p20-k1-ann100k,mala,coupled,0.20,k1,100000,"0,1,7",3,0.1300775361324112,0.02455840218912902,0.1583996539314588,0.09970263491728029,False,complete
mala-coupled-step0p20-k1-ann50k,mala,coupled,0.20,k1,50000,"0,1,7",3,0.07053024742680805,0.013415840204909742,0.17104196548461914,0.0362663248728268,False,complete
mala-coupled-step0p20-k10-ann100k,mala,coupled,0.20,k10,100000,"0,1,7",3,0.14539345865898975,0.009674253381710386,0.08773222068945567,0.013495084814557239,False,complete
mala-coupled-step0p20-k10-ann50k,mala,coupled,0.20,k10,50000,"0,1,7",3,0.1165829436099758,0.025731057057370024,0.0878104716539383,0.014663026077728718,False,complete
mala-coupled-step0p20-k1to20-ann100k,mala,coupled,0.20,k1to20,100000,"0,1,7",3,0.15544258132586825,0.03258215203239454,0.09879666070143382,0.0080899977142608,False,complete
mala-coupled-step0p20-k1to20-ann50k,mala,coupled,0.20,k1to20,50000,"0,1,7",3,0.0930341909267152,0.018935988562111764,0.10789623359839122,0.065048617611991,False,complete
mala-coupled-step0p20-k2-ann100k,mala,coupled,0.20,k2,100000,"0,1,7",3,0.10809834125286283,0.034473705631110095,0.1000772441426913,0.015122979932283113,False,complete
mala-coupled-step0p20-k2-ann50k,mala,coupled,0.20,k2,50000,"0,1,7",3,0.08707980025003258,0.011732560335614902,0.17318260173002878,0.08892128094269984,False,complete
mala-coupled-step0p20-k5-ann100k,mala,coupled,0.20,k5,100000,"0,1,7",3,0.14234270990636624,0.021224049551087858,0.08920776595671971,0.016479734984319865,False,complete
mala-coupled-step0p20-k5-ann50k,mala,coupled,0.20,k5,50000,"0,1,7",3,0.0897145712759231,0.024575401498829925,0.09596316268046697,0.004821782909608761,False,complete
mala-coupled-step0p50-k1-ann100k,mala,coupled,0.50,k1,100000,"0,1,7",3,0.13074232370827693,0.011689610980624442,0.10464134812355042,0.022297598261269792,False,complete
mala-coupled-step0p50-k1-ann50k,mala,coupled,0.50,k1,50000,"0,1,7",3,0.08872195040554211,0.013499775969281638,0.1003970354795456,0.01587611424700633,False,complete
mala-coupled-step0p50-k10-ann100k,mala,coupled,0.50,k10,100000,"0,1,7",3,0.43845519885314815,0.5163661251721567,0.34012309710184735,0.46568471980224724,False,complete
mala-coupled-step0p50-k10-ann50k,mala,coupled,0.50,k10,50000,"0,1,7",3,0.39252307823523686,0.5252640140523519,0.38003473232189816,0.4826951431089253,False,complete
mala-coupled-step0p50-k1to20-ann100k,mala,coupled,0.50,k1to20,100000,"0,1,7",3,0.17708626351757706,0.0312674206629634,0.08811658869187038,0.019125357028109774,False,complete
mala-coupled-step0p50-k1to20-ann50k,mala,coupled,0.50,k1to20,50000,"0,1,7",3,0.07891387903174535,0.009567076115501616,0.08848277231057484,0.009877279003222265,False,complete
mala-coupled-step0p50-k2-ann100k,mala,coupled,0.50,k2,100000,"0,1,7",3,0.11237011762717164,0.03106689073017439,0.0915156031648318,0.019718254816197402,False,complete
mala-coupled-step0p50-k2-ann50k,mala,coupled,0.50,k2,50000,"0,1,7",3,0.08794494942025442,0.002857484392443527,0.1092395931482315,0.02869938321417478,False,complete
mala-coupled-step0p50-k5-ann100k,mala,coupled,0.50,k5,100000,"0,1,7",3,0.12887026956851916,0.015669135170612428,0.08210969964663188,0.007322982701580457,False,complete
mala-coupled-step0p50-k5-ann50k,mala,coupled,0.50,k5,50000,"0,1,7",3,0.09143125765915124,0.015166447785181565,0.09388664116462071,0.024161257913278965,False,complete
sgld-cos1to0p01d100k-k1-ann100k,sgld,cosine,NA,k1,100000,"0,1,7",3,0.2031646840867255,0.025108159462976957,0.11938462406396866,0.0030060283818254562,False,complete
sgld-cos1to0p01d100k-k10-ann100k,sgld,cosine,NA,k10,100000,"0,1,7",3,0.4669524620787091,0.49450315370991943,0.37757154802481335,0.4437591100954733,False,complete
sgld-cos1to0p01d100k-k1to20-ann100k,sgld,cosine,NA,k1to20,100000,"0,1,7",3,0.19971085862454052,0.0012805787471809294,0.1303751344482104,0.03647258279598162,False,complete
sgld-cos1to0p01d100k-k2-ann100k,sgld,cosine,NA,k2,100000,"0,1,7",3,0.19341961670687532,0.02333396715005464,0.12745113422473273,0.011703009155575844,False,complete
sgld-cos1to0p01d100k-k5-ann100k,sgld,cosine,NA,k5,100000,"0,1,7",3,0.1972324396774626,0.021144463044507893,0.11351971328258514,0.0076407320735584535,False,complete
sgld-cos1to0p01d50k-k1-ann50k,sgld,cosine,NA,k1,50000,"0,1,7",3,0.17490956382287728,0.03286369112913646,0.1456770027677218,0.03819794790123512,False,complete
sgld-cos1to0p01d50k-k10-ann50k,sgld,cosine,NA,k10,50000,"0,1,7",3,0.11582536371507086,0.011969338256692833,0.09726395706335704,0.021100824650841538,False,complete
sgld-cos1to0p01d50k-k1to20-ann50k,sgld,cosine,NA,k1to20,50000,"0,1,7",3,0.09822082996757431,0.0032126990602394092,0.10057587673266728,0.012952403772889661,False,complete
sgld-cos1to0p01d50k-k2-ann50k,sgld,cosine,NA,k2,50000,"0,1,7",3,0.1322751743604041,0.007569657685819168,0.18248464167118073,0.12030613842180936,False,complete
sgld-cos1to0p01d50k-k5-ann50k,sgld,cosine,NA,k5,50000,"0,1,7",3,0.13023928256494108,0.020778746887060315,0.1583895261089007,0.08311011464410253,False,complete
sgld-coupled-step0p02-k1-ann100k,sgld,coupled,0.02,k1,100000,"0,1,7",3,0.19496834711857575,0.02169565978347855,0.21063760419686636,0.046264600654784244,False,complete
sgld-coupled-step0p02-k1-ann50k,sgld,coupled,0.02,k1,50000,"0,1,7",3,0.14989904670257764,0.012219121144810911,0.30843064188957214,0.05726299960558089,False,complete
sgld-coupled-step0p02-k10-ann100k,sgld,coupled,0.02,k10,100000,"0,1,7",3,0.11666029387453809,0.007113503582256937,0.10691336294015248,0.020805464429001958,False,complete
sgld-coupled-step0p02-k10-ann50k,sgld,coupled,0.02,k10,50000,"0,1,7",3,0.08079205537560562,0.025342056742202895,0.2030637115240097,0.14158517929414677,False,complete
sgld-coupled-step0p02-k1to20-ann100k,sgld,coupled,0.02,k1to20,100000,"0,1,7",3,0.13052232357307325,0.005651838163586021,0.17412508030732474,0.031865071931717046,False,complete
sgld-coupled-step0p02-k1to20-ann50k,sgld,coupled,0.02,k1to20,50000,"0,1,7",3,0.08841135523063152,0.0038186275268858295,0.2611392041047414,0.03749106608357968,False,complete
sgld-coupled-step0p02-k2-ann100k,sgld,coupled,0.02,k2,100000,"0,1,7",3,0.14505735240427017,0.01177162873538251,0.22099137802918753,0.13028954759498604,False,complete
sgld-coupled-step0p02-k2-ann50k,sgld,coupled,0.02,k2,50000,"0,1,7",3,0.11454929039027154,0.03224004398182003,0.2075875699520111,0.018661788456246556,False,complete
sgld-coupled-step0p02-k5-ann100k,sgld,coupled,0.02,k5,100000,"0,1,7",3,0.13331193311504258,0.025804677383760962,0.09691293289264043,0.030578042003673422,False,complete
sgld-coupled-step0p02-k5-ann50k,sgld,coupled,0.02,k5,50000,"0,1,7",3,0.09833800358992545,0.010596286165088203,0.15557527293761572,0.03165706748284867,False,complete
sgld-coupled-step0p05-k1-ann100k,sgld,coupled,0.05,k1,100000,"0,1,7",3,0.15659262767147997,0.01286746997792128,0.17543726662794748,0.03259874729965285,False,complete
sgld-coupled-step0p05-k1-ann50k,sgld,coupled,0.05,k1,50000,"0,1,7",3,0.1074796481756241,0.0055514613368738185,0.26339738070964813,0.09842719208472246,False,complete
sgld-coupled-step0p05-k10-ann100k,sgld,coupled,0.05,k10,100000,"0,1,7",3,0.13554497391169446,0.011531527002659322,0.15275530517101288,0.018143205554474438,False,complete
sgld-coupled-step0p05-k10-ann50k,sgld,coupled,0.05,k10,50000,"0,1,7",3,0.06476806489227338,0.004336603116160651,0.074616522838672,0.02824513321436792,True,complete
sgld-coupled-step0p05-k1to20-ann100k,sgld,coupled,0.05,k1to20,100000,"0,1,7",3,0.1413231265872859,0.008625423269270184,0.10720706234375636,0.042323753889989595,False,complete
sgld-coupled-step0p05-k1to20-ann50k,sgld,coupled,0.05,k1to20,50000,"0,1,7",3,0.08417552868380583,0.013127035775809748,0.12338763227065404,0.020316452078753156,False,complete
sgld-coupled-step0p05-k2-ann100k,sgld,coupled,0.05,k2,100000,"0,1,7",3,0.11636960222683074,0.01836990828909935,0.12576147665580115,0.009017718479574372,False,complete
sgld-coupled-step0p05-k2-ann50k,sgld,coupled,0.05,k2,50000,"0,1,7",3,0.07987845761893213,0.0320861617966991,0.10323705772558849,0.01638747494705761,False,complete
sgld-coupled-step0p05-k5-ann100k,sgld,coupled,0.05,k5,100000,"0,1,7",3,0.12350055239399811,0.026471281019520957,0.10386438171068828,0.01944869919814748,False,complete
sgld-coupled-step0p05-k5-ann50k,sgld,coupled,0.05,k5,50000,"0,1,7",3,0.07060363248659478,0.0061412724461416745,0.10169639686743419,0.05109388399536319,False,complete
sgld-coupled-step0p10-k1-ann100k,sgld,coupled,0.10,k1,100000,"0,1,7",3,0.12581465931935595,0.041942872460905105,0.1294936661918958,0.037643174931563064,False,complete
sgld-coupled-step0p10-k1-ann50k,sgld,coupled,0.10,k1,50000,"0,1,7",3,0.07351384527476763,0.02211301886539041,0.1338316798210144,0.08361502979623775,False,complete
sgld-coupled-step0p10-k10-ann100k,sgld,coupled,0.10,k10,100000,"0,1,7",3,0.14875273748293788,0.014390010871718189,0.13301512350638708,0.057142253225535455,False,complete
sgld-coupled-step0p10-k10-ann50k,sgld,coupled,0.10,k10,50000,"0,1,7",3,0.07237479165249235,0.01615097929707016,0.10636042555173238,0.03601399347491977,False,complete
sgld-coupled-step0p10-k1to20-ann100k,sgld,coupled,0.10,k1to20,100000,"0,1,7",3,0.16068454195423118,0.023538394075362623,0.09503845622142156,0.01529718710818743,False,complete
sgld-coupled-step0p10-k1to20-ann50k,sgld,coupled,0.10,k1to20,50000,"0,1,7",3,0.06891211473753142,0.024424962490859955,0.09340052555004756,0.053626217090590754,False,complete
sgld-coupled-step0p10-k2-ann100k,sgld,coupled,0.10,k2,100000,"0,1,7",3,0.10978435976078521,0.015183178565395118,0.10351043442885081,0.013776493225877552,False,complete
sgld-coupled-step0p10-k2-ann50k,sgld,coupled,0.10,k2,50000,"0,1,7",3,0.07406859691221564,0.0058345427978253065,0.1773077348868052,0.10897246714665994,False,complete
sgld-coupled-step0p10-k5-ann100k,sgld,coupled,0.10,k5,100000,"0,1,7",3,0.15799716838460393,0.006162961902985054,0.10436878353357315,0.029392666150865956,False,complete
sgld-coupled-step0p10-k5-ann50k,sgld,coupled,0.10,k5,50000,"0,1,7",3,0.08961032374483581,0.025340642438053444,0.10480958844224612,0.04686522885224951,False,complete
sgld-coupled-step0p20-k1-ann100k,sgld,coupled,0.20,k1,100000,"0,1,7",3,0.12882724164226672,0.01941134281755003,0.1254607836405436,0.018994423512752594,False,complete
sgld-coupled-step0p20-k1-ann50k,sgld,coupled,0.20,k1,50000,"0,1,7",3,0.078279806245844,0.030277024946678787,0.11086311936378479,0.011664490970172537,False,complete
sgld-coupled-step0p20-k10-ann100k,sgld,coupled,0.20,k10,100000,"0,1,7",3,0.4882457176783153,0.5363932461200681,0.3140871499975522,0.35756718077284155,False,complete
sgld-coupled-step0p20-k10-ann50k,sgld,coupled,0.20,k10,50000,"0,1,7",3,0.06694958505336704,0.015076441894516927,0.09680910656849544,0.020228907076968446,False,complete
sgld-coupled-step0p20-k1to20-ann100k,sgld,coupled,0.20,k1to20,100000,"0,1,7",3,0.16904162743454987,0.007469774869283012,0.11935474971930186,0.032177674391490954,False,complete
sgld-coupled-step0p20-k1to20-ann50k,sgld,coupled,0.20,k1to20,50000,"0,1,7",3,0.06719335696110505,0.013462569225975822,0.07116062194108963,0.0010528676814137113,True,complete
sgld-coupled-step0p20-k2-ann100k,sgld,coupled,0.20,k2,100000,"0,1,7",3,0.14760298533975852,0.02636752395230507,0.14297336091597876,0.033687804214739596,False,complete
sgld-coupled-step0p20-k2-ann50k,sgld,coupled,0.20,k2,50000,"0,1,7",3,0.06962736676289842,0.03340753810876789,0.15626664708058038,0.06961372859691095,False,complete
sgld-coupled-step0p20-k5-ann100k,sgld,coupled,0.20,k5,100000,"0,1,7",3,0.1454938661734276,0.011677169143039666,0.11919281135002772,0.039484788373393864,False,complete
sgld-coupled-step0p20-k5-ann50k,sgld,coupled,0.20,k5,50000,"0,1,7",3,0.0811457333843567,0.006382685520822295,0.10480538258949916,0.02547629717078887,False,complete
sgld-coupled-step0p50-k1-ann100k,sgld,coupled,0.50,k1,100000,"0,1,7",3,0.5773599313031244,0.510896748668673,0.36093977590401966,0.34402457182708784,False,complete
sgld-coupled-step0p50-k1-ann50k,sgld,coupled,0.50,k1,50000,"0,1,7",3,0.14066176311031872,0.017624907244035457,0.1454814150929451,0.03485077811644548,False,complete
sgld-coupled-step0p50-k10-ann100k,sgld,coupled,0.50,k10,100000,"0,1,7",3,1.2662616601973695,0.8533625691491833,0.5841546952724457,0.38239470436775874,False,complete
sgld-coupled-step0p50-k10-ann50k,sgld,coupled,0.50,k10,50000,"0,1,7",3,0.934411661542884,0.6464740284306719,0.4634345968564351,0.2881316529574143,False,complete
sgld-coupled-step0p50-k1to20-ann100k,sgld,coupled,0.50,k1to20,100000,"0,1,7",3,0.7531982323400793,0.5697709178042236,0.356943815946579,0.2987091109622677,False,complete
sgld-coupled-step0p50-k1to20-ann50k,sgld,coupled,0.50,k1to20,50000,"0,1,7",3,0.21477979250217916,0.007558929236110682,0.13839592039585114,0.005358717393158236,False,complete
sgld-coupled-step0p50-k2-ann100k,sgld,coupled,0.50,k2,100000,"0,1,7",3,0.3127598414305135,0.009246854443597052,0.16084607938925424,0.008894174418832383,False,complete
sgld-coupled-step0p50-k2-ann50k,sgld,coupled,0.50,k2,50000,"0,1,7",3,0.16604975554816553,0.011601399238283107,0.13038220008214316,0.014404518669255248,False,complete
sgld-coupled-step0p50-k5-ann100k,sgld,coupled,0.50,k5,100000,"0,1,7",3,0.9558504944031961,0.9995855978821977,0.4210627128680547,0.43722486509308134,False,complete
sgld-coupled-step0p50-k5-ann50k,sgld,coupled,0.50,k5,50000,"0,1,7",3,0.507339495323573,0.571504930502179,0.3111509730418523,0.2993303253252466,False,complete
