recipe_id,target,loss_label,loss_type,lr,metric_family,seeds_complete,n_seeds,status,pareto,loss_mean,loss_std,loss_count,loss_final_iter_min,loss_final_iter_max,kl_ite_mean,kl_ite_std,kl_ite_count,kl_ite_final_iter_min,kl_ite_final_iter_max,w2_mean,w2_std,w2_count,w2_final_iter_min,w2_final_iter_max,kde_expected_log_marginal_mean,kde_expected_log_marginal_std,kde_expected_log_marginal_count,kde_expected_log_marginal_final_iter_min,kde_expected_log_marginal_final_iter_max
KDVI-banana-L2_loss-lr2e-3,banana,L2_loss,paired_l2,2e-3,kl_w2,0,1,incomplete,False,,,0,,,5.831323697956163,,1,100000,100000,2.691056489944458,,1,100000,100000,,,0,,
KDVI-banana-L2_loss-lr1e-3,banana,L2_loss,paired_l2,1e-3,kl_w2,"0,1,7",3,complete,False,,,0,,,4.257494331307638,0.03097064257264102,3,100000,100000,1.6080691814422607,0.017351243471891566,3,100000,100000,,,0,,
KDVI-banana-L2_loss-lr5e-4,banana,L2_loss,paired_l2,5e-4,kl_w2,"0,1,7",3,complete,False,,,0,,,4.358736270102879,0.08365457053905502,3,100000,100000,1.6081533432006836,0.01744063933409896,3,100000,100000,,,0,,
KDVI-banana-L2_loss-lr2e-4,banana,L2_loss,paired_l2,2e-4,kl_w2,"0,1,7",3,complete,False,,,0,,,4.143289353578575,0.08665554741364422,3,100000,100000,1.6081690390904744,0.017484139970451586,3,100000,100000,,,0,,
KDVI-banana-L2_loss-lr1e-4,banana,L2_loss,paired_l2,1e-4,kl_w2,"0,1,7",3,complete,False,,,0,,,4.264780421622047,0.08174572948177816,3,100000,100000,1.6080456972122192,0.01742745145806213,3,100000,100000,,,0,,
KDVI-banana-sliced_W2-lr2e-3,banana,sliced_W2,sliced_w2,2e-3,kl_w2,"0,1,7",3,complete,False,,,0,,,2.847137784463804,0.21251361831578158,3,100000,100000,1.1694090366363525,0.07326398065604274,3,100000,100000,,,0,,
KDVI-banana-sliced_W2-lr1e-3,banana,sliced_W2,sliced_w2,1e-3,kl_w2,"0,1,7",3,complete,False,,,0,,,2.473782639165459,0.16991916858698292,3,100000,100000,1.1580993135770161,0.3873678928338254,3,100000,100000,,,0,,
KDVI-banana-sliced_W2-lr5e-4,banana,sliced_W2,sliced_w2,5e-4,kl_w2,"0,1,7",3,complete,False,,,0,,,2.180490567677797,0.19517534219878652,3,100000,100000,0.7390890717506409,0.050006870999618064,3,100000,100000,,,0,,
KDVI-banana-sliced_W2-lr2e-4,banana,sliced_W2,sliced_w2,2e-4,kl_w2,"0,1,7",3,complete,False,,,0,,,1.3912296078221669,1.205030454172498,3,100000,100000,0.7135264674822489,0.33073265219057907,3,100000,100000,,,0,,
KDVI-banana-sliced_W2-lr1e-4,banana,sliced_W2,sliced_w2,1e-4,kl_w2,"0,1,7",3,complete,True,,,0,,,0.023191826409681475,0.007266181106148147,3,100000,100000,0.3729611237843831,0.011347134349346822,3,100000,100000,,,0,,
KDVI-banana-mmd_no_detach-lr2e-3,banana,mmd_no_detach,mmd_no_detach,2e-3,kl_w2,"0,1,7",3,complete,False,,,0,,,1.6520490259217537,1.290292479817397,3,100000,100000,7.360547463099162,10.651545390301177,3,100000,100000,,,0,,
KDVI-banana-mmd_no_detach-lr1e-3,banana,mmd_no_detach,mmd_no_detach,1e-3,kl_w2,"0,1,7",3,complete,False,,,0,,,0.6602153753146991,0.9964951448892811,3,100000,100000,0.5877657930056254,0.1579265855985678,3,100000,100000,,,0,,
KDVI-banana-mmd_no_detach-lr5e-4,banana,mmd_no_detach,mmd_no_detach,5e-4,kl_w2,"0,1,7",3,complete,False,,,0,,,0.7506863291569577,1.1257600809259558,3,100000,100000,0.693221906820933,0.26172354286500343,3,100000,100000,,,0,,
KDVI-banana-mmd_no_detach-lr2e-4,banana,mmd_no_detach,mmd_no_detach,2e-4,kl_w2,"0,1,7",3,complete,False,,,0,,,0.6682113546866388,1.0697829589219532,3,100000,100000,0.49088725447654724,0.24451533577246548,3,100000,100000,,,0,,
KDVI-banana-mmd_no_detach-lr1e-4,banana,mmd_no_detach,mmd_no_detach,1e-4,kl_w2,"0,1,7",3,complete,False,,,0,,,0.05544706844926673,0.004711325178558542,3,100000,100000,0.38870304822921753,0.07711721244192483,3,100000,100000,,,0,,
KDVI-x_shaped-L2_loss-lr2e-3,x_shaped,L2_loss,paired_l2,2e-3,kl_w2,"0,1,7",3,complete,False,,,0,,,4.318636867899742,0.41640738133978067,3,100000,100000,1.3414445718129475,0.017447305450705275,3,100000,100000,,,0,,
KDVI-x_shaped-L2_loss-lr1e-3,x_shaped,L2_loss,paired_l2,1e-3,kl_w2,"0,1,7",3,complete,False,,,0,,,4.723336204677005,0.7002797041246976,3,100000,100000,2408626688.8960953,4171863799.3063087,3,100000,100000,,,0,,
KDVI-x_shaped-L2_loss-lr5e-4,x_shaped,L2_loss,paired_l2,5e-4,kl_w2,"0,1,7",3,complete,False,,,0,,,4.882876293427829,0.05139164858090463,3,100000,100000,1.3610941569010417,0.0002409100391943148,3,100000,100000,,,0,,
KDVI-x_shaped-L2_loss-lr2e-4,x_shaped,L2_loss,paired_l2,2e-4,kl_w2,"0,1,7",3,complete,False,,,0,,,4.867693480721673,0.21537021313915658,3,100000,100000,1.3610857725143433,0.00023774107396055526,3,100000,100000,,,0,,
KDVI-x_shaped-L2_loss-lr1e-4,x_shaped,L2_loss,paired_l2,1e-4,kl_w2,"0,1,7",3,complete,False,,,0,,,4.728297542307003,0.05244458635605918,3,100000,100000,1.3610596656799316,0.00023626694758592819,3,100000,100000,,,0,,
KDVI-x_shaped-sliced_W2-lr2e-3,x_shaped,sliced_W2,sliced_w2,2e-3,kl_w2,"0,1,7",3,complete,False,,,0,,,0.25835439318778036,0.20480716748449962,3,100000,100000,0.2525584014753501,0.18898974461463502,3,100000,100000,,,0,,
KDVI-x_shaped-sliced_W2-lr1e-3,x_shaped,sliced_W2,sliced_w2,1e-3,kl_w2,"0,1,7",3,complete,False,,,0,,,0.35972663542530875,0.015062096593098557,3,100000,100000,0.36274052659670514,0.00827024984272913,3,100000,100000,,,0,,
KDVI-x_shaped-sliced_W2-lr5e-4,x_shaped,sliced_W2,sliced_w2,5e-4,kl_w2,"0,1,7",3,complete,False,,,0,,,0.3486068718479384,0.0008889438200545788,3,100000,100000,0.3643568158149719,0.00853991992800609,3,100000,100000,,,0,,
KDVI-x_shaped-sliced_W2-lr2e-4,x_shaped,sliced_W2,sliced_w2,2e-4,kl_w2,"0,1,7",3,complete,False,,,0,,,0.3580594260345703,0.008590795778955343,3,100000,100000,0.3624855577945709,0.0075645801846764395,3,100000,100000,,,0,,
KDVI-x_shaped-sliced_W2-lr1e-4,x_shaped,sliced_W2,sliced_w2,1e-4,kl_w2,"0,1,7",3,complete,False,,,0,,,0.35780454675398626,0.013658231504516843,3,100000,100000,0.36234456300735474,0.012467812614202652,3,100000,100000,,,0,,
KDVI-x_shaped-mmd_no_detach-lr2e-3,x_shaped,mmd_no_detach,mmd_no_detach,2e-3,kl_w2,"0,1",2,incomplete,False,,,0,,,0.009632585763869656,0.012315962028308154,2,100000,100000,0.03628051932901144,0.007434336609486253,2,100000,100000,,,0,,
KDVI-x_shaped-mmd_no_detach-lr1e-3,x_shaped,mmd_no_detach,mmd_no_detach,1e-3,kl_w2,"1,7",2,incomplete,False,,,0,,,0.007117955178870273,0.00257754174045955,2,100000,100000,0.03103603795170784,0.0009346274391533306,2,100000,100000,,,0,,
KDVI-x_shaped-mmd_no_detach-lr5e-4,x_shaped,mmd_no_detach,mmd_no_detach,5e-4,kl_w2,"1,7",2,incomplete,False,,,0,,,0.0072344866016474975,0.008751825740481403,2,100000,100000,0.05341857485473156,7.346459113252023e-05,2,100000,100000,,,0,,
KDVI-x_shaped-mmd_no_detach-lr2e-4,x_shaped,mmd_no_detach,mmd_no_detach,2e-4,kl_w2,"0,1,7",3,complete,True,,,0,,,-0.004470040136810426,0.0030147038051485634,3,100000,100000,0.0529912697772185,0.011932130233447658,3,100000,100000,,,0,,
KDVI-x_shaped-mmd_no_detach-lr1e-4,x_shaped,mmd_no_detach,mmd_no_detach,1e-4,kl_w2,"0,1,7",3,complete,False,,,0,,,0.10487139791472216,0.019408987882128047,3,100000,100000,0.30728678901990253,0.030910634580466348,3,100000,100000,,,0,,
KDVI-multimodal-L2_loss-lr2e-3,multimodal,L2_loss,paired_l2,2e-3,kl_w2,"0,1,7",3,complete,False,,,0,,,5.543247309987003,0.24908220141857376,3,100000,100000,2.1840829054514566,0.019556714817820592,3,100000,100000,,,0,,
KDVI-multimodal-L2_loss-lr1e-3,multimodal,L2_loss,paired_l2,1e-3,kl_w2,"0,1,7",3,complete,False,,,0,,,5.570355588032547,0.22308958612574245,3,100000,100000,2.183800299962362,0.02037878983521837,3,100000,100000,,,0,,
KDVI-multimodal-L2_loss-lr5e-4,multimodal,L2_loss,paired_l2,5e-4,kl_w2,"0,1,7",3,complete,False,,,0,,,5.629077606015515,0.18876235392352286,3,100000,100000,2.1842718919118247,0.020107568283899258,3,100000,100000,,,0,,
KDVI-multimodal-L2_loss-lr2e-4,multimodal,L2_loss,paired_l2,2e-4,kl_w2,"0,1,7",3,complete,False,,,0,,,5.696853803983961,0.10967128517065833,3,100000,100000,2.185511032740275,0.018872119160627105,3,100000,100000,,,0,,
KDVI-multimodal-L2_loss-lr1e-4,multimodal,L2_loss,paired_l2,1e-4,kl_w2,"0,1,7",3,complete,False,,,0,,,5.583279137298823,0.17843490924287736,3,100000,100000,2.1836350758870444,0.020040941546848528,3,100000,100000,,,0,,
KDVI-multimodal-sliced_W2-lr2e-3,multimodal,sliced_W2,sliced_w2,2e-3,kl_w2,"0,1,7",3,complete,False,,,0,,,0.12746265519420538,0.09473788789321196,3,100000,100000,0.2157945353537798,0.16778657112843445,3,100000,100000,,,0,,
KDVI-multimodal-sliced_W2-lr1e-3,multimodal,sliced_W2,sliced_w2,1e-3,kl_w2,"0,1,7",3,complete,False,,,0,,,0.1892278852929401,0.009691952639661454,3,100000,100000,0.3126477003097534,0.0025655748689499035,3,100000,100000,,,0,,
KDVI-multimodal-sliced_W2-lr5e-4,multimodal,sliced_W2,sliced_w2,5e-4,kl_w2,"0,1,7",3,complete,False,,,0,,,0.18620840342115622,0.006897931980186811,3,100000,100000,0.3127557337284088,0.002512377354006634,3,100000,100000,,,0,,
KDVI-multimodal-sliced_W2-lr2e-4,multimodal,sliced_W2,sliced_w2,2e-4,kl_w2,"0,1,7",3,complete,False,,,0,,,0.12537870645653637,0.11866081753896497,3,100000,100000,0.21739769851167998,0.16506128395955785,3,100000,100000,,,0,,
KDVI-multimodal-sliced_W2-lr1e-4,multimodal,sliced_W2,sliced_w2,1e-4,kl_w2,"0,1,7",3,complete,False,,,0,,,0.013162300609883822,0.007865347019532348,3,100000,100000,0.033575113862752914,0.0016701671426909588,3,100000,100000,,,0,,
KDVI-multimodal-mmd_no_detach-lr2e-3,multimodal,mmd_no_detach,mmd_no_detach,2e-3,kl_w2,"0,7",2,incomplete,False,,,0,,,0.001756294416049932,0.007025652063194109,2,100000,100000,0.03322257846593857,0.01623596176569245,2,100000,100000,,,0,,
KDVI-multimodal-mmd_no_detach-lr1e-3,multimodal,mmd_no_detach,mmd_no_detach,1e-3,kl_w2,"0,1,7",3,complete,True,,,0,,,0.005217088075754123,0.003975118886987536,3,100000,100000,0.031141451249519985,0.00840878080503878,3,100000,100000,,,0,,
KDVI-multimodal-mmd_no_detach-lr5e-4,multimodal,mmd_no_detach,mmd_no_detach,5e-4,kl_w2,"0,1,7",3,complete,True,,,0,,,-0.0021049732076137344,0.009420397277816425,3,100000,100000,0.03476328713198503,0.007348656403006078,3,100000,100000,,,0,,
KDVI-multimodal-mmd_no_detach-lr2e-4,multimodal,mmd_no_detach,mmd_no_detach,2e-4,kl_w2,"0,1,7",3,complete,True,,,0,,,-0.010649105368890327,0.010651758154357762,3,100000,100000,0.034961093217134476,0.0060344732832820205,3,100000,100000,,,0,,
KDVI-multimodal-mmd_no_detach-lr1e-4,multimodal,mmd_no_detach,mmd_no_detach,1e-4,kl_w2,"0,1,7",3,complete,False,,,0,,,0.011250099855566596,0.010884217897349403,3,100000,100000,0.038636757681767143,0.005051292067674425,3,100000,100000,,,0,,
KDVI-8_gaussians-L2_loss-lr2e-3,8_gaussians,L2_loss,paired_l2,2e-3,kl_w2,"0,1,7",3,complete,False,,,0,,,5.70525112171703,0.21386961947594382,3,100000,100000,3.989609479904175,0.02607809160096482,3,100000,100000,,,0,,
KDVI-8_gaussians-L2_loss-lr1e-3,8_gaussians,L2_loss,paired_l2,1e-3,kl_w2,"0,1,7",3,complete,False,,,0,,,5.648224787857935,0.14640983396011822,3,100000,100000,3.9904170831044516,0.034660356461076985,3,100000,100000,,,0,,
KDVI-8_gaussians-L2_loss-lr5e-4,8_gaussians,L2_loss,paired_l2,5e-4,kl_w2,"0,1,7",3,complete,False,,,0,,,5.637155688853992,0.2876437394256959,3,100000,100000,4.012409448623657,0.010861328625257875,3,100000,100000,,,0,,
KDVI-8_gaussians-L2_loss-lr2e-4,8_gaussians,L2_loss,paired_l2,2e-4,kl_w2,"0,1,7",3,complete,False,,,0,,,5.473134126632155,0.12863111033990304,3,100000,100000,4.002187569936116,0.02528192533960935,3,100000,100000,,,0,,
KDVI-8_gaussians-L2_loss-lr1e-4,8_gaussians,L2_loss,paired_l2,1e-4,kl_w2,"0,1,7",3,complete,False,,,0,,,5.84465438075498,0.4006407721840531,3,100000,100000,3.9901516437530518,0.025180793086408818,3,100000,100000,,,0,,
KDVI-8_gaussians-sliced_W2-lr2e-3,8_gaussians,sliced_W2,sliced_w2,2e-3,kl_w2,"0,1,7",3,complete,True,,,0,,,0.032493535987880226,0.003998228608852075,3,100000,100000,0.1486054410537084,0.057771617738454635,3,100000,100000,,,0,,
KDVI-8_gaussians-sliced_W2-lr1e-3,8_gaussians,sliced_W2,sliced_w2,1e-3,kl_w2,"0,1,7",3,complete,False,,,0,,,0.37062726019383285,0.5833172925921979,3,100000,100000,0.41622039924065274,0.6060693937012112,3,100000,100000,,,0,,
KDVI-8_gaussians-sliced_W2-lr5e-4,8_gaussians,sliced_W2,sliced_w2,5e-4,kl_w2,"0,1,7",3,complete,True,,,0,,,0.06591233412933904,0.01324950391544803,3,100000,100000,0.0772162601351738,0.01152819453935365,3,100000,100000,,,0,,
KDVI-8_gaussians-sliced_W2-lr2e-4,8_gaussians,sliced_W2,sliced_w2,2e-4,kl_w2,"0,1,7",3,complete,False,,,0,,,0.09123045071871365,0.010997320354388105,3,100000,100000,0.12515228490034738,0.015492055094882905,3,100000,100000,,,0,,
KDVI-8_gaussians-sliced_W2-lr1e-4,8_gaussians,sliced_W2,sliced_w2,1e-4,kl_w2,"0,1,7",3,complete,False,,,0,,,0.14634657372073884,0.010706104186148355,3,100000,100000,0.09771639853715897,0.0105779432393218,3,100000,100000,,,0,,
KDVI-8_gaussians-mmd_no_detach-lr2e-3,8_gaussians,mmd_no_detach,mmd_no_detach,2e-3,kl_w2,"0,1,7",3,complete,True,,,0,,,0.01950867421200425,0.008228309669682073,3,100000,100000,0.205756147702535,0.05974685370735863,3,100000,100000,,,0,,
KDVI-8_gaussians-mmd_no_detach-lr1e-3,8_gaussians,mmd_no_detach,mmd_no_detach,1e-3,kl_w2,"0,1,7",3,complete,True,,,0,,,0.026935455859032845,0.001347572644898156,3,100000,100000,0.188209002216657,0.04594379046113631,3,100000,100000,,,0,,
KDVI-8_gaussians-mmd_no_detach-lr5e-4,8_gaussians,mmd_no_detach,mmd_no_detach,5e-4,kl_w2,"0,1,7",3,complete,True,,,0,,,0.050783476954372284,0.019268430172141547,3,100000,100000,0.11662075171868007,0.05416201434103298,3,100000,100000,,,0,,
KDVI-8_gaussians-mmd_no_detach-lr2e-4,8_gaussians,mmd_no_detach,mmd_no_detach,2e-4,kl_w2,"0,1,7",3,complete,False,,,0,,,0.8168042146243459,0.08416928974744597,3,100000,100000,2.032487670580546,0.5417138078761454,3,100000,100000,,,0,,
KDVI-8_gaussians-mmd_no_detach-lr1e-4,8_gaussians,mmd_no_detach,mmd_no_detach,1e-4,kl_w2,"0,1,7",3,complete,False,,,0,,,2.07627809357756,0.029377486681388527,3,100000,100000,3.669816017150879,0.002975407901338451,3,100000,100000,,,0,,
KDVI-student_uc-L2_loss-lr2e-3,student_uc,L2_loss,paired_l2,2e-3,kl_w2,,0,incomplete,False,,,0,,,,,0,,,,,0,,,,,0,,
KDVI-student_uc-L2_loss-lr1e-3,student_uc,L2_loss,paired_l2,1e-3,kl_w2,"0,1,7",3,complete,False,,,0,,,2.6674984506714865,0.07823034265613985,3,100000,100000,0.9743910233179728,0.005454394052974763,3,100000,100000,,,0,,
KDVI-student_uc-L2_loss-lr5e-4,student_uc,L2_loss,paired_l2,5e-4,kl_w2,"0,1,7",3,complete,False,,,0,,,2.647833208805682,0.027373700327208057,3,100000,100000,0.9743905266125997,0.005453630103322952,3,100000,100000,,,0,,
KDVI-student_uc-L2_loss-lr2e-4,student_uc,L2_loss,paired_l2,2e-4,kl_w2,"0,1,7",3,complete,False,,,0,,,2.635906942697375,0.044834699776908904,3,100000,100000,0.97439044713974,0.005451174469448493,3,100000,100000,,,0,,
KDVI-student_uc-L2_loss-lr1e-4,student_uc,L2_loss,paired_l2,1e-4,kl_w2,"0,1,7",3,complete,False,,,0,,,2.6343522639491814,0.011119041953128598,3,100000,100000,0.9743901888529459,0.005452507372324217,3,100000,100000,,,0,,
KDVI-student_uc-sliced_W2-lr2e-3,student_uc,sliced_W2,sliced_w2,2e-3,kl_w2,"0,1,7",3,complete,True,,,0,,,0.031192865096584477,0.005155523595074246,3,100000,100000,0.5711812178293864,0.010945227781004893,3,100000,100000,,,0,,
KDVI-student_uc-sliced_W2-lr1e-3,student_uc,sliced_W2,sliced_w2,1e-3,kl_w2,"0,1,7",3,complete,True,,,0,,,0.009563774781111882,0.005195092870689983,3,100000,100000,0.5789966185887655,0.010343064691525784,3,100000,100000,,,0,,
KDVI-student_uc-sliced_W2-lr5e-4,student_uc,sliced_W2,sliced_w2,5e-4,kl_w2,"0,1,7",3,complete,False,,,0,,,0.012720380526354005,0.00540575507165076,3,100000,100000,0.5877665877342224,0.0037570846416959216,3,100000,100000,,,0,,
KDVI-student_uc-sliced_W2-lr2e-4,student_uc,sliced_W2,sliced_w2,2e-4,kl_w2,"0,1,7",3,complete,False,,,0,,,0.013358328462092787,0.01548441329703215,3,100000,100000,0.5931565165519714,0.00903435090263081,3,100000,100000,,,0,,
KDVI-student_uc-sliced_W2-lr1e-4,student_uc,sliced_W2,sliced_w2,1e-4,kl_w2,"0,1,7",3,complete,False,,,0,,,0.026761938895807,0.00612187709100404,3,100000,100000,0.6066787441571554,0.0027094147851215917,3,100000,100000,,,0,,
KDVI-student_uc-mmd_no_detach-lr2e-3,student_uc,mmd_no_detach,mmd_no_detach,2e-3,kl_w2,,0,incomplete,False,,,0,,,,,0,,,,,0,,,,,0,,
KDVI-student_uc-mmd_no_detach-lr1e-3,student_uc,mmd_no_detach,mmd_no_detach,1e-3,kl_w2,,0,incomplete,False,,,0,,,,,0,,,,,0,,,,,0,,
KDVI-student_uc-mmd_no_detach-lr5e-4,student_uc,mmd_no_detach,mmd_no_detach,5e-4,kl_w2,,0,incomplete,False,,,0,,,,,0,,,,,0,,,,,0,,
KDVI-student_uc-mmd_no_detach-lr2e-4,student_uc,mmd_no_detach,mmd_no_detach,2e-4,kl_w2,,0,incomplete,False,,,0,,,,,0,,,,,0,,,,,0,,
KDVI-student_uc-mmd_no_detach-lr1e-4,student_uc,mmd_no_detach,mmd_no_detach,1e-4,kl_w2,,0,incomplete,False,,,0,,,,,0,,,,,0,,,,,0,,
