step,acceptance_rate,window_acceptance_rate,mean_log_posterior,epsilon_mean_norm,epsilon_sd_mean
0.0,0.0,0.0,-1076.81005859375,0.5844430327415466,0.9949524402618408
50.0,0.9665625,0.9665625,-201.9754638671875,0.5944294929504395,0.868782639503479
100.0,0.9671875000000001,0.9678125,-197.1239013671875,0.6049059629440308,0.8479539752006531
150.0,0.9671875,0.9671875000000001,-195.46038818359375,0.6100656986236572,0.8266105651855469
200.0,0.967421875,0.968125,-194.27157592773438,0.6207332611083984,0.8180437088012695
250.0,0.967625,0.9684375000000001,-193.2106170654297,0.6271991729736328,0.8041677474975586
300.0,0.9677083333333333,0.968125,-192.70079040527344,0.6322478652000427,0.7957769632339478
350.0,0.9678125,0.9684375000000001,-192.27903747558594,0.6523120999336243,0.7883956432342529
400.0,0.9678515624999999,0.968125,-191.81292724609375,0.6651480793952942,0.7898690700531006
450.0,0.9679166666666668,0.9684375000000001,-191.7248077392578,0.6634275317192078,0.7764083743095398
500.0,0.96796875,0.9684375000000001,-191.3263702392578,0.6592634320259094,0.7760763168334961
550.0,0.9680397727272727,0.96875,-191.02684020996094,0.663418710231781,0.7615675926208496
600.0,0.968046875,0.968125,-190.56723022460938,0.6716224551200867,0.7585098743438721
650.0,0.9680288461538462,0.9678125,-190.44505310058594,0.6715822815895081,0.7588979005813599
700.0,0.9680580357142857,0.9684375000000001,-190.4518585205078,0.6668094992637634,0.7671868801116943
750.0,0.9680833333333333,0.9684375000000001,-190.40928649902344,0.6907577514648438,0.7676950693130493
800.0,0.96806640625,0.9678125,-190.4234161376953,0.68819260597229,0.7640185356140137
850.0,0.9680882352941176,0.9684375000000001,-190.2554931640625,0.6925967335700989,0.764603316783905
900.0,0.9681076388888888,0.9684375000000001,-190.03367614746094,0.69094318151474,0.762222170829773
950.0,0.9681249999999999,0.9684375000000001,-189.87350463867188,0.7090780735015869,0.7500979900360107
1000.0,0.96809375,0.9675,-189.77220153808594,0.7160317897796631,0.7465450763702393
1050.0,0.9681101190476191,0.9684375000000001,-189.7207489013672,0.7212802171707153,0.7461671829223633
1100.0,0.9681107954545454,0.968125,-189.63548278808594,0.7174709439277649,0.7503003478050232
1150.0,0.968125,0.9684375000000001,-189.4991455078125,0.7099227905273438,0.740607738494873
1200.0,0.9680859374999999,0.9671875000000001,-189.45718383789062,0.7183761596679688,0.7480030059814453
1250.0,0.9680875,0.968125,-189.45498657226562,0.7100750803947449,0.7520800232887268
1300.0,0.9680889423076924,0.968125,-189.46226501464844,0.7196674346923828,0.7480486035346985
1350.0,0.9680787037037037,0.9678125,-189.47036743164062,0.7288223505020142,0.7468915581703186
1400.0,0.9680803571428571,0.968125,-189.4502716064453,0.7329442501068115,0.7469762563705444
1450.0,0.968092672413793,0.9684375000000001,-189.4105682373047,0.7385362386703491,0.7439277172088623
1500.0,0.96809375,0.968125,-189.3545379638672,0.7419063448905945,0.7398144006729126
1550.0,0.9681149193548387,0.96875,-189.36569213867188,0.7451680898666382,0.7393505573272705
1600.0,0.968125,0.9684375000000001,-189.37269592285156,0.7441930770874023,0.7440411448478699
1650.0,0.9681344696969697,0.9684375000000001,-189.4097900390625,0.7481417059898376,0.7427237033843994
1700.0,0.9681158088235293,0.9675,-189.4274444580078,0.7560303211212158,0.7417814135551453
1750.0,0.9681250000000001,0.9684375000000001,-189.29946899414062,0.7580024003982544,0.7443857192993164
1800.0,0.968125,0.968125,-189.24838256835938,0.7518548965454102,0.7321015000343323
1850.0,0.968133445945946,0.9684375000000001,-189.2747802734375,0.7512473464012146,0.7268838882446289
1900.0,0.968141447368421,0.9684375000000001,-189.3273468017578,0.745825469493866,0.7287310361862183
1950.0,0.9681490384615384,0.9684375000000001,-189.59323120117188,0.7400481700897217,0.7294858694076538
2000.0,0.9681640625000001,0.96875,-189.4464569091797,0.7314112782478333,0.7319842576980591
2050.0,0.968155487804878,0.9678125,-189.28598022460938,0.7329923510551453,0.7245158553123474
2100.0,0.9681696428571429,0.96875,-189.15609741210938,0.7334884405136108,0.7156993746757507
2150.0,0.9681613372093023,0.9678125,-189.20399475097656,0.7299287915229797,0.7172057628631592
2200.0,0.9681747159090909,0.96875,-189.02915954589844,0.7383409738540649,0.7209222316741943
2250.0,0.9681736111111111,0.968125,-189.05355834960938,0.7410724759101868,0.7286698222160339
2300.0,0.9681657608695653,0.9678125,-189.14279174804688,0.7592336535453796,0.7361043691635132
2350.0,0.9681715425531915,0.9684375000000001,-189.12454223632812,0.7504108548164368,0.7404155731201172
2400.0,0.9681770833333334,0.9684375000000001,-189.09475708007812,0.7466273903846741,0.7321035265922546
2450.0,0.9681887755102041,0.96875,-189.13597106933594,0.7448810338973999,0.7358962297439575
2500.0,0.96819375,0.9684375000000001,-189.17501831054688,0.7526639699935913,0.7449201345443726
2550.0,0.9681985294117647,0.9684375000000001,-189.12930297851562,0.7612329125404358,0.7407315373420715
2600.0,0.9681971153846154,0.968125,-189.09744262695312,0.7743560671806335,0.7390810251235962
2650.0,0.9682075471698113,0.96875,-189.0430908203125,0.7730826735496521,0.7384878396987915
2700.0,0.9682118055555555,0.9684375000000001,-189.229248046875,0.7725365161895752,0.7459473609924316
2750.0,0.968215909090909,0.9684375000000001,-189.12322998046875,0.7674910426139832,0.7471660375595093
2800.0,0.9682198660714286,0.9684375000000001,-189.11817932128906,0.7804422378540039,0.7489208579063416
2850.0,0.9682236842105262,0.9684375000000001,-189.16090393066406,0.7719855308532715,0.7374110817909241
2900.0,0.9682058189655172,0.9671875,-189.10923767089844,0.7697681784629822,0.7359374761581421
2950.0,0.9682044491525423,0.968125,-188.9890899658203,0.7676705121994019,0.7285043597221375
3000.0,0.9682083333333333,0.9684375000000001,-189.0426483154297,0.7633832693099976,0.7330293655395508
3050.0,0.9682172131147542,0.96875,-188.99603271484375,0.7628011703491211,0.7311774492263794
3100.0,0.9682258064516129,0.96875,-188.97044372558594,0.7538135051727295,0.7275870442390442
3150.0,0.9682291666666667,0.9684375000000001,-188.9861602783203,0.7384291291236877,0.7193486094474792
3200.0,0.9682275390625,0.968125,-189.060546875,0.7389941811561584,0.7210124731063843
3250.0,0.9682259615384615,0.968125,-188.94061279296875,0.7545002698898315,0.7349995970726013
3300.0,0.9682291666666667,0.9684375000000001,-189.0038604736328,0.7385214567184448,0.7390376329421997
3350.0,0.968232276119403,0.9684375000000001,-189.00242614746094,0.729165256023407,0.7414963245391846
3400.0,0.9682306985294117,0.968125,-189.063720703125,0.7382315993309021,0.7465857267379761
3450.0,0.9682291666666667,0.968125,-189.0048370361328,0.7388085126876831,0.7499630451202393
3500.0,0.9682276785714286,0.968125,-189.0376434326172,0.7514602541923523,0.7539073824882507
3550.0,0.9682306338028168,0.9684375000000001,-189.02821350097656,0.7361345887184143,0.7541558742523193
3600.0,0.9682335069444444,0.9684375000000001,-189.01492309570312,0.7334568500518799,0.7407314777374268
3650.0,0.9682405821917808,0.96875,-189.04165649414062,0.7220032811164856,0.7389175295829773
3700.0,0.9682347972972973,0.9678125,-189.0106658935547,0.7148467898368835,0.7384178638458252
3750.0,0.9682375000000001,0.9684375000000001,-188.96376037597656,0.723983645439148,0.7358145117759705
3800.0,0.9682277960526317,0.9675,-188.89181518554688,0.7313624620437622,0.7291127443313599
3850.0,0.9682305194805194,0.9684375000000001,-188.98373413085938,0.7377643585205078,0.7145529985427856
3900.0,0.9682291666666667,0.968125,-188.9740753173828,0.7242074608802795,0.7172175645828247
3950.0,0.9682278481012658,0.968125,-188.98574829101562,0.7283930778503418,0.7145065069198608
4000.0,0.9682304687500001,0.9684375000000001,-188.8948211669922,0.7264662384986877,0.7074851989746094
4050.0,0.9682291666666667,0.968125,-189.06436157226562,0.7332399487495422,0.7123301029205322
4100.0,0.9682278963414634,0.968125,-189.0354766845703,0.7305478453636169,0.7074289321899414
4150.0,0.968230421686747,0.9684375000000001,-188.96046447753906,0.7219484448432922,0.7038905620574951
4200.0,0.9682291666666667,0.968125,-189.0018768310547,0.7226421236991882,0.7010499835014343
4250.0,0.9682316176470589,0.9684375000000001,-188.96238708496094,0.7191730737686157,0.6927136182785034
4300.0,0.9682376453488373,0.96875,-188.96636962890625,0.7103927135467529,0.7010730504989624
4350.0,0.9682291666666667,0.9675,-188.9292449951172,0.7184882164001465,0.7066130638122559
4400.0,0.9682208806818182,0.9675,-189.0583038330078,0.7255774140357971,0.709372341632843
4450.0,0.9682233146067416,0.9684375000000001,-189.02593994140625,0.7030362486839294,0.7122045755386353
4500.0,0.9682256944444445,0.9684375000000001,-189.07760620117188,0.704879641532898,0.7160632610321045
4550.0,0.9682280219780219,0.9684375000000001,-189.06161499023438,0.7027474045753479,0.7163195610046387
4600.0,0.9682302989130436,0.9684375000000001,-189.14425659179688,0.697725772857666,0.7111736536026001
4650.0,0.9682291666666667,0.968125,-188.97972106933594,0.6992342472076416,0.7096558809280396
4700.0,0.9682313829787235,0.9684375000000001,-189.09844970703125,0.697731077671051,0.7091110944747925
4750.0,0.9682335526315791,0.9684375000000001,-189.07449340820312,0.7162965536117554,0.712772011756897
4800.0,0.9682259114583334,0.9675,-188.98388671875,0.7325785756111145,0.7164260149002075
4850.0,0.9682313144329897,0.96875,-189.04920959472656,0.7408361434936523,0.7127211093902588
4900.0,0.9682334183673469,0.9684375000000001,-189.03192138671875,0.7395793199539185,0.721793532371521
4950.0,0.9682323232323232,0.968125,-188.9568634033203,0.7333737015724182,0.7183350324630737
5000.0,0.96823125,0.968125,-188.8708038330078,0.7286544442176819,0.7106640934944153
5050.0,0.968233292079208,0.9684375000000001,-188.84747314453125,0.7427591681480408,0.7020756006240845
5100.0,0.9682322303921568,0.968125,-189.0428466796875,0.7261137366294861,0.7016251087188721
5150.0,0.9682311893203883,0.968125,-188.92584228515625,0.7188999056816101,0.7017511129379272
5200.0,0.9682301682692307,0.968125,-188.9788360595703,0.7266178131103516,0.7055845260620117
5250.0,0.9682232142857143,0.9675,-189.02688598632812,0.725816547870636,0.7007220983505249
5300.0,0.968216391509434,0.9675,-189.01377868652344,0.7500686049461365,0.7002263069152832
5350.0,0.9682067757009346,0.9671875000000001,-188.9985809326172,0.7474473714828491,0.6968417763710022
5400.0,0.9682031249999999,0.9678125,-188.99090576171875,0.7509191632270813,0.7085028886795044
5450.0,0.9681995412844037,0.9678125,-189.0262908935547,0.7582868933677673,0.7061740756034851
5500.0,0.9681903409090908,0.9671875000000001,-188.9998779296875,0.7541276812553406,0.7064754962921143
5550.0,0.9681925675675676,0.9684375000000001,-188.98500061035156,0.7419275045394897,0.7005200982093811
5600.0,0.9681835937500001,0.9671875000000001,-189.0654754638672,0.734321117401123,0.7025178074836731
5650.0,0.9681803097345133,0.9678125,-188.97235107421875,0.7469931244850159,0.7042596340179443
5700.0,0.9681825657894736,0.9684375000000001,-189.0136260986328,0.7584118247032166,0.7104111909866333
5750.0,0.968179347826087,0.9678125,-188.99530029296875,0.7563052773475647,0.7138218879699707
5800.0,0.9681761853448275,0.9678125,-188.97653198242188,0.7488937377929688,0.7110927700996399
5850.0,0.9681784188034188,0.9684375000000001,-189.0819549560547,0.7307969331741333,0.7167303562164307
5900.0,0.9681779661016949,0.968125,-189.12026977539062,0.7564540505409241,0.7190948724746704
5950.0,0.9681801470588236,0.9684375000000001,-188.90855407714844,0.7715590000152588,0.7270104289054871
6000.0,0.9681744791666667,0.9675,-188.97836303710938,0.7774742245674133,0.7313878536224365
6050.0,0.9681714876033057,0.9678125,-188.92481994628906,0.7847349047660828,0.7281838059425354
6100.0,0.9681634221311475,0.9671875000000001,-188.9122314453125,0.7748538255691528,0.7271483540534973
6150.0,0.9681529471544715,0.9668749999999999,-188.9259796142578,0.7759799361228943,0.7297431230545044
6200.0,0.9681451612903226,0.9671875000000001,-188.88267517089844,0.7817324995994568,0.7352687120437622
6250.0,0.968145,0.968125,-188.88949584960938,0.7723935842514038,0.7347604632377625
6300.0,0.9681448412698412,0.968125,-188.91014099121094,0.7655317783355713,0.7246869206428528
6350.0,0.9681471456692914,0.9684375000000001,-188.93521118164062,0.7541285157203674,0.7244384288787842
6400.0,0.96814208984375,0.9675,-188.9867706298828,0.7526639103889465,0.7275468707084656
6450.0,0.9681443798449612,0.9684375000000001,-188.9725341796875,0.7630516290664673,0.7302114963531494
6500.0,0.9681466346153846,0.9684375000000001,-188.88966369628906,0.7595221996307373,0.7251520156860352
6550.0,0.9681440839694656,0.9678125,-188.88291931152344,0.7651243805885315,0.71954345703125
6600.0,0.9681392045454545,0.9675,-189.0703887939453,0.7650859355926514,0.7298585176467896
6650.0,0.9681343984962406,0.9675,-189.07850646972656,0.7730872631072998,0.740200400352478
6700.0,0.9681296641791044,0.9675,-189.064453125,0.7966893911361694,0.7495091557502747
6750.0,0.9681296296296297,0.968125,-189.02159118652344,0.8050616383552551,0.744741678237915
6800.0,0.9681318933823528,0.9684375000000001,-189.1656036376953,0.8096350431442261,0.7454516887664795
6850.0,0.9681250000000001,0.9671875000000001,-188.9898681640625,0.8011950850486755,0.7262840270996094
6900.0,0.968125,0.968125,-189.13966369628906,0.7866834998130798,0.7250804305076599
6950.0,0.9681249999999999,0.968125,-188.98536682128906,0.784404993057251,0.7191613912582397
7000.0,0.9681205357142858,0.9675,-189.00137329101562,0.7724294662475586,0.7195075750350952
7050.0,0.9681205673758866,0.968125,-188.97592163085938,0.7617081999778748,0.7172179222106934
7100.0,0.9681161971830986,0.9675,-188.9905548095703,0.7618927359580994,0.7194879651069641
7150.0,0.9681206293706294,0.96875,-189.03594970703125,0.7736759185791016,0.7300889492034912
7200.0,0.9681184895833335,0.9678125,-189.0820770263672,0.7734521627426147,0.725395143032074
7250.0,0.9681206896551724,0.9684375000000001,-189.0658416748047,0.781471312046051,0.7257421016693115
7300.0,0.9681121575342465,0.966875,-189.08216857910156,0.7816230058670044,0.7187987565994263
7350.0,0.9681079931972789,0.9675,-189.2152557373047,0.7847820520401001,0.7216142416000366
7400.0,0.9681059966216217,0.9678125,-189.29762268066406,0.7716692090034485,0.7188006639480591
7450.0,0.96810822147651,0.9684375000000001,-189.29818725585938,0.7636470794677734,0.724772572517395
7500.0,0.9681062500000001,0.9678125,-189.13621520996094,0.7751978039741516,0.7248203754425049
7550.0,0.9681084437086092,0.9684375000000001,-189.0931854248047,0.7761751413345337,0.7282888293266296
7600.0,0.9681003289473684,0.966875,-189.11940002441406,0.7775205373764038,0.7232276201248169
7650.0,0.9681025326797386,0.9684375000000001,-189.21368408203125,0.7748508453369141,0.7178707122802734
7700.0,0.9681047077922078,0.9684375000000001,-189.05215454101562,0.7689947485923767,0.726079523563385
7750.0,0.9681048387096775,0.968125,-189.07330322265625,0.7815225124359131,0.7189145088195801
7800.0,0.9681009615384615,0.9675,-189.1606903076172,0.7567570805549622,0.7276575565338135
7850.0,0.9681011146496814,0.968125,-189.0816192626953,0.7615612149238586,0.7230821251869202
7900.0,0.9680973101265824,0.9675,-189.19252014160156,0.7633584141731262,0.7288526296615601
7950.0,0.9680974842767295,0.968125,-189.075439453125,0.7639977931976318,0.7284618616104126
8000.0,0.9680976562500001,0.968125,-189.24436950683594,0.7491443157196045,0.7279536724090576
8050.0,0.9680997670807454,0.9684375000000001,-189.21128845214844,0.7377611994743347,0.736222505569458
8100.0,0.9680960648148149,0.9675,-189.3350372314453,0.736598789691925,0.7442853450775146
8150.0,0.9680981595092024,0.9684375000000001,-189.21041870117188,0.7306932806968689,0.7352232933044434
8200.0,0.9680964176829268,0.9678125,-189.23699951171875,0.7340423464775085,0.7371801137924194
8250.0,0.9680965909090908,0.968125,-189.29624938964844,0.7240177989006042,0.7320091724395752
8300.0,0.9680948795180723,0.9678125,-189.17019653320312,0.7282484173774719,0.7248114347457886
8350.0,0.9680950598802395,0.968125,-189.28089904785156,0.7233680486679077,0.7374440431594849
8400.0,0.9680915178571429,0.9675,-189.05401611328125,0.7089470624923706,0.7264028787612915
8450.0,0.9680935650887574,0.9684375000000001,-189.01239013671875,0.7203376889228821,0.7306846380233765
8500.0,0.9680974264705883,0.96875,-189.0325164794922,0.7222954034805298,0.7253047823905945
8550.0,0.9681012426900585,0.96875,-189.01087951660156,0.7316932678222656,0.7235540151596069
8600.0,0.9680995639534884,0.9678125,-189.02362060546875,0.7307834029197693,0.7232149839401245
8650.0,0.9681015173410404,0.9684375000000001,-189.03013610839844,0.7219728231430054,0.7243320941925049
8700.0,0.968099856321839,0.9678125,-189.00877380371094,0.7312794327735901,0.7247844934463501
8750.0,0.9681017857142857,0.9684375000000001,-188.9498291015625,0.7271013855934143,0.7251759767532349
8800.0,0.96810546875,0.96875,-189.1422576904297,0.7331362366676331,0.7298804521560669
8850.0,0.9681073446327684,0.9684375000000001,-189.08058166503906,0.7365296483039856,0.7324155569076538
8900.0,0.9681091994382023,0.9684375000000001,-189.05674743652344,0.7203640341758728,0.7327902913093567
8950.0,0.9681057960893855,0.9675,-189.1249237060547,0.7234775424003601,0.7276344895362854
9000.0,0.9681041666666668,0.9678125,-189.16622924804688,0.7226318717002869,0.7384527325630188
9050.0,0.9680991022099448,0.9671875,-189.0953826904297,0.7161201238632202,0.7260388135910034
9100.0,0.9681009615384615,0.9684375000000001,-189.0704803466797,0.7251169085502625,0.7184677124023438
9150.0,0.968102800546448,0.9684375000000001,-188.97755432128906,0.7118939757347107,0.7169448137283325
9200.0,0.9681063179347826,0.96875,-189.0345916748047,0.7261492013931274,0.7124118804931641
9250.0,0.9681047297297296,0.9678125,-188.9716339111328,0.7354077100753784,0.7096297740936279
9300.0,0.9681065188172042,0.9684375000000001,-189.15499877929688,0.7299420237541199,0.7125399708747864
9350.0,0.9681066176470587,0.968125,-189.03147888183594,0.7312626838684082,0.7129877805709839
9400.0,0.9681050531914894,0.9678125,-188.97366333007812,0.7329291701316833,0.7092218995094299
9450.0,0.9681035052910054,0.9678125,-189.16839599609375,0.7221791744232178,0.7158662676811218
9500.0,0.9681036184210527,0.968125,-189.1224822998047,0.7356960773468018,0.7258073091506958
9550.0,0.9680971858638743,0.9668749999999999,-189.08572387695312,0.7331147193908691,0.7260226011276245
9600.0,0.9680973307291667,0.968125,-189.00070190429688,0.7374475598335266,0.7178955078125
9650.0,0.9681007124352332,0.96875,-189.0654296875,0.7226152420043945,0.7260270714759827
9700.0,0.9681024484536083,0.9684375000000001,-189.03663635253906,0.7147908210754395,0.7226904630661011
9750.0,0.9681009615384615,0.9678125,-189.0698699951172,0.7094751596450806,0.7244422435760498
9800.0,0.9681026785714286,0.9684375000000001,-189.10520935058594,0.7104060649871826,0.7204506397247314
9850.0,0.9681027918781726,0.968125,-189.08897399902344,0.7223274111747742,0.7286921143531799
9900.0,0.9681029040404041,0.968125,-189.08067321777344,0.7269198298454285,0.7267872095108032
9950.0,0.9681014447236181,0.9678125,-189.16737365722656,0.7409648299217224,0.7272423505783081
10000.0,0.9681031250000001,0.9684375000000001,-189.01937866210938,0.7416790127754211,0.7282581329345703
