run_id,run_name,group,method,target,seed,metric,value
jfy0kied,KDVI-banana-seed0,KDVI-banana,KDVI,banana,0,kl_ite,0.03007460884887186
jfy0kied,KDVI-banana-seed0,KDVI-banana,KDVI,banana,0,w2,0.4478781521320343
jfy0kied,KDVI-banana-seed0,KDVI-banana,KDVI,banana,0,elbo,-0.048402339220047
cf49ri31,KDVI-banana-seed1,KDVI-banana,KDVI,banana,1,kl_ite,0.027416542056148595
cf49ri31,KDVI-banana-seed1,KDVI-banana,KDVI,banana,1,w2,0.3932201862335205
cf49ri31,KDVI-banana-seed1,KDVI-banana,KDVI,banana,1,elbo,-0.052981894463300705
rr4ese8w,KDVI-banana-seed7,KDVI-banana,KDVI,banana,7,kl_ite,0.02238178338218383
rr4ese8w,KDVI-banana-seed7,KDVI-banana,KDVI,banana,7,w2,0.4195018410682678
rr4ese8w,KDVI-banana-seed7,KDVI-banana,KDVI,banana,7,elbo,-0.030499780550599095
swq2wrtq,KDVI-banana-seed42,KDVI-banana,KDVI,banana,42,kl_ite,0.025262170799911575
swq2wrtq,KDVI-banana-seed42,KDVI-banana,KDVI,banana,42,w2,0.4253530502319336
swq2wrtq,KDVI-banana-seed42,KDVI-banana,KDVI,banana,42,elbo,-0.04532700031995773
oznejyyg,KDVI-banana-seed43,KDVI-banana,KDVI,banana,43,kl_ite,0.03501092232741871
oznejyyg,KDVI-banana-seed43,KDVI-banana,KDVI,banana,43,w2,0.4236353039741516
oznejyyg,KDVI-banana-seed43,KDVI-banana,KDVI,banana,43,elbo,-0.046218954026699066
cz7en1e0,KDVI-banana-seed44,KDVI-banana,KDVI,banana,44,kl_ite,0.02087812299988065
cz7en1e0,KDVI-banana-seed44,KDVI-banana,KDVI,banana,44,w2,0.4264303147792816
cz7en1e0,KDVI-banana-seed44,KDVI-banana,KDVI,banana,44,elbo,-0.042043983936309814
33ocld4m,KDVI-banana-seed45,KDVI-banana,KDVI,banana,45,kl_ite,0.035255764304493696
33ocld4m,KDVI-banana-seed45,KDVI-banana,KDVI,banana,45,w2,0.4260505437850952
33ocld4m,KDVI-banana-seed45,KDVI-banana,KDVI,banana,45,elbo,-0.050792038440704346
0j2pp8hj,KDVI-banana-seed46,KDVI-banana,KDVI,banana,46,kl_ite,0.03196643403517154
0j2pp8hj,KDVI-banana-seed46,KDVI-banana,KDVI,banana,46,w2,0.4444977045059204
0j2pp8hj,KDVI-banana-seed46,KDVI-banana,KDVI,banana,46,elbo,-0.05513437464833259
cqio7j2a,KDVI-banana-seed47,KDVI-banana,KDVI,banana,47,kl_ite,0.0240828967170006
cqio7j2a,KDVI-banana-seed47,KDVI-banana,KDVI,banana,47,w2,0.4159463942050934
cqio7j2a,KDVI-banana-seed47,KDVI-banana,KDVI,banana,47,elbo,-0.044608984142541885
uiy3e7gb,KDVI-banana-seed48,KDVI-banana,KDVI,banana,48,kl_ite,0.03495673138750857
uiy3e7gb,KDVI-banana-seed48,KDVI-banana,KDVI,banana,48,w2,0.4361379444599152
uiy3e7gb,KDVI-banana-seed48,KDVI-banana,KDVI,banana,48,elbo,-0.042639270424842834
v1bxzh83,DSIVI-banana-seed0,DSIVI-banana,DSIVI,banana,0,kl_ite,-0.001148031234720897
v1bxzh83,DSIVI-banana-seed0,DSIVI-banana,DSIVI,banana,0,w2,0.19073788821697235
v1bxzh83,DSIVI-banana-seed0,DSIVI-banana,DSIVI,banana,0,elbo,-0.03127158805727959
aqhtdhxe,DSIVI-banana-seed1,DSIVI-banana,DSIVI,banana,1,kl_ite,-0.011338191049718064
aqhtdhxe,DSIVI-banana-seed1,DSIVI-banana,DSIVI,banana,1,w2,0.05222075805068016
aqhtdhxe,DSIVI-banana-seed1,DSIVI-banana,DSIVI,banana,1,elbo,-0.007781419903039932
ofky7kdt,DSIVI-banana-seed7,DSIVI-banana,DSIVI,banana,7,kl_ite,0.012570187173232925
ofky7kdt,DSIVI-banana-seed7,DSIVI-banana,DSIVI,banana,7,w2,0.09823210537433624
ofky7kdt,DSIVI-banana-seed7,DSIVI-banana,DSIVI,banana,7,elbo,-0.04091855138540268
lc73m52n,DSIVI-banana-seed42,DSIVI-banana,DSIVI,banana,42,kl_ite,-0.011461916585417304
lc73m52n,DSIVI-banana-seed42,DSIVI-banana,DSIVI,banana,42,w2,0.08064720779657364
lc73m52n,DSIVI-banana-seed42,DSIVI-banana,DSIVI,banana,42,elbo,-0.01814380474388599
59i1x8hc,DSIVI-banana-seed43,DSIVI-banana,DSIVI,banana,43,kl_ite,-0.005837895320779789
59i1x8hc,DSIVI-banana-seed43,DSIVI-banana,DSIVI,banana,43,w2,0.1166938692331314
59i1x8hc,DSIVI-banana-seed43,DSIVI-banana,DSIVI,banana,43,elbo,-0.023921124637126923
zguzkwxa,DSIVI-banana-seed44,DSIVI-banana,DSIVI,banana,44,kl_ite,-0.003794295567953644
zguzkwxa,DSIVI-banana-seed44,DSIVI-banana,DSIVI,banana,44,w2,0.06528379768133163
zguzkwxa,DSIVI-banana-seed44,DSIVI-banana,DSIVI,banana,44,elbo,-0.011984932236373425
pni47n4w,DSIVI-banana-seed45,DSIVI-banana,DSIVI,banana,45,kl_ite,0.005336179448142947
pni47n4w,DSIVI-banana-seed45,DSIVI-banana,DSIVI,banana,45,w2,0.12929533421993256
pni47n4w,DSIVI-banana-seed45,DSIVI-banana,DSIVI,banana,45,elbo,-0.028178762644529343
ybwqilew,DSIVI-banana-seed46,DSIVI-banana,DSIVI,banana,46,kl_ite,0.008329454020698073
ybwqilew,DSIVI-banana-seed46,DSIVI-banana,DSIVI,banana,46,w2,0.08925709128379822
ybwqilew,DSIVI-banana-seed46,DSIVI-banana,DSIVI,banana,46,elbo,-0.009181143715977669
roi4414m,DSIVI-banana-seed47,DSIVI-banana,DSIVI,banana,47,kl_ite,0.01607405132230192
roi4414m,DSIVI-banana-seed47,DSIVI-banana,DSIVI,banana,47,w2,0.05336666852235794
roi4414m,DSIVI-banana-seed47,DSIVI-banana,DSIVI,banana,47,elbo,-0.011347617022693155
gu6cmf9i,DSIVI-banana-seed48,DSIVI-banana,DSIVI,banana,48,kl_ite,0.0008231049033591285
gu6cmf9i,DSIVI-banana-seed48,DSIVI-banana,DSIVI,banana,48,w2,0.12164720147848128
gu6cmf9i,DSIVI-banana-seed48,DSIVI-banana,DSIVI,banana,48,elbo,-0.029797827824950215
g76uk92z,KDVI-x_shaped-seed0,KDVI-x_shaped,KDVI,x_shaped,0,kl_ite,0.007453109258483151
g76uk92z,KDVI-x_shaped-seed0,KDVI-x_shaped,KDVI,x_shaped,0,w2,0.030902620404958725
g76uk92z,KDVI-x_shaped-seed0,KDVI-x_shaped,KDVI,x_shaped,0,elbo,-0.03740236163139343
nftelnhc,KDVI-x_shaped-seed1,KDVI-x_shaped,KDVI,x_shaped,1,kl_ite,-0.00014515309669764972
nftelnhc,KDVI-x_shaped-seed1,KDVI-x_shaped,KDVI,x_shaped,1,w2,0.02568107098340988
nftelnhc,KDVI-x_shaped-seed1,KDVI-x_shaped,KDVI,x_shaped,1,elbo,-0.03607954829931259
tda6opjv,KDVI-x_shaped-seed7,KDVI-x_shaped,KDVI,x_shaped,7,kl_ite,0.013534538116509242
tda6opjv,KDVI-x_shaped-seed7,KDVI-x_shaped,KDVI,x_shaped,7,w2,0.030238816514611244
tda6opjv,KDVI-x_shaped-seed7,KDVI-x_shaped,KDVI,x_shaped,7,elbo,-0.05658365413546562
8btq2xlq,KDVI-x_shaped-seed42,KDVI-x_shaped,KDVI,x_shaped,42,kl_ite,-0.0010906511782996391
8btq2xlq,KDVI-x_shaped-seed42,KDVI-x_shaped,KDVI,x_shaped,42,w2,0.037443481385707855
8btq2xlq,KDVI-x_shaped-seed42,KDVI-x_shaped,KDVI,x_shaped,42,elbo,-0.06716561317443848
k1y6ksd6,KDVI-x_shaped-seed43,KDVI-x_shaped,KDVI,x_shaped,43,kl_ite,0.0006810034893609797
k1y6ksd6,KDVI-x_shaped-seed43,KDVI-x_shaped,KDVI,x_shaped,43,w2,0.03162213787436485
k1y6ksd6,KDVI-x_shaped-seed43,KDVI-x_shaped,KDVI,x_shaped,43,elbo,-0.03582054749131203
31dnxzuv,KDVI-x_shaped-seed44,KDVI-x_shaped,KDVI,x_shaped,44,kl_ite,0.19890341100114844
31dnxzuv,KDVI-x_shaped-seed44,KDVI-x_shaped,KDVI,x_shaped,44,w2,0.18913815915584564
31dnxzuv,KDVI-x_shaped-seed44,KDVI-x_shaped,KDVI,x_shaped,44,elbo,-0.32210323214530945
gco82fc4,KDVI-x_shaped-seed45,KDVI-x_shaped,KDVI,x_shaped,45,kl_ite,-0.001873771104236879
gco82fc4,KDVI-x_shaped-seed45,KDVI-x_shaped,KDVI,x_shaped,45,w2,0.03199257701635361
gco82fc4,KDVI-x_shaped-seed45,KDVI-x_shaped,KDVI,x_shaped,45,elbo,-0.0363379642367363
imsl9w1a,KDVI-x_shaped-seed46,KDVI-x_shaped,KDVI,x_shaped,46,kl_ite,0.002851458289606584
imsl9w1a,KDVI-x_shaped-seed46,KDVI-x_shaped,KDVI,x_shaped,46,w2,0.035337965935468674
imsl9w1a,KDVI-x_shaped-seed46,KDVI-x_shaped,KDVI,x_shaped,46,elbo,-0.023416344076395035
huq2u8rr,KDVI-x_shaped-seed47,KDVI-x_shaped,KDVI,x_shaped,47,kl_ite,0.0001405117900524809
huq2u8rr,KDVI-x_shaped-seed47,KDVI-x_shaped,KDVI,x_shaped,47,w2,0.04154980555176735
huq2u8rr,KDVI-x_shaped-seed47,KDVI-x_shaped,KDVI,x_shaped,47,elbo,-0.03150208666920662
ns7ri3wr,KDVI-x_shaped-seed48,KDVI-x_shaped,KDVI,x_shaped,48,kl_ite,0.21250723149546055
ns7ri3wr,KDVI-x_shaped-seed48,KDVI-x_shaped,KDVI,x_shaped,48,w2,0.19015370309352875
ns7ri3wr,KDVI-x_shaped-seed48,KDVI-x_shaped,KDVI,x_shaped,48,elbo,-0.35599303245544434
lrijtfiz,DSIVI-x_shaped-seed0,DSIVI-x_shaped,DSIVI,x_shaped,0,kl_ite,-0.004057051984803877
lrijtfiz,DSIVI-x_shaped-seed0,DSIVI-x_shaped,DSIVI,x_shaped,0,w2,0.09044128656387328
lrijtfiz,DSIVI-x_shaped-seed0,DSIVI-x_shaped,DSIVI,x_shaped,0,elbo,-0.0378246009349823
xjan3nog,DSIVI-x_shaped-seed1,DSIVI-x_shaped,DSIVI,x_shaped,1,kl_ite,0.016198814808927674
xjan3nog,DSIVI-x_shaped-seed1,DSIVI-x_shaped,DSIVI,x_shaped,1,w2,0.09721140563488008
xjan3nog,DSIVI-x_shaped-seed1,DSIVI-x_shaped,DSIVI,x_shaped,1,elbo,-0.0376439206302166
t1gb6gyv,DSIVI-x_shaped-seed7,DSIVI-x_shaped,DSIVI,x_shaped,7,kl_ite,-0.01047822490322584
t1gb6gyv,DSIVI-x_shaped-seed7,DSIVI-x_shaped,DSIVI,x_shaped,7,w2,0.0437474325299263
t1gb6gyv,DSIVI-x_shaped-seed7,DSIVI-x_shaped,DSIVI,x_shaped,7,elbo,-0.014837060123682022
dkqo3xed,DSIVI-x_shaped-seed42,DSIVI-x_shaped,DSIVI,x_shaped,42,kl_ite,-0.00915713674322183
dkqo3xed,DSIVI-x_shaped-seed42,DSIVI-x_shaped,DSIVI,x_shaped,42,w2,0.0371854268014431
dkqo3xed,DSIVI-x_shaped-seed42,DSIVI-x_shaped,DSIVI,x_shaped,42,elbo,-0.021196769550442696
kr4vndbu,DSIVI-x_shaped-seed43,DSIVI-x_shaped,DSIVI,x_shaped,43,kl_ite,-0.005743112460861652
kr4vndbu,DSIVI-x_shaped-seed43,DSIVI-x_shaped,DSIVI,x_shaped,43,w2,0.1003481149673462
kr4vndbu,DSIVI-x_shaped-seed43,DSIVI-x_shaped,DSIVI,x_shaped,43,elbo,-0.0217685978859663
6zj8zmd9,DSIVI-x_shaped-seed44,DSIVI-x_shaped,DSIVI,x_shaped,44,kl_ite,0.003187880949804492
6zj8zmd9,DSIVI-x_shaped-seed44,DSIVI-x_shaped,DSIVI,x_shaped,44,w2,0.0947212055325508
6zj8zmd9,DSIVI-x_shaped-seed44,DSIVI-x_shaped,DSIVI,x_shaped,44,elbo,-0.03811436891555786
4ajyeb4x,DSIVI-x_shaped-seed45,DSIVI-x_shaped,DSIVI,x_shaped,45,kl_ite,-0.011573190266122992
4ajyeb4x,DSIVI-x_shaped-seed45,DSIVI-x_shaped,DSIVI,x_shaped,45,w2,0.05173276737332344
4ajyeb4x,DSIVI-x_shaped-seed45,DSIVI-x_shaped,DSIVI,x_shaped,45,elbo,-0.016664400696754456
3fbpflm1,DSIVI-x_shaped-seed46,DSIVI-x_shaped,DSIVI,x_shaped,46,kl_ite,0.0033918274268341813
3fbpflm1,DSIVI-x_shaped-seed46,DSIVI-x_shaped,DSIVI,x_shaped,46,w2,0.06943271309137344
3fbpflm1,DSIVI-x_shaped-seed46,DSIVI-x_shaped,DSIVI,x_shaped,46,elbo,-0.029605619609355927
5kxm2tm4,DSIVI-x_shaped-seed47,DSIVI-x_shaped,DSIVI,x_shaped,47,kl_ite,0.013384666236483728
5kxm2tm4,DSIVI-x_shaped-seed47,DSIVI-x_shaped,DSIVI,x_shaped,47,w2,0.10596691071987152
5kxm2tm4,DSIVI-x_shaped-seed47,DSIVI-x_shaped,DSIVI,x_shaped,47,elbo,-0.03610736131668091
egjb10pu,DSIVI-x_shaped-seed48,DSIVI-x_shaped,DSIVI,x_shaped,48,kl_ite,0.0020461706806926727
egjb10pu,DSIVI-x_shaped-seed48,DSIVI-x_shaped,DSIVI,x_shaped,48,w2,0.03473297506570816
egjb10pu,DSIVI-x_shaped-seed48,DSIVI-x_shaped,DSIVI,x_shaped,48,elbo,-0.01773931458592415
k4f4hgai,KDVI-multimodal-seed0,KDVI-multimodal,KDVI,multimodal,0,kl_ite,0.006847441380907661
k4f4hgai,KDVI-multimodal-seed0,KDVI-multimodal,KDVI,multimodal,0,w2,0.02738819643855095
k4f4hgai,KDVI-multimodal-seed0,KDVI-multimodal,KDVI,multimodal,0,elbo,-0.006911986507475376
vrohunjo,KDVI-multimodal-seed1,KDVI-multimodal,KDVI,multimodal,1,kl_ite,0.005001293603198085
vrohunjo,KDVI-multimodal-seed1,KDVI-multimodal,KDVI,multimodal,1,w2,0.05443291738629341
vrohunjo,KDVI-multimodal-seed1,KDVI-multimodal,KDVI,multimodal,1,elbo,-0.006219083443284035
t74vtvja,KDVI-multimodal-seed7,KDVI-multimodal,KDVI,multimodal,7,kl_ite,-0.009722941224699747
t74vtvja,KDVI-multimodal-seed7,KDVI-multimodal,KDVI,multimodal,7,w2,0.03013463504612446
t74vtvja,KDVI-multimodal-seed7,KDVI-multimodal,KDVI,multimodal,7,elbo,-0.007838889956474304
yjxc1snr,KDVI-multimodal-seed42,KDVI-multimodal,KDVI,multimodal,42,kl_ite,0.005587073964795002
yjxc1snr,KDVI-multimodal-seed42,KDVI-multimodal,KDVI,multimodal,42,w2,0.026271898299455643
yjxc1snr,KDVI-multimodal-seed42,KDVI-multimodal,KDVI,multimodal,42,elbo,-0.00762223731726408
edgqy6gx,KDVI-multimodal-seed43,KDVI-multimodal,KDVI,multimodal,43,kl_ite,0.013415080497806375
edgqy6gx,KDVI-multimodal-seed43,KDVI-multimodal,KDVI,multimodal,43,w2,0.03741100803017616
edgqy6gx,KDVI-multimodal-seed43,KDVI-multimodal,KDVI,multimodal,43,elbo,-0.006308546289801598
zmnce7vt,KDVI-multimodal-seed44,KDVI-multimodal,KDVI,multimodal,44,kl_ite,-0.0036028155327650444
zmnce7vt,KDVI-multimodal-seed44,KDVI-multimodal,KDVI,multimodal,44,w2,0.02626105025410652
zmnce7vt,KDVI-multimodal-seed44,KDVI-multimodal,KDVI,multimodal,44,elbo,-0.008597125299274921
iyg23qrw,KDVI-multimodal-seed45,KDVI-multimodal,KDVI,multimodal,45,kl_ite,-0.004211461110580213
iyg23qrw,KDVI-multimodal-seed45,KDVI-multimodal,KDVI,multimodal,45,w2,0.03442942723631859
iyg23qrw,KDVI-multimodal-seed45,KDVI-multimodal,KDVI,multimodal,45,elbo,-0.005561611615121365
djkkuac6,KDVI-multimodal-seed46,KDVI-multimodal,KDVI,multimodal,46,kl_ite,-0.009088589967065786
djkkuac6,KDVI-multimodal-seed46,KDVI-multimodal,KDVI,multimodal,46,w2,0.025707118213176727
djkkuac6,KDVI-multimodal-seed46,KDVI-multimodal,KDVI,multimodal,46,elbo,-0.004193061031401157
sk6svnhe,KDVI-multimodal-seed47,KDVI-multimodal,KDVI,multimodal,47,kl_ite,0.005597188912687531
sk6svnhe,KDVI-multimodal-seed47,KDVI-multimodal,KDVI,multimodal,47,w2,0.02513372153043747
sk6svnhe,KDVI-multimodal-seed47,KDVI-multimodal,KDVI,multimodal,47,elbo,-0.006693090777844191
eoe0ayb5,KDVI-multimodal-seed48,KDVI-multimodal,KDVI,multimodal,48,kl_ite,0.0008271808514026678
eoe0ayb5,KDVI-multimodal-seed48,KDVI-multimodal,KDVI,multimodal,48,w2,0.03823951631784439
eoe0ayb5,KDVI-multimodal-seed48,KDVI-multimodal,KDVI,multimodal,48,elbo,-0.005363937932997942
1fties73,DSIVI-multimodal-seed0,DSIVI-multimodal,DSIVI,multimodal,0,kl_ite,-0.0121656275949372
1fties73,DSIVI-multimodal-seed0,DSIVI-multimodal,DSIVI,multimodal,0,w2,0.022772103548049927
1fties73,DSIVI-multimodal-seed0,DSIVI-multimodal,DSIVI,multimodal,0,elbo,-0.001356053166091442
gr7nm59e,DSIVI-multimodal-seed1,DSIVI-multimodal,DSIVI,multimodal,1,kl_ite,-0.014853802114110215
gr7nm59e,DSIVI-multimodal-seed1,DSIVI-multimodal,DSIVI,multimodal,1,w2,0.030191490426659584
gr7nm59e,DSIVI-multimodal-seed1,DSIVI-multimodal,DSIVI,multimodal,1,elbo,-0.0006929760565981269
9vn1q9w4,DSIVI-multimodal-seed7,DSIVI-multimodal,DSIVI,multimodal,7,kl_ite,-0.0070156263226189034
9vn1q9w4,DSIVI-multimodal-seed7,DSIVI-multimodal,DSIVI,multimodal,7,w2,0.02927192859351635
9vn1q9w4,DSIVI-multimodal-seed7,DSIVI-multimodal,DSIVI,multimodal,7,elbo,-0.0008974738884717226
l8vjv1l8,DSIVI-multimodal-seed42,DSIVI-multimodal,DSIVI,multimodal,42,kl_ite,0.0006447022889332367
l8vjv1l8,DSIVI-multimodal-seed42,DSIVI-multimodal,DSIVI,multimodal,42,w2,0.02601100318133831
l8vjv1l8,DSIVI-multimodal-seed42,DSIVI-multimodal,DSIVI,multimodal,42,elbo,-0.0008541629649698734
l40xkmlx,DSIVI-multimodal-seed43,DSIVI-multimodal,DSIVI,multimodal,43,kl_ite,0.0013735654442451686
l40xkmlx,DSIVI-multimodal-seed43,DSIVI-multimodal,DSIVI,multimodal,43,w2,0.04416459798812866
l40xkmlx,DSIVI-multimodal-seed43,DSIVI-multimodal,DSIVI,multimodal,43,elbo,-0.0010630072792991996
8x8dpzs6,DSIVI-multimodal-seed44,DSIVI-multimodal,DSIVI,multimodal,44,kl_ite,0.011209786682592236
8x8dpzs6,DSIVI-multimodal-seed44,DSIVI-multimodal,DSIVI,multimodal,44,w2,0.06073841452598572
8x8dpzs6,DSIVI-multimodal-seed44,DSIVI-multimodal,DSIVI,multimodal,44,elbo,-0.0012187340762466192
sez4kwt2,DSIVI-multimodal-seed45,DSIVI-multimodal,DSIVI,multimodal,45,kl_ite,0.013781866671888984
sez4kwt2,DSIVI-multimodal-seed45,DSIVI-multimodal,DSIVI,multimodal,45,w2,0.05494729056954384
sez4kwt2,DSIVI-multimodal-seed45,DSIVI-multimodal,DSIVI,multimodal,45,elbo,-0.001354977022856474
kg6q660v,DSIVI-multimodal-seed46,DSIVI-multimodal,DSIVI,multimodal,46,kl_ite,0.013658315353076631
kg6q660v,DSIVI-multimodal-seed46,DSIVI-multimodal,DSIVI,multimodal,46,w2,0.040237586945295334
kg6q660v,DSIVI-multimodal-seed46,DSIVI-multimodal,DSIVI,multimodal,46,elbo,-0.0009566966909915208
r3ionmgh,DSIVI-multimodal-seed47,DSIVI-multimodal,DSIVI,multimodal,47,kl_ite,0.00552149977099922
r3ionmgh,DSIVI-multimodal-seed47,DSIVI-multimodal,DSIVI,multimodal,47,w2,0.032501593232154846
r3ionmgh,DSIVI-multimodal-seed47,DSIVI-multimodal,DSIVI,multimodal,47,elbo,-0.0002650328096933663
f44lxs0z,DSIVI-multimodal-seed48,DSIVI-multimodal,DSIVI,multimodal,48,kl_ite,-0.009704521137839128
f44lxs0z,DSIVI-multimodal-seed48,DSIVI-multimodal,DSIVI,multimodal,48,w2,0.023927154019474983
f44lxs0z,DSIVI-multimodal-seed48,DSIVI-multimodal,DSIVI,multimodal,48,elbo,-0.0014386889524757862
mu07f8sh,KDVI-8_gaussians-seed0,KDVI-8_gaussians,KDVI,8_gaussians,0,kl_ite,0.04034524275894278
mu07f8sh,KDVI-8_gaussians-seed0,KDVI-8_gaussians,KDVI,8_gaussians,0,w2,0.1226920410990715
mu07f8sh,KDVI-8_gaussians-seed0,KDVI-8_gaussians,KDVI,8_gaussians,0,elbo,-0.21717694401741028
pr8dtujq,KDVI-8_gaussians-seed1,KDVI-8_gaussians,KDVI,8_gaussians,1,kl_ite,0.02905360756039049
pr8dtujq,KDVI-8_gaussians-seed1,KDVI-8_gaussians,KDVI,8_gaussians,1,w2,0.18916718661785129
pr8dtujq,KDVI-8_gaussians-seed1,KDVI-8_gaussians,KDVI,8_gaussians,1,elbo,-0.21833617985248568
1aavnt59,KDVI-8_gaussians-seed7,KDVI-8_gaussians,KDVI,8_gaussians,7,kl_ite,0.05138005199260978
1aavnt59,KDVI-8_gaussians-seed7,KDVI-8_gaussians,KDVI,8_gaussians,7,w2,0.23487573862075808
1aavnt59,KDVI-8_gaussians-seed7,KDVI-8_gaussians,KDVI,8_gaussians,7,elbo,-0.2339526265859604
mr2ahrl3,KDVI-8_gaussians-seed42,KDVI-8_gaussians,KDVI,8_gaussians,42,kl_ite,0.04100468701597895
mr2ahrl3,KDVI-8_gaussians-seed42,KDVI-8_gaussians,KDVI,8_gaussians,42,w2,0.10637307167053224
mr2ahrl3,KDVI-8_gaussians-seed42,KDVI-8_gaussians,KDVI,8_gaussians,42,elbo,-0.21715885400772095
hac9dw3m,KDVI-8_gaussians-seed43,KDVI-8_gaussians,KDVI,8_gaussians,43,kl_ite,0.07355209717075999
hac9dw3m,KDVI-8_gaussians-seed43,KDVI-8_gaussians,KDVI,8_gaussians,43,w2,0.39783650636672974
hac9dw3m,KDVI-8_gaussians-seed43,KDVI-8_gaussians,KDVI,8_gaussians,43,elbo,-0.21891039609909055
x26qokr3,KDVI-8_gaussians-seed44,KDVI-8_gaussians,KDVI,8_gaussians,44,kl_ite,0.032092383066142996
x26qokr3,KDVI-8_gaussians-seed44,KDVI-8_gaussians,KDVI,8_gaussians,44,w2,0.21867577731609344
x26qokr3,KDVI-8_gaussians-seed44,KDVI-8_gaussians,KDVI,8_gaussians,44,elbo,-0.24969598650932312
085e3zvh,KDVI-8_gaussians-seed45,KDVI-8_gaussians,KDVI,8_gaussians,45,kl_ite,0.038107442410096434
085e3zvh,KDVI-8_gaussians-seed45,KDVI-8_gaussians,KDVI,8_gaussians,45,w2,0.26111701130867004
085e3zvh,KDVI-8_gaussians-seed45,KDVI-8_gaussians,KDVI,8_gaussians,45,elbo,-0.20280349254608152
de979qf3,KDVI-8_gaussians-seed46,KDVI-8_gaussians,KDVI,8_gaussians,46,kl_ite,0.0209918151154552
de979qf3,KDVI-8_gaussians-seed46,KDVI-8_gaussians,KDVI,8_gaussians,46,w2,0.22514767944812775
de979qf3,KDVI-8_gaussians-seed46,KDVI-8_gaussians,KDVI,8_gaussians,46,elbo,-0.2440875619649887
92i3bskp,KDVI-8_gaussians-seed47,KDVI-8_gaussians,KDVI,8_gaussians,47,kl_ite,0.04022243870020664
92i3bskp,KDVI-8_gaussians-seed47,KDVI-8_gaussians,KDVI,8_gaussians,47,w2,0.21722424030303955
92i3bskp,KDVI-8_gaussians-seed47,KDVI-8_gaussians,KDVI,8_gaussians,47,elbo,-0.2098620980978012
cubryvml,KDVI-8_gaussians-seed48,KDVI-8_gaussians,KDVI,8_gaussians,48,kl_ite,0.02785194896470931
cubryvml,KDVI-8_gaussians-seed48,KDVI-8_gaussians,KDVI,8_gaussians,48,w2,0.10419884324073792
cubryvml,KDVI-8_gaussians-seed48,KDVI-8_gaussians,KDVI,8_gaussians,48,elbo,-0.20678265392780304
z2oe1ng5,DSIVI-8_gaussians-seed0,DSIVI-8_gaussians,DSIVI,8_gaussians,0,kl_ite,0.23916946086493615
z2oe1ng5,DSIVI-8_gaussians-seed0,DSIVI-8_gaussians,DSIVI,8_gaussians,0,w2,0.328226774930954
z2oe1ng5,DSIVI-8_gaussians-seed0,DSIVI-8_gaussians,DSIVI,8_gaussians,0,elbo,-0.40820473432540894
vh3fuvsz,DSIVI-8_gaussians-seed1,DSIVI-8_gaussians,DSIVI,8_gaussians,1,kl_ite,0.06036387568643836
vh3fuvsz,DSIVI-8_gaussians-seed1,DSIVI-8_gaussians,DSIVI,8_gaussians,1,w2,0.1443471759557724
vh3fuvsz,DSIVI-8_gaussians-seed1,DSIVI-8_gaussians,DSIVI,8_gaussians,1,elbo,-0.15119223296642303
rqhybmtx,DSIVI-8_gaussians-seed7,DSIVI-8_gaussians,DSIVI,8_gaussians,7,kl_ite,0.12097205240428076
rqhybmtx,DSIVI-8_gaussians-seed7,DSIVI-8_gaussians,DSIVI,8_gaussians,7,w2,0.24687683582305908
rqhybmtx,DSIVI-8_gaussians-seed7,DSIVI-8_gaussians,DSIVI,8_gaussians,7,elbo,-0.14859499037265778
5lxqxuen,DSIVI-8_gaussians-seed42,DSIVI-8_gaussians,DSIVI,8_gaussians,42,kl_ite,0.1011379423121544
5lxqxuen,DSIVI-8_gaussians-seed42,DSIVI-8_gaussians,DSIVI,8_gaussians,42,w2,0.10081671178340912
5lxqxuen,DSIVI-8_gaussians-seed42,DSIVI-8_gaussians,DSIVI,8_gaussians,42,elbo,-0.13534267246723175
6kg44pjq,DSIVI-8_gaussians-seed43,DSIVI-8_gaussians,DSIVI,8_gaussians,43,kl_ite,0.06428977238191322
6kg44pjq,DSIVI-8_gaussians-seed43,DSIVI-8_gaussians,DSIVI,8_gaussians,43,w2,0.09667421877384186
6kg44pjq,DSIVI-8_gaussians-seed43,DSIVI-8_gaussians,DSIVI,8_gaussians,43,elbo,-0.10841354727745056
mg2noagt,DSIVI-8_gaussians-seed44,DSIVI-8_gaussians,DSIVI,8_gaussians,44,kl_ite,0.5723087953514524
mg2noagt,DSIVI-8_gaussians-seed44,DSIVI-8_gaussians,DSIVI,8_gaussians,44,w2,0.1986612230539322
mg2noagt,DSIVI-8_gaussians-seed44,DSIVI-8_gaussians,DSIVI,8_gaussians,44,elbo,-1.1249301433563232
xgatiy93,DSIVI-8_gaussians-seed45,DSIVI-8_gaussians,DSIVI,8_gaussians,45,kl_ite,0.18702322079125125
xgatiy93,DSIVI-8_gaussians-seed45,DSIVI-8_gaussians,DSIVI,8_gaussians,45,w2,0.639055609703064
xgatiy93,DSIVI-8_gaussians-seed45,DSIVI-8_gaussians,DSIVI,8_gaussians,45,elbo,-0.24890439212322235
fx3gca0z,DSIVI-8_gaussians-seed46,DSIVI-8_gaussians,DSIVI,8_gaussians,46,kl_ite,0.5895438130923961
fx3gca0z,DSIVI-8_gaussians-seed46,DSIVI-8_gaussians,DSIVI,8_gaussians,46,w2,0.1868351399898529
fx3gca0z,DSIVI-8_gaussians-seed46,DSIVI-8_gaussians,DSIVI,8_gaussians,46,elbo,-1.2256073951721191
8qao21st,DSIVI-8_gaussians-seed47,DSIVI-8_gaussians,DSIVI,8_gaussians,47,kl_ite,0.4054164734814342
8qao21st,DSIVI-8_gaussians-seed47,DSIVI-8_gaussians,DSIVI,8_gaussians,47,w2,0.6263957619667053
8qao21st,DSIVI-8_gaussians-seed47,DSIVI-8_gaussians,DSIVI,8_gaussians,47,elbo,-0.5139628052711487
p56pbrcm,DSIVI-8_gaussians-seed48,DSIVI-8_gaussians,DSIVI,8_gaussians,48,kl_ite,0.33381949666002514
p56pbrcm,DSIVI-8_gaussians-seed48,DSIVI-8_gaussians,DSIVI,8_gaussians,48,w2,0.2752647399902344
p56pbrcm,DSIVI-8_gaussians-seed48,DSIVI-8_gaussians,DSIVI,8_gaussians,48,elbo,-0.5653420686721802
ogz9src8,KDVI-8_gaussians_small-seed0,KDVI-8_gaussians_small,KDVI,8_gaussians_small,0,kl_ite,0.067510706625267
ogz9src8,KDVI-8_gaussians_small-seed0,KDVI-8_gaussians_small,KDVI,8_gaussians_small,0,w2,0.13139285147190094
ogz9src8,KDVI-8_gaussians_small-seed0,KDVI-8_gaussians_small,KDVI,8_gaussians_small,0,elbo,-0.16069692373275757
8cqab2up,KDVI-8_gaussians_small-seed1,KDVI-8_gaussians_small,KDVI,8_gaussians_small,1,kl_ite,0.06691491008178102
8cqab2up,KDVI-8_gaussians_small-seed1,KDVI-8_gaussians_small,KDVI,8_gaussians_small,1,w2,0.11309293657541276
8cqab2up,KDVI-8_gaussians_small-seed1,KDVI-8_gaussians_small,KDVI,8_gaussians_small,1,elbo,-0.12053659558296204
p32lgu6q,KDVI-8_gaussians_small-seed7,KDVI-8_gaussians_small,KDVI,8_gaussians_small,7,kl_ite,0.05463678696148802
p32lgu6q,KDVI-8_gaussians_small-seed7,KDVI-8_gaussians_small,KDVI,8_gaussians_small,7,w2,0.08497212827205658
p32lgu6q,KDVI-8_gaussians_small-seed7,KDVI-8_gaussians_small,KDVI,8_gaussians_small,7,elbo,-0.1028222143650055
qqf0eoem,KDVI-8_gaussians_small-seed42,KDVI-8_gaussians_small,KDVI,8_gaussians_small,42,kl_ite,0.05646687750525514
qqf0eoem,KDVI-8_gaussians_small-seed42,KDVI-8_gaussians_small,KDVI,8_gaussians_small,42,w2,0.13350912928581238
qqf0eoem,KDVI-8_gaussians_small-seed42,KDVI-8_gaussians_small,KDVI,8_gaussians_small,42,elbo,-0.1293419897556305
1b6z7zm3,KDVI-8_gaussians_small-seed43,KDVI-8_gaussians_small,KDVI,8_gaussians_small,43,kl_ite,0.0423224392647035
1b6z7zm3,KDVI-8_gaussians_small-seed43,KDVI-8_gaussians_small,KDVI,8_gaussians_small,43,w2,0.06459654122591019
1b6z7zm3,KDVI-8_gaussians_small-seed43,KDVI-8_gaussians_small,KDVI,8_gaussians_small,43,elbo,-0.144441157579422
nqujy651,KDVI-8_gaussians_small-seed44,KDVI-8_gaussians_small,KDVI,8_gaussians_small,44,kl_ite,0.0686745143058004
nqujy651,KDVI-8_gaussians_small-seed44,KDVI-8_gaussians_small,KDVI,8_gaussians_small,44,w2,0.14437414705753326
nqujy651,KDVI-8_gaussians_small-seed44,KDVI-8_gaussians_small,KDVI,8_gaussians_small,44,elbo,-0.16344806551933289
8bpingq9,KDVI-8_gaussians_small-seed45,KDVI-8_gaussians_small,KDVI,8_gaussians_small,45,kl_ite,0.08427911035728883
8bpingq9,KDVI-8_gaussians_small-seed45,KDVI-8_gaussians_small,KDVI,8_gaussians_small,45,w2,0.12933847308158877
8bpingq9,KDVI-8_gaussians_small-seed45,KDVI-8_gaussians_small,KDVI,8_gaussians_small,45,elbo,-0.16806897521018982
71jwx4zs,KDVI-8_gaussians_small-seed46,KDVI-8_gaussians_small,KDVI,8_gaussians_small,46,kl_ite,1.1868857227613143
71jwx4zs,KDVI-8_gaussians_small-seed46,KDVI-8_gaussians_small,KDVI,8_gaussians_small,46,w2,0.3880935609340668
71jwx4zs,KDVI-8_gaussians_small-seed46,KDVI-8_gaussians_small,KDVI,8_gaussians_small,46,elbo,-2.0599491596221924
ejr7dcvo,KDVI-8_gaussians_small-seed47,KDVI-8_gaussians_small,KDVI,8_gaussians_small,47,kl_ite,0.040288142049367
ejr7dcvo,KDVI-8_gaussians_small-seed47,KDVI-8_gaussians_small,KDVI,8_gaussians_small,47,w2,0.07907500118017197
ejr7dcvo,KDVI-8_gaussians_small-seed47,KDVI-8_gaussians_small,KDVI,8_gaussians_small,47,elbo,-0.11210230737924576
6gym8thx,KDVI-8_gaussians_small-seed48,KDVI-8_gaussians_small,KDVI,8_gaussians_small,48,kl_ite,0.054392015745277245
6gym8thx,KDVI-8_gaussians_small-seed48,KDVI-8_gaussians_small,KDVI,8_gaussians_small,48,w2,0.10932256281375884
6gym8thx,KDVI-8_gaussians_small-seed48,KDVI-8_gaussians_small,KDVI,8_gaussians_small,48,elbo,-0.1234963834285736
7e363v85,DSIVI-8_gaussians_small-seed0,DSIVI-8_gaussians_small,DSIVI,8_gaussians_small,0,kl_ite,0.4396910350637528
7e363v85,DSIVI-8_gaussians_small-seed0,DSIVI-8_gaussians_small,DSIVI,8_gaussians_small,0,w2,0.21894873678684235
7e363v85,DSIVI-8_gaussians_small-seed0,DSIVI-8_gaussians_small,DSIVI,8_gaussians_small,0,elbo,-0.6480047106742859
683qr1rx,DSIVI-8_gaussians_small-seed1,DSIVI-8_gaussians_small,DSIVI,8_gaussians_small,1,kl_ite,0.5378042966484685
683qr1rx,DSIVI-8_gaussians_small-seed1,DSIVI-8_gaussians_small,DSIVI,8_gaussians_small,1,w2,0.27151209115982056
683qr1rx,DSIVI-8_gaussians_small-seed1,DSIVI-8_gaussians_small,DSIVI,8_gaussians_small,1,elbo,-0.7160130143165588
21wwgk6q,DSIVI-8_gaussians_small-seed7,DSIVI-8_gaussians_small,DSIVI,8_gaussians_small,7,kl_ite,0.7468732419745258
21wwgk6q,DSIVI-8_gaussians_small-seed7,DSIVI-8_gaussians_small,DSIVI,8_gaussians_small,7,w2,0.2998814582824707
21wwgk6q,DSIVI-8_gaussians_small-seed7,DSIVI-8_gaussians_small,DSIVI,8_gaussians_small,7,elbo,-0.9309667944908142
nilj53ff,DSIVI-8_gaussians_small-seed42,DSIVI-8_gaussians_small,DSIVI,8_gaussians_small,42,kl_ite,0.5425269887049982
nilj53ff,DSIVI-8_gaussians_small-seed42,DSIVI-8_gaussians_small,DSIVI,8_gaussians_small,42,w2,0.2016970068216324
nilj53ff,DSIVI-8_gaussians_small-seed42,DSIVI-8_gaussians_small,DSIVI,8_gaussians_small,42,elbo,-0.7193938493728638
yckjtnc3,DSIVI-8_gaussians_small-seed43,DSIVI-8_gaussians_small,DSIVI,8_gaussians_small,43,kl_ite,0.9850129206462832
yckjtnc3,DSIVI-8_gaussians_small-seed43,DSIVI-8_gaussians_small,DSIVI,8_gaussians_small,43,w2,0.2244323194026947
yckjtnc3,DSIVI-8_gaussians_small-seed43,DSIVI-8_gaussians_small,DSIVI,8_gaussians_small,43,elbo,-1.1841833591461182
w24srlu0,DSIVI-8_gaussians_small-seed44,DSIVI-8_gaussians_small,DSIVI,8_gaussians_small,44,kl_ite,0.7764918311689867
w24srlu0,DSIVI-8_gaussians_small-seed44,DSIVI-8_gaussians_small,DSIVI,8_gaussians_small,44,w2,0.3193505108356476
w24srlu0,DSIVI-8_gaussians_small-seed44,DSIVI-8_gaussians_small,DSIVI,8_gaussians_small,44,elbo,-0.9642696976661682
q1s0k0tj,DSIVI-8_gaussians_small-seed45,DSIVI-8_gaussians_small,DSIVI,8_gaussians_small,45,kl_ite,0.5230226459632401
q1s0k0tj,DSIVI-8_gaussians_small-seed45,DSIVI-8_gaussians_small,DSIVI,8_gaussians_small,45,w2,0.23482710123062137
q1s0k0tj,DSIVI-8_gaussians_small-seed45,DSIVI-8_gaussians_small,DSIVI,8_gaussians_small,45,elbo,-0.7277600169181824
lekqdttg,DSIVI-8_gaussians_small-seed46,DSIVI-8_gaussians_small,DSIVI,8_gaussians_small,46,kl_ite,0.6664604927433985
lekqdttg,DSIVI-8_gaussians_small-seed46,DSIVI-8_gaussians_small,DSIVI,8_gaussians_small,46,w2,0.27661776542663574
lekqdttg,DSIVI-8_gaussians_small-seed46,DSIVI-8_gaussians_small,DSIVI,8_gaussians_small,46,elbo,-0.8629775047302246
ikfthhss,DSIVI-8_gaussians_small-seed47,DSIVI-8_gaussians_small,DSIVI,8_gaussians_small,47,kl_ite,0.5934557041043317
ikfthhss,DSIVI-8_gaussians_small-seed47,DSIVI-8_gaussians_small,DSIVI,8_gaussians_small,47,w2,0.16028089821338654
ikfthhss,DSIVI-8_gaussians_small-seed47,DSIVI-8_gaussians_small,DSIVI,8_gaussians_small,47,elbo,-0.770078182220459
6t8rbqgh,DSIVI-8_gaussians_small-seed48,DSIVI-8_gaussians_small,DSIVI,8_gaussians_small,48,kl_ite,0.6379543522646
6t8rbqgh,DSIVI-8_gaussians_small-seed48,DSIVI-8_gaussians_small,DSIVI,8_gaussians_small,48,w2,0.20260049402713776
6t8rbqgh,DSIVI-8_gaussians_small-seed48,DSIVI-8_gaussians_small,DSIVI,8_gaussians_small,48,elbo,-0.8772248029708862
n87vjezp,KDVI-student_uc-seed0,KDVI-student_uc,KDVI,student_uc,0,kl_ite,0.01904172034115762
n87vjezp,KDVI-student_uc-seed0,KDVI-student_uc,KDVI,student_uc,0,w2,0.5692919492721558
n87vjezp,KDVI-student_uc-seed0,KDVI-student_uc,KDVI,student_uc,0,elbo,-2.693667411804199
v02clznp,KDVI-student_uc-seed1,KDVI-student_uc,KDVI,student_uc,1,kl_ite,0.02566224541704132
v02clznp,KDVI-student_uc-seed1,KDVI-student_uc,KDVI,student_uc,1,w2,0.5771902799606323
v02clznp,KDVI-student_uc-seed1,KDVI-student_uc,KDVI,student_uc,1,elbo,-2.695101022720337
6tq3cgx0,KDVI-student_uc-seed7,KDVI-student_uc,KDVI,student_uc,7,kl_ite,0.01886838677689798
6tq3cgx0,KDVI-student_uc-seed7,KDVI-student_uc,KDVI,student_uc,7,w2,0.5838445425033569
6tq3cgx0,KDVI-student_uc-seed7,KDVI-student_uc,KDVI,student_uc,7,elbo,-2.6979241371154785
yd5kxs42,KDVI-student_uc-seed42,KDVI-student_uc,KDVI,student_uc,42,kl_ite,0.011515550737479912
yd5kxs42,KDVI-student_uc-seed42,KDVI-student_uc,KDVI,student_uc,42,w2,0.5871871709823608
yd5kxs42,KDVI-student_uc-seed42,KDVI-student_uc,KDVI,student_uc,42,elbo,-2.702826023101806
gchpqnnu,KDVI-student_uc-seed43,KDVI-student_uc,KDVI,student_uc,43,kl_ite,0.02756158350737791
gchpqnnu,KDVI-student_uc-seed43,KDVI-student_uc,KDVI,student_uc,43,w2,0.6075543761253357
gchpqnnu,KDVI-student_uc-seed43,KDVI-student_uc,KDVI,student_uc,43,elbo,-2.690720558166504
hrtpeqnm,KDVI-student_uc-seed44,KDVI-student_uc,KDVI,student_uc,44,kl_ite,0.014107054622767026
hrtpeqnm,KDVI-student_uc-seed44,KDVI-student_uc,KDVI,student_uc,44,w2,0.5795207023620605
hrtpeqnm,KDVI-student_uc-seed44,KDVI-student_uc,KDVI,student_uc,44,elbo,-2.695356607437134
ybmvlhz1,KDVI-student_uc-seed45,KDVI-student_uc,KDVI,student_uc,45,kl_ite,0.008730229170423454
ybmvlhz1,KDVI-student_uc-seed45,KDVI-student_uc,KDVI,student_uc,45,w2,0.5958511829376221
ybmvlhz1,KDVI-student_uc-seed45,KDVI-student_uc,KDVI,student_uc,45,elbo,-2.702751636505127
0vtr66i2,KDVI-student_uc-seed46,KDVI-student_uc,KDVI,student_uc,46,kl_ite,0.0233224955896376
0vtr66i2,KDVI-student_uc-seed46,KDVI-student_uc,KDVI,student_uc,46,w2,0.6118782758712769
0vtr66i2,KDVI-student_uc-seed46,KDVI-student_uc,KDVI,student_uc,46,elbo,-2.699284553527832
08ms6jyd,KDVI-student_uc-seed47,KDVI-student_uc,KDVI,student_uc,47,kl_ite,0.021025719960492375
08ms6jyd,KDVI-student_uc-seed47,KDVI-student_uc,KDVI,student_uc,47,w2,0.5778734683990479
08ms6jyd,KDVI-student_uc-seed47,KDVI-student_uc,KDVI,student_uc,47,elbo,-2.6996371746063232
1dednn75,KDVI-student_uc-seed48,KDVI-student_uc,KDVI,student_uc,48,kl_ite,0.03054516685417731
1dednn75,KDVI-student_uc-seed48,KDVI-student_uc,KDVI,student_uc,48,w2,0.5872132182121277
1dednn75,KDVI-student_uc-seed48,KDVI-student_uc,KDVI,student_uc,48,elbo,-2.70139479637146
soewageo,DSIVI-student_uc-seed0,DSIVI-student_uc,DSIVI,student_uc,0,kl_ite,0.00029122073424590146
soewageo,DSIVI-student_uc-seed0,DSIVI-student_uc,DSIVI,student_uc,0,w2,0.5514199733734131
soewageo,DSIVI-student_uc-seed0,DSIVI-student_uc,DSIVI,student_uc,0,elbo,-2.6851730346679688
a3a2uhjh,DSIVI-student_uc-seed1,DSIVI-student_uc,DSIVI,student_uc,1,kl_ite,-0.010952066838875094
a3a2uhjh,DSIVI-student_uc-seed1,DSIVI-student_uc,DSIVI,student_uc,1,w2,0.5569345355033875
a3a2uhjh,DSIVI-student_uc-seed1,DSIVI-student_uc,DSIVI,student_uc,1,elbo,-2.6803107261657715
53cxwk48,DSIVI-student_uc-seed7,DSIVI-student_uc,DSIVI,student_uc,7,kl_ite,0.005367887503278531
53cxwk48,DSIVI-student_uc-seed7,DSIVI-student_uc,DSIVI,student_uc,7,w2,0.5463814735412598
53cxwk48,DSIVI-student_uc-seed7,DSIVI-student_uc,DSIVI,student_uc,7,elbo,-2.6844465732574463
nxg4d2e8,DSIVI-student_uc-seed42,DSIVI-student_uc,DSIVI,student_uc,42,kl_ite,0.0022662060000684155
nxg4d2e8,DSIVI-student_uc-seed42,DSIVI-student_uc,DSIVI,student_uc,42,w2,0.5564087629318237
nxg4d2e8,DSIVI-student_uc-seed42,DSIVI-student_uc,DSIVI,student_uc,42,elbo,-2.6796159744262695
voh9q4fg,DSIVI-student_uc-seed43,DSIVI-student_uc,DSIVI,student_uc,43,kl_ite,0.033039234668635765
voh9q4fg,DSIVI-student_uc-seed43,DSIVI-student_uc,DSIVI,student_uc,43,w2,0.5644798278808594
voh9q4fg,DSIVI-student_uc-seed43,DSIVI-student_uc,DSIVI,student_uc,43,elbo,-2.6960623264312744
9jud79o8,DSIVI-student_uc-seed44,DSIVI-student_uc,DSIVI,student_uc,44,kl_ite,0.011117923882080952
9jud79o8,DSIVI-student_uc-seed44,DSIVI-student_uc,DSIVI,student_uc,44,w2,0.5554556846618652
9jud79o8,DSIVI-student_uc-seed44,DSIVI-student_uc,DSIVI,student_uc,44,elbo,-2.6864540576934814
iol2i4ln,DSIVI-student_uc-seed45,DSIVI-student_uc,DSIVI,student_uc,45,kl_ite,0.0006496750324415417
iol2i4ln,DSIVI-student_uc-seed45,DSIVI-student_uc,DSIVI,student_uc,45,w2,0.5596303343772888
iol2i4ln,DSIVI-student_uc-seed45,DSIVI-student_uc,DSIVI,student_uc,45,elbo,-2.6963951587677
zz4ixw8v,DSIVI-student_uc-seed46,DSIVI-student_uc,DSIVI,student_uc,46,kl_ite,0.00870718695018627
zz4ixw8v,DSIVI-student_uc-seed46,DSIVI-student_uc,DSIVI,student_uc,46,w2,0.5359527468681335
zz4ixw8v,DSIVI-student_uc-seed46,DSIVI-student_uc,DSIVI,student_uc,46,elbo,-2.6845219135284424
hpda7u29,DSIVI-student_uc-seed47,DSIVI-student_uc,DSIVI,student_uc,47,kl_ite,0.02251636717738131
hpda7u29,DSIVI-student_uc-seed47,DSIVI-student_uc,DSIVI,student_uc,47,w2,0.5790185928344727
hpda7u29,DSIVI-student_uc-seed47,DSIVI-student_uc,DSIVI,student_uc,47,elbo,-2.694385051727295
ve4gstje,DSIVI-student_uc-seed48,DSIVI-student_uc,DSIVI,student_uc,48,kl_ite,0.01103362337266307
ve4gstje,DSIVI-student_uc-seed48,DSIVI-student_uc,DSIVI,student_uc,48,w2,0.559643030166626
ve4gstje,DSIVI-student_uc-seed48,DSIVI-student_uc,DSIVI,student_uc,48,elbo,-2.683457851409912
rwat2uf8,KDVI-Langevin_post-seed0,KDVI-Langevin_post,KDVI,Langevin_post,0,w2,0.01214300375431776
rwat2uf8,KDVI-Langevin_post-seed0,KDVI-Langevin_post,KDVI,Langevin_post,0,elbo,-190.80709838867188
rwat2uf8,KDVI-Langevin_post-seed0,KDVI-Langevin_post,KDVI,Langevin_post,0,kde_expected_log_marginal,74.7281723022461
malbpjzp,KDVI-Langevin_post-seed1,KDVI-Langevin_post,KDVI,Langevin_post,1,w2,0.01202656701207161
malbpjzp,KDVI-Langevin_post-seed1,KDVI-Langevin_post,KDVI,Langevin_post,1,elbo,-190.70346069335935
malbpjzp,KDVI-Langevin_post-seed1,KDVI-Langevin_post,KDVI,Langevin_post,1,kde_expected_log_marginal,74.75153350830078
xbe7beum,KDVI-Langevin_post-seed7,KDVI-Langevin_post,KDVI,Langevin_post,7,w2,0.011941739358007908
xbe7beum,KDVI-Langevin_post-seed7,KDVI-Langevin_post,KDVI,Langevin_post,7,elbo,-190.85595703125
xbe7beum,KDVI-Langevin_post-seed7,KDVI-Langevin_post,KDVI,Langevin_post,7,kde_expected_log_marginal,74.71791076660156
1e4zb2o4,KDVI-Langevin_post-seed42,KDVI-Langevin_post,KDVI,Langevin_post,42,w2,0.011779900640249252
1e4zb2o4,KDVI-Langevin_post-seed42,KDVI-Langevin_post,KDVI,Langevin_post,42,elbo,-190.71295166015625
1e4zb2o4,KDVI-Langevin_post-seed42,KDVI-Langevin_post,KDVI,Langevin_post,42,kde_expected_log_marginal,74.75577545166016
jklp1eu9,KDVI-Langevin_post-seed43,KDVI-Langevin_post,KDVI,Langevin_post,43,w2,0.011707110330462456
jklp1eu9,KDVI-Langevin_post-seed43,KDVI-Langevin_post,KDVI,Langevin_post,43,elbo,-191.0179901123047
jklp1eu9,KDVI-Langevin_post-seed43,KDVI-Langevin_post,KDVI,Langevin_post,43,kde_expected_log_marginal,74.754638671875
tk16lgu3,KDVI-Langevin_post-seed44,KDVI-Langevin_post,KDVI,Langevin_post,44,w2,0.011871665716171265
tk16lgu3,KDVI-Langevin_post-seed44,KDVI-Langevin_post,KDVI,Langevin_post,44,elbo,-190.80224609375
tk16lgu3,KDVI-Langevin_post-seed44,KDVI-Langevin_post,KDVI,Langevin_post,44,kde_expected_log_marginal,74.75190734863281
a44oc3zr,KDVI-Langevin_post-seed45,KDVI-Langevin_post,KDVI,Langevin_post,45,w2,0.012129447422921658
a44oc3zr,KDVI-Langevin_post-seed45,KDVI-Langevin_post,KDVI,Langevin_post,45,elbo,-190.5817413330078
a44oc3zr,KDVI-Langevin_post-seed45,KDVI-Langevin_post,KDVI,Langevin_post,45,kde_expected_log_marginal,74.7622299194336
w9ump8n2,KDVI-Langevin_post-seed46,KDVI-Langevin_post,KDVI,Langevin_post,46,w2,0.01202280167490244
w9ump8n2,KDVI-Langevin_post-seed46,KDVI-Langevin_post,KDVI,Langevin_post,46,elbo,-190.73106384277344
w9ump8n2,KDVI-Langevin_post-seed46,KDVI-Langevin_post,KDVI,Langevin_post,46,kde_expected_log_marginal,74.7208480834961
5evxpy62,KDVI-Langevin_post-seed47,KDVI-Langevin_post,KDVI,Langevin_post,47,w2,0.011544235982000828
5evxpy62,KDVI-Langevin_post-seed47,KDVI-Langevin_post,KDVI,Langevin_post,47,elbo,-190.96859741210935
5evxpy62,KDVI-Langevin_post-seed47,KDVI-Langevin_post,KDVI,Langevin_post,47,kde_expected_log_marginal,74.76981353759766
squeex07,KDVI-Langevin_post-seed48,KDVI-Langevin_post,KDVI,Langevin_post,48,w2,0.011150270700454712
squeex07,KDVI-Langevin_post-seed48,KDVI-Langevin_post,KDVI,Langevin_post,48,elbo,-191.5335998535156
squeex07,KDVI-Langevin_post-seed48,KDVI-Langevin_post,KDVI,Langevin_post,48,kde_expected_log_marginal,74.84687805175781
hn03gx9x,DSIVI-Langevin_post-seed0,DSIVI-Langevin_post,DSIVI,Langevin_post,0,w2,0.008779012598097324
hn03gx9x,DSIVI-Langevin_post-seed0,DSIVI-Langevin_post,DSIVI,Langevin_post,0,elbo,-196.85354614257812
hn03gx9x,DSIVI-Langevin_post-seed0,DSIVI-Langevin_post,DSIVI,Langevin_post,0,kde_expected_log_marginal,75.14979553222656
g7ma9i6n,DSIVI-Langevin_post-seed1,DSIVI-Langevin_post,DSIVI,Langevin_post,1,w2,0.008835088461637497
g7ma9i6n,DSIVI-Langevin_post-seed1,DSIVI-Langevin_post,DSIVI,Langevin_post,1,elbo,-195.24766540527344
g7ma9i6n,DSIVI-Langevin_post-seed1,DSIVI-Langevin_post,DSIVI,Langevin_post,1,kde_expected_log_marginal,75.16668701171875
x0i7sohy,DSIVI-Langevin_post-seed7,DSIVI-Langevin_post,DSIVI,Langevin_post,7,w2,0.008658485487103462
x0i7sohy,DSIVI-Langevin_post-seed7,DSIVI-Langevin_post,DSIVI,Langevin_post,7,elbo,-196.4117126464844
x0i7sohy,DSIVI-Langevin_post-seed7,DSIVI-Langevin_post,DSIVI,Langevin_post,7,kde_expected_log_marginal,75.20561981201172
2misob0m,DSIVI-Langevin_post-seed42,DSIVI-Langevin_post,DSIVI,Langevin_post,42,w2,0.008684703148901463
2misob0m,DSIVI-Langevin_post-seed42,DSIVI-Langevin_post,DSIVI,Langevin_post,42,elbo,-197.8612518310547
2misob0m,DSIVI-Langevin_post-seed42,DSIVI-Langevin_post,DSIVI,Langevin_post,42,kde_expected_log_marginal,75.20126342773438
bmzsegzl,DSIVI-Langevin_post-seed43,DSIVI-Langevin_post,DSIVI,Langevin_post,43,w2,0.00905128102749586
bmzsegzl,DSIVI-Langevin_post-seed43,DSIVI-Langevin_post,DSIVI,Langevin_post,43,elbo,-197.5143890380859
bmzsegzl,DSIVI-Langevin_post-seed43,DSIVI-Langevin_post,DSIVI,Langevin_post,43,kde_expected_log_marginal,75.16706848144531
czcgfg1i,DSIVI-Langevin_post-seed44,DSIVI-Langevin_post,DSIVI,Langevin_post,44,w2,0.008903180249035358
czcgfg1i,DSIVI-Langevin_post-seed44,DSIVI-Langevin_post,DSIVI,Langevin_post,44,elbo,-195.7480010986328
czcgfg1i,DSIVI-Langevin_post-seed44,DSIVI-Langevin_post,DSIVI,Langevin_post,44,kde_expected_log_marginal,75.13864135742188
pcprfhkb,DSIVI-Langevin_post-seed45,DSIVI-Langevin_post,DSIVI,Langevin_post,45,w2,0.00901634246110916
pcprfhkb,DSIVI-Langevin_post-seed45,DSIVI-Langevin_post,DSIVI,Langevin_post,45,elbo,-195.03045654296875
pcprfhkb,DSIVI-Langevin_post-seed45,DSIVI-Langevin_post,DSIVI,Langevin_post,45,kde_expected_log_marginal,75.10467529296875
8bbmy8v3,DSIVI-Langevin_post-seed46,DSIVI-Langevin_post,DSIVI,Langevin_post,46,w2,0.010010385885834694
8bbmy8v3,DSIVI-Langevin_post-seed46,DSIVI-Langevin_post,DSIVI,Langevin_post,46,elbo,-197.07240295410156
8bbmy8v3,DSIVI-Langevin_post-seed46,DSIVI-Langevin_post,DSIVI,Langevin_post,46,kde_expected_log_marginal,75.04644012451172
1lbd7pcs,DSIVI-Langevin_post-seed47,DSIVI-Langevin_post,DSIVI,Langevin_post,47,w2,0.009955398738384249
1lbd7pcs,DSIVI-Langevin_post-seed47,DSIVI-Langevin_post,DSIVI,Langevin_post,47,elbo,-195.0593719482422
1lbd7pcs,DSIVI-Langevin_post-seed47,DSIVI-Langevin_post,DSIVI,Langevin_post,47,kde_expected_log_marginal,75.1051254272461
iinfqmnv,DSIVI-Langevin_post-seed48,DSIVI-Langevin_post,DSIVI,Langevin_post,48,w2,0.008433745242655277
iinfqmnv,DSIVI-Langevin_post-seed48,DSIVI-Langevin_post,DSIVI,Langevin_post,48,elbo,-195.32481384277344
iinfqmnv,DSIVI-Langevin_post-seed48,DSIVI-Langevin_post,DSIVI,Langevin_post,48,kde_expected_log_marginal,75.22590637207031
