epoch,gpu_headroom_gib_mean,gpu_headroom_gib_sd,local_target_l2_mean,local_target_l2_sd,method,method_l2_mean,method_l2_sd,method_n_valid,method_relative_l2_mean,method_relative_l2_sd,method_runtime_sec_mean,method_runtime_sec_sd,method_target_l2_mean,method_target_l2_sd,n_seeds,peak_gpu_reserved_bytes_mean,peak_gpu_reserved_bytes_sd,physical_scale_max_mean,physical_scale_max_sd,physical_scale_median_mean,physical_scale_median_sd,physical_scale_min_mean,physical_scale_min_sd,progress,quadrature_boundary_mass_p95_mean,quadrature_boundary_mass_p95_sd,quadrature_epsilon_dim,quadrature_ess_mean_mean,quadrature_ess_mean_sd,quadrature_max_weight_p95_mean,quadrature_max_weight_p95_sd,quadrature_nodes_per_second_mean,quadrature_nodes_per_second_sd,quadrature_runtime_sec_mean,quadrature_runtime_sec_sd,scaling_runtime_sec_mean,scaling_runtime_sec_sd,target,total_runtime_sec_mean,total_runtime_sec_sd
2000,23.31854248046875,,62.21270109569516,,AISIVI,79.50547327247551,,1,1.7267064105870278,,0.08292664773762226,,48.52265500467776,,1,257949696.0,,0.9912868691772124,,0.157160275693489,,0.002668223963439431,,0.2,0.18405778732267747,,2,17.006793961725556,,0.2751823938560887,,1388715.7814563513,,0.1246158517897129,,0.02174866944551468,,8_gaussians,0.22929116897284985,
4000,23.31854248046875,,176.13481595407814,,AISIVI,225.6292394152855,,1,1.3559827929480492,,0.06756067089736462,,78.35586190542166,,1,257949696.0,,0.9992179062650947,,0.12704494142734424,,0.0029205994688281905,,0.4,0.18254801473166862,,2,14.303507624238371,,0.3780660462417023,,1384995.9401679554,,0.12495054677128792,,0.02014157362282276,,8_gaussians,0.2126527912914753,
6000,23.31854248046875,,193.50102382693413,,AISIVI,315.9993575256159,,1,1.7038781089177206,,0.06693767011165619,,108.91527174960464,,1,257949696.0,,0.9999280573506274,,0.11765528270663139,,0.002227865747608254,,0.6,0.18961360046260073,,2,13.763583210680313,,0.42270102461302916,,1376800.1162015588,,0.12569435313344002,,0.020863989368081093,,8_gaussians,0.2134960126131773,
8000,23.31854248046875,,231.98394750307622,,AISIVI,427.50610220766237,,1,1.8867719421757037,,0.06747051142156124,,195.37116964326034,,1,257949696.0,,0.9975208404008699,,0.13505840129189267,,0.0015996668560054961,,0.8,0.20515061870964452,,2,13.538741484600862,,0.442333952748591,,1372650.3096168991,,0.12607435323297977,,0.014315454289317131,,8_gaussians,0.20786031894385815,
10000,23.31854248046875,,253.15889981211848,,AISIVI,575.5836893279466,,1,2.271648214460845,,0.11964528448879719,,357.2930665583267,,1,257949696.0,,0.996141978671859,,0.11361003192652203,,0.0012781395373309178,,1.0,0.2102883182975582,,2,13.728048020366353,,0.4350178705818871,,879351.4035436026,,0.1967995949089527,,0.13019079342484474,,8_gaussians,0.44663567282259464,
2000,23.47088623046875,,401.4932125648772,,DSIVI,388.0549344896143,,1,0.999491724040037,,0.00023843534290790558,,16.65105445654721,,1,94371840.0,,0.967410314622553,,0.047761906594669834,,0.002245411250847519,,0.2,0.15915315262735388,,2,14.90274570330616,,0.27652089655248857,,1390545.5345304213,,0.12445187568664551,,0.010641839355230331,,8_gaussians,0.13533215038478374,
4000,23.47088623046875,,783.7468761916358,,DSIVI,779.6274103064069,,1,0.9904661848442048,,0.00023749656975269318,,9.844635077381614,,1,94371840.0,,0.9757949272354955,,0.027630418176051705,,0.0016372935365505663,,0.4,0.18676078108576127,,2,13.359945572517812,,0.3715699064606767,,1393935.416731417,,0.12414922378957272,,0.010215545073151588,,8_gaussians,0.134602265432477,
6000,23.47088623046875,,827.5072375301212,,DSIVI,821.195041637668,,1,0.9799756097689256,,0.0002514980733394623,,7.547789703585499,,1,94371840.0,,0.9881902642230938,,0.015952486330067888,,0.0015250132192949264,,0.6,0.15950550531166766,,2,13.967438395332113,,0.3710020966624452,,1376018.243651176,,0.12576577439904213,,0.010326618328690529,,8_gaussians,0.13634389080107212,
8000,23.47088623046875,,971.9475675510877,,DSIVI,962.8399888559102,,1,0.9878356567956275,,0.00024065561592578888,,6.0764214495427495,,1,94371840.0,,0.943918042494776,,0.012485256654176545,,0.0013459719277928571,,0.8,0.15261309360221245,,2,13.897633965239873,,0.37060038915357824,,1392666.8240737715,,0.12426231242716312,,0.010167993605136871,,8_gaussians,0.13467096164822578,
10000,23.47088623046875,,829.1032641381361,,DSIVI,823.2743990968092,,1,0.9853320273782116,,0.0002377200871706009,,4.976258439225558,,1,94371840.0,,0.968270502294151,,0.011200848347414546,,0.0011611276424116424,,1.0,0.14967515282677635,,2,14.402534553733183,,0.36701762442497576,,1400055.324067757,,0.12360654398798943,,0.010174194350838661,,8_gaussians,0.1340184584259987,
2000,23.42010498046875,,14.41819097125684,,SIVI,0.7614070060529862,,1,0.3215305096567384,,0.0015633255243301392,,13.784334158703288,,1,148897792.0,,0.9891272846218432,,0.19896974402876888,,0.030028130154086688,,0.2,0.17688020282784572,,2,16.051412677522286,,0.31907292133591464,,1376911.176444186,,0.12568421475589275,,0.01046772114932537,,8_gaussians,0.13771526142954826,
4000,23.42010498046875,,8.890353312980206,,SIVI,1.0583350076648919,,1,0.26931844326007764,,0.0010881703346967697,,7.514513564420708,,1,148897792.0,,0.9959109291247713,,0.17647429190315242,,0.02740775821753455,,0.4,0.18657803087387584,,2,14.746145585960017,,0.3843074665017221,,1399462.3308219537,,0.12365891970694065,,0.01025974377989769,,8_gaussians,0.1350068338215351,
6000,23.42010498046875,,7.295022346552038,,SIVI,1.4430977008412262,,1,0.24665366922677207,,0.001082221046090126,,5.821675054332761,,1,148897792.0,,0.9999061505969625,,0.19402771483691306,,0.022105954809115442,,0.6,0.17879039893849202,,2,15.329698599202988,,0.3995834021118917,,1401034.0521375749,,0.12352019548416138,,0.010273825377225876,,8_gaussians,0.13487624190747738,
8000,23.42010498046875,,7.989428160967435,,SIVI,2.044607572316664,,1,0.36892287516910444,,0.0010885391384363174,,6.30746190263002,,1,148897792.0,,0.999249141681439,,0.18765972324697028,,0.01637990860402416,,0.8,0.205709530908779,,2,14.540241667399894,,0.42497021512944005,,1398072.6370124158,,0.12378183752298355,,0.01011931337416172,,8_gaussians,0.1349896900355816,
10000,23.42010498046875,,6.275275532012028,,SIVI,1.5961650777912757,,1,0.2894370911468897,,0.0010855942964553833,,4.441768717980818,,1,148897792.0,,0.9981513001663197,,0.21127882438215229,,0.016750508418023214,,1.0,0.20719339817969434,,2,14.691279748402906,,0.4390119842850119,,1372158.5389038837,,0.12611953727900982,,0.010112043470144272,,8_gaussians,0.13731717504560947,
2000,23.45135498046875,,16.69129200701672,,UIVI,0.6866767415255646,,1,0.6079181323209336,,0.07408950105309486,,17.532040626312753,,1,115343360.0,,0.9998868795795774,,0.33661020851991036,,0.0781893060724033,,0.2,0.09228002615380582,,2,15.931460708096722,,0.15398231195497578,,1355332.358797591,,0.1276852861046791,,0.011483738198876381,,8_gaussians,0.21325852535665035,
4000,23.45135498046875,,12.307508025554256,,UIVI,1.3428275354194419,,1,0.5827047732071551,,0.07483856752514839,,13.735374507165687,,1,115343360.0,,0.9998391867715701,,0.2378524514695768,,0.06241829765629186,,0.4,0.12024499531020058,,2,17.186328717723143,,0.1677165841636361,,1332253.1274043117,,0.12989723682403564,,0.012152612209320068,,8_gaussians,0.2168884165585041,
6000,23.45135498046875,,11.196092928683797,,UIVI,1.6502427023300847,,1,0.6041250253438458,,0.07431611232459545,,12.93990486390636,,1,115343360.0,,0.9999673974703948,,0.20044431170379984,,0.046515173029056604,,0.6,0.12131272162300893,,2,17.19149381055563,,0.1658002839526895,,1320793.7185354312,,0.13102424517273903,,0.012456191703677177,,8_gaussians,0.21779654920101166,
8000,23.45135498046875,,11.165495324733081,,UIVI,1.7447781349980604,,1,0.5477855724064095,,0.07059229165315628,,12.938089373618972,,1,115343360.0,,0.9999846318379685,,0.21805440207831964,,0.05844137194321408,,0.8,0.11394517016539873,,2,17.18888228115555,,0.163594569083266,,1310796.3838889794,,0.1320235561579466,,0.010427365079522133,,8_gaussians,0.213043212890625,
10000,23.45135498046875,,11.522819101939497,,UIVI,1.9584457979186292,,1,0.5906516290760409,,0.07441592775285244,,13.501768265244362,,1,115343360.0,,0.999975999016341,,0.3249715640715036,,0.059348916731473696,,1.0,0.10812693961677093,,2,17.125807365308972,,0.16481251881419612,,1330136.788876738,,0.130103912204504,,0.012118285521864891,,8_gaussians,0.21663812547922134,
2000,23.31854248046875,,7.494365742558871,,AISIVI,13.134765458838878,,1,2.306822583117791,,0.07325801625847816,,13.681558052252331,,1,257949696.0,,0.9828109215598955,,0.2399916358521478,,0.0030234303342245956,,0.2,0.16676661098762816,,2,19.709076177079645,,0.2315917653990343,,1385020.8399520174,,0.12494830042123795,,0.010639192536473274,,x_shaped,0.20884550921618938,
4000,23.31854248046875,,9.039704186561638,,AISIVI,9.648594563940897,,1,0.757702986044763,,0.06678513996303082,,2.3445664603293856,,1,257949696.0,,0.9239946044082328,,0.26315799854618516,,0.006158849906997876,,0.4,0.1576121867545499,,2,17.624815550929362,,0.23519557072297897,,1391588.3522012432,,0.12435861490666866,,0.010344082489609718,,x_shaped,0.2014878373593092,
6000,23.31854248046875,,3.026441322868388,,AISIVI,8.305462109738649,,1,1.1349650236278055,,0.06661869585514069,,5.630351531100278,,1,257949696.0,,0.9500234724386303,,0.25681520035802236,,0.006039920178768891,,0.6,0.1670342699747089,,2,16.66363683505938,,0.2236747185294465,,1393808.859123637,,0.12416049651801586,,0.010407768189907074,,x_shaped,0.20118696056306362,
8000,23.31854248046875,,1.8358904914736032,,AISIVI,2.3059816352044225,,1,0.38697075027428984,,0.06622608378529549,,0.5093293917580775,,1,257949696.0,,0.9390396909288011,,0.2490566568973651,,0.007758452955255584,,0.8,0.16213210340271342,,2,16.645227037232964,,0.21900725938959648,,1393183.1007369396,,0.12421626411378384,,0.010267557576298714,,x_shaped,0.20070990547537804,
10000,23.31854248046875,,2.896583027936591,,AISIVI,7.446879917573406,,1,1.043251475305742,,0.0662234928458929,,3.8153099020186674,,1,257949696.0,,0.9134019702627165,,0.2548085416292944,,0.007836300014220468,,1.0,0.16238570326397753,,2,16.53214432630989,,0.21697905752262253,,1393128.3683876912,,0.12422114424407482,,0.010322684422135353,,x_shaped,0.20076732151210308,
2000,23.47088623046875,,102.97650098314608,,DSIVI,101.50174430567267,,1,0.9723845414112798,,0.00030709803104400635,,3.37545847375542,,1,94371840.0,,0.9971634817467309,,0.2303501273683331,,0.003940845647518811,,0.2,0.1809333797439858,,2,12.196640886547085,,0.3386536166952453,,1386660.3092312883,,0.12480057217180729,,0.010408051311969757,,x_shaped,0.13551572151482105,
4000,23.47088623046875,,146.2589124634467,,DSIVI,145.86310161330533,,1,0.9542667738220606,,0.0002392902970314026,,0.5882924594839695,,1,94371840.0,,0.9926979405057407,,0.18056407836073973,,0.004397812212289254,,0.4,0.189877516656599,,2,10.481166632736592,,0.3139994173171153,,1403387.3793690752,,0.1233130656182766,,0.010189557448029518,,x_shaped,0.13374191336333752,
6000,23.47088623046875,,213.42158266700707,,DSIVI,214.68070451510567,,1,0.9609745823571378,,0.0002381298691034317,,0.16539217208068477,,1,94371840.0,,0.9935140962829613,,0.22287289418124578,,0.0043302432232159,,0.6,0.18500221054915494,,2,9.970043891142264,,0.3516346986541683,,1406996.2353905465,,0.12299677543342113,,0.010139448568224907,,x_shaped,0.13337435387074947,
8000,23.47088623046875,,204.45859566484845,,DSIVI,204.95240434088197,,1,0.9525321993484365,,0.00024088285863399506,,0.1616518028842449,,1,94371840.0,,0.9977307333993443,,0.188816104850716,,0.004079106949784987,,0.8,0.19202828069977845,,2,9.215268632490396,,0.3920842458681807,,1399660.803930758,,0.12364138476550579,,0.010219421237707138,,x_shaped,0.13410168886184692,
10000,23.47088623046875,,231.32180343465853,,DSIVI,230.8073685540839,,1,0.9702149768870911,,0.00024112313985824585,,0.07772495818215046,,1,94371840.0,,0.9999039707646213,,0.1698906209651576,,0.004304533885044422,,1.0,0.19713558638960715,,2,8.807113383448858,,0.4452378890991689,,1409114.536003724,,0.12281187623739243,,0.010136671364307404,,x_shaped,0.13318967074155807,
2000,23.42401123046875,,3.526270909003915,,SIVI,0.15421130746715497,,1,0.07485329966203111,,0.1329102236777544,,3.5315431635076266,,1,144703488.0,,0.9885470839039642,,0.3339251785192858,,0.09329978125832962,,0.2,0.14014357980296127,,2,14.97233225070054,,0.21497013958409483,,1089939.4697837522,,0.1587757896631956,,0.12574956007301807,,x_shaped,0.4174355734139681,
4000,23.42401123046875,,0.42364657382378557,,SIVI,0.22461946152027443,,1,0.056958161477348446,,0.001131610944867134,,0.3120225190364593,,1,144703488.0,,0.9991530704656649,,0.3717485007590888,,0.10815822577488189,,0.4,0.1304580799432533,,2,13.558188848657336,,0.2413512192125711,,1355144.8540246084,,0.12770295329391956,,0.013223491609096527,,x_shaped,0.14205805584788322,
6000,23.42401123046875,,0.3151301404489082,,SIVI,0.28935514034688825,,1,0.06085159397568238,,0.0010852143168449402,,0.05399872609717263,,1,144703488.0,,0.9997672244282649,,0.37967805298019663,,0.11187867999662218,,0.6,0.1375770597819037,,2,14.135105774364877,,0.2339142410121484,,1394032.9227485314,,0.124140540137887,,0.010194174945354462,,x_shaped,0.1354199294000864,
8000,23.42401123046875,,0.3129530290423689,,SIVI,0.30462107763201407,,1,0.06814246976874186,,0.0010652635246515274,,0.04291001452218887,,1,144703488.0,,0.9952352482977587,,0.41153537227387627,,0.11250094627909683,,0.8,0.15471918562591866,,2,13.867415542755095,,0.237203511467203,,1396711.7572303556,,0.12390244379639626,,0.010114170610904694,,x_shaped,0.13508187793195248,
10000,23.42401123046875,,0.2261464414560378,,SIVI,0.22129287352384608,,1,0.047880427028076836,,0.001076534390449524,,0.04266061346630835,,1,144703488.0,,0.9989943450096084,,0.35952624003752,,0.11264406810524576,,1.0,0.1329749026273212,,2,13.930738079313949,,0.24460712684403568,,1392538.7434799378,,0.1242737416177988,,0.010159097611904144,,x_shaped,0.13550937362015247,
2000,23.45135498046875,,5.260289339345083,,UIVI,1.1580270026429518,,1,0.7566112500201789,,0.07739494554698467,,6.359126394669278,,1,115343360.0,,0.9982900961349728,,0.569356175291882,,0.07918997082015564,,0.2,0.18377546648661888,,2,18.484118056717243,,0.25670212628873995,,1373636.046580307,,0.12598388083279133,,0.011501811444759369,,x_shaped,0.21488063782453537,
4000,23.45135498046875,,2.182717287899343,,UIVI,1.552376961399103,,1,0.5663110970335815,,0.07282167114317417,,3.5913789738125583,,1,115343360.0,,0.9906878915077242,,0.5137020610829868,,0.10115647526066343,,0.4,0.2032331050057007,,2,19.389085687031358,,0.23963131263901116,,1394261.075700105,,0.12412022612988949,,0.010253725573420525,,x_shaped,0.20719562284648418,
6000,23.45135498046875,,2.087945269814994,,UIVI,2.865443585638194,,1,0.8884234666487553,,0.07315723039209843,,4.639486480165067,,1,115343360.0,,0.9952640027399897,,0.34312601548761473,,0.0807543748020861,,0.6,0.21011125900957733,,2,20.375672132453616,,0.263423396945625,,1355575.272893996,,0.12766240537166595,,0.012007564306259155,,x_shaped,0.21282720007002354,
8000,23.45135498046875,,2.1815789868764863,,UIVI,4.307546974475812,,1,1.3229079668126273,,0.07405933924019337,,6.061221868415917,,1,115343360.0,,0.9956905008433873,,0.30227130694423543,,0.0912117488468423,,0.8,0.20776110858478752,,2,18.555591052205166,,0.25440569906124333,,1354563.0399665697,,0.12775780446827412,,0.012183437123894691,,x_shaped,0.21400058083236217,
10000,23.45135498046875,,2.17745843836984,,UIVI,4.2296090796052415,,1,1.3467133157973195,,0.07373164221644402,,6.156270913113781,,1,115343360.0,,0.9964708567413367,,0.3067961573144476,,0.08528396813057351,,1.0,0.20583602474756393,,2,18.39053205484276,,0.2713703384523033,,1352266.455507891,,0.12797477841377258,,0.012192783877253532,,x_shaped,0.21389920450747013,
