checkpoint_dir,checkpoint_epoch,duration_sec,elbo,elbo_runtime_sec,errors,method,run_id,seed,summary_iterations,target,training_time_sec,variant,w2,w2_runtime_sec,wall_clock_sec,warnings
results/dsivi_reverse_axis_sweep_20260726/DSIVI/banana/20260726_170430/checkpoints/epoch_10000,10000,356.351969787851,-0.002331545576453209,2.8523886781185865,{},DSIVI,seed42_dsivi_banana_baseline,42,10000.0,banana,349.2367248535156,baseline,0.05260312557220459,0.06951160170137882,356.351969787851,{}
results/dsivi_reverse_axis_sweep_20260726/DSIVI/banana/20260726_171026/checkpoints/epoch_10000,10000,174.90089491568506,-0.044030506163835526,2.8147020898759365,{},DSIVI,seed42_dsivi_banana_reverse_steps_1,42,10000.0,banana,166.81097412109375,reverse_steps_1,0.18246766924858093,0.04549894109368324,174.90089491568506,{}
results/dsivi_reverse_axis_sweep_20260726/DSIVI/banana/20260726_171321/checkpoints/epoch_10000,10000,219.0112454611808,-0.048822782933712006,2.816431000828743,{},DSIVI,seed42_dsivi_banana_reverse_steps_2,42,10000.0,banana,211.73001098632812,reverse_steps_2,0.23900292813777924,0.05381309427320957,219.0112454611808,{}
results/dsivi_reverse_axis_sweep_20260726/DSIVI/banana/20260726_171700/checkpoints/epoch_10000,10000,573.502983044833,-0.0035492924507707357,2.812894454225898,{},DSIVI,seed42_dsivi_banana_reverse_steps_10,42,10000.0,banana,566.1887817382812,reverse_steps_10,0.07038465887308121,0.044401971623301506,573.502983044833,{}
results/dsivi_reverse_axis_sweep_20260726/DSIVI/banana/20260726_172634/checkpoints/epoch_10000,10000,349.2349047921598,-0.005224658641964197,2.9063267074525356,{},DSIVI,seed42_dsivi_banana_reverse_batch_512,42,10000.0,banana,341.431884765625,reverse_batch_512,0.10368795692920685,0.04824045114219189,349.2349047921598,{}
results/dsivi_reverse_axis_sweep_20260726/DSIVI/banana/20260726_173223/checkpoints/epoch_10000,10000,349.2882988676429,-0.011677900329232216,2.8748052958399057,{},DSIVI,seed42_dsivi_banana_reverse_batch_1024,42,10000.0,banana,342.192626953125,reverse_batch_1024,0.18906629085540771,0.04457567818462849,349.2882988676429,{}
results/dsivi_reverse_axis_sweep_20260726/DSIVI/banana/20260726_173812/checkpoints/epoch_10000,10000,361.363109478727,-0.0042294845916330814,2.9177027214318514,{},DSIVI,seed42_dsivi_banana_reverse_batch_4096,42,10000.0,banana,353.4405212402344,reverse_batch_4096,0.046886950731277466,0.04519972205162048,361.363109478727,{}
results/dsivi_reverse_axis_sweep_20260726/DSIVI/banana/20260726_174414/checkpoints/epoch_10000,10000,355.37687755934894,-0.0038100355304777622,2.860691299661994,{},DSIVI,seed42_dsivi_banana_reverse_batch_8192,42,10000.0,banana,347.6307067871094,reverse_batch_8192,0.05415663868188858,0.04514794796705246,355.37687755934894,{}
results/dsivi_reverse_axis_sweep_20260726/DSIVI/banana/20260726_175009/checkpoints/epoch_10000,10000,365.43619686737657,-0.009014435112476349,2.8748749680817127,{},DSIVI,seed43_dsivi_banana_baseline,43,10000.0,banana,359.2340393066406,baseline,0.21235641837120056,0.0444256067276001,365.43619686737657,{}
results/dsivi_reverse_axis_sweep_20260726/DSIVI/banana/20260726_175615/checkpoints/epoch_10000,10000,169.0444982163608,-0.02493320405483246,2.8210171572864056,{},DSIVI,seed43_dsivi_banana_reverse_steps_1,43,10000.0,banana,161.1870880126953,reverse_steps_1,0.1007097065448761,0.04596742428839207,169.0444982163608,{}
results/dsivi_reverse_axis_sweep_20260726/DSIVI/banana/20260726_175904/checkpoints/epoch_10000,10000,223.2014689128846,-0.023421604186296463,2.901382787153125,{},DSIVI,seed43_dsivi_banana_reverse_steps_2,43,10000.0,banana,215.56886291503906,reverse_steps_2,0.3449113667011261,0.045227283611893654,223.2014689128846,{}
results/dsivi_reverse_axis_sweep_20260726/DSIVI/banana/20260726_180247/checkpoints/epoch_10000,10000,588.1420672368258,-0.00499558262526989,2.9064703974872828,{},DSIVI,seed43_dsivi_banana_reverse_steps_10,43,10000.0,banana,580.318115234375,reverse_steps_10,0.06856288760900497,0.04606318287551403,588.1420672368258,{}
results/dsivi_reverse_axis_sweep_20260726/DSIVI/banana/20260726_181235/checkpoints/epoch_10000,10000,344.23558989726007,-0.003473457181826234,2.915882656350732,{},DSIVI,seed43_dsivi_banana_reverse_batch_512,43,10000.0,banana,337.2776184082031,reverse_batch_512,0.10350351780653,0.046721819788217545,344.23558989726007,{}
results/dsivi_reverse_axis_sweep_20260726/DSIVI/banana/20260726_181819/checkpoints/epoch_10000,10000,353.6370601952076,-0.009545654058456421,2.8274427969008684,{},DSIVI,seed43_dsivi_banana_reverse_batch_1024,43,10000.0,banana,345.9556579589844,reverse_batch_1024,0.13587121665477753,0.04403572902083397,353.6370601952076,{}
results/dsivi_reverse_axis_sweep_20260726/DSIVI/banana/20260726_182413/checkpoints/epoch_10000,10000,359.6652823071927,-0.002067074878141284,2.8777641393244267,{},DSIVI,seed43_dsivi_banana_reverse_batch_4096,43,10000.0,banana,351.78521728515625,reverse_batch_4096,0.08212901651859283,0.044060491025447845,359.6652823071927,{}
results/dsivi_reverse_axis_sweep_20260726/DSIVI/banana/20260726_183013/checkpoints/epoch_10000,10000,355.6080580316484,-0.002148933010175824,2.8583026975393295,{},DSIVI,seed43_dsivi_banana_reverse_batch_8192,43,10000.0,banana,347.29827880859375,reverse_batch_8192,0.08420068025588989,0.044285137206315994,355.6080580316484,{}
results/dsivi_reverse_axis_sweep_20260726/DSIVI/banana/20260726_183608/checkpoints/epoch_10000,10000,357.7424813993275,-0.0009950062958523631,2.8927381709218025,{},DSIVI,seed44_dsivi_banana_baseline,44,10000.0,banana,349.5599060058594,baseline,0.13125941157341003,0.04712221398949623,357.7424813993275,{}
results/dsivi_reverse_axis_sweep_20260726/DSIVI/banana/20260726_184206/checkpoints/epoch_10000,10000,173.2194984499365,-0.8079171180725098,2.898147104308009,{},DSIVI,seed44_dsivi_banana_reverse_steps_1,44,10000.0,banana,165.50897216796875,reverse_steps_1,0.3251595199108124,0.04803785681724548,173.2194984499365,{}
results/dsivi_reverse_axis_sweep_20260726/DSIVI/banana/20260726_184459/checkpoints/epoch_10000,10000,223.33907101675868,-0.015675703063607216,2.885113950818777,{},DSIVI,seed44_dsivi_banana_reverse_steps_2,44,10000.0,banana,216.55740356445312,reverse_steps_2,0.2810481786727905,0.04522011615335941,223.33907101675868,{}
results/dsivi_reverse_axis_sweep_20260726/DSIVI/banana/20260726_184843/checkpoints/epoch_10000,10000,586.6717368066311,-0.00032111312611959875,2.8486216086894274,{},DSIVI,seed44_dsivi_banana_reverse_steps_10,44,10000.0,banana,579.3932495117188,reverse_steps_10,0.09384879469871521,0.044333914294838905,586.6717368066311,{}
results/dsivi_reverse_axis_sweep_20260726/DSIVI/banana/20260726_185829/checkpoints/epoch_10000,10000,339.8013679087162,-0.0050858743488788605,2.8481524512171745,{},DSIVI,seed44_dsivi_banana_reverse_batch_512,44,10000.0,banana,333.3251037597656,reverse_batch_512,0.1027337834239006,0.04541653394699097,339.8013679087162,{}
results/dsivi_reverse_axis_sweep_20260726/DSIVI/banana/20260726_190409/checkpoints/epoch_10000,10000,339.8067059516907,-0.0008824656251817942,2.8591693229973316,{},DSIVI,seed44_dsivi_banana_reverse_batch_1024,44,10000.0,banana,332.9964599609375,reverse_batch_1024,0.10578164458274841,0.044898051768541336,339.8067059516907,{}
results/dsivi_reverse_axis_sweep_20260726/DSIVI/banana/20260726_190949/checkpoints/epoch_10000,10000,349.889926077798,-0.0070410524494946,2.870016176253557,{},DSIVI,seed44_dsivi_banana_reverse_batch_4096,44,10000.0,banana,342.6329040527344,reverse_batch_4096,0.11286178231239319,0.04497692734003067,349.889926077798,{}
results/dsivi_reverse_axis_sweep_20260726/DSIVI/banana/20260726_191539/checkpoints/epoch_10000,10000,327.75678966380656,-0.0016653162892907858,2.833196895197034,{},DSIVI,seed44_dsivi_banana_reverse_batch_8192,44,10000.0,banana,319.4482116699219,reverse_batch_8192,0.06734021008014679,0.04491272382438183,327.75678966380656,{}
results/dsivi_reverse_axis_sweep_20260726/DSIVI/banana/20260726_192107/checkpoints/epoch_10000,10000,337.8827853947878,-0.0073313298635184765,2.8529248647391796,{},DSIVI,seed45_dsivi_banana_baseline,45,10000.0,banana,331.0372619628906,baseline,0.08523823320865631,0.04528645798563957,337.8827853947878,{}
results/dsivi_reverse_axis_sweep_20260726/DSIVI/banana/20260726_192645/checkpoints/epoch_10000,10000,171.29735338315368,-0.0747995600104332,2.924374457448721,{},DSIVI,seed45_dsivi_banana_reverse_steps_1,45,10000.0,banana,163.12266540527344,reverse_steps_1,0.40093719959259033,0.04393248073756695,171.29735338315368,{}
results/dsivi_reverse_axis_sweep_20260726/DSIVI/banana/20260726_192936/checkpoints/epoch_10000,10000,207.4102462027222,-0.019686494022607803,2.876816723495722,{},DSIVI,seed45_dsivi_banana_reverse_steps_2,45,10000.0,banana,200.5434112548828,reverse_steps_2,0.21775886416435242,0.044306205585598946,207.4102462027222,{}
results/dsivi_reverse_axis_sweep_20260726/DSIVI/banana/20260726_193303/checkpoints/epoch_10000,10000,556.8338627405465,-0.0014208112843334675,2.847596688196063,{},DSIVI,seed45_dsivi_banana_reverse_steps_10,45,10000.0,banana,550.9180908203125,reverse_steps_10,0.06068088859319687,0.04356320761144161,556.8338627405465,{}
results/dsivi_reverse_axis_sweep_20260726/DSIVI/banana/20260726_194219/checkpoints/epoch_10000,10000,328.1215157005936,-0.03117525950074196,2.8484890814870596,{},DSIVI,seed45_dsivi_banana_reverse_batch_512,45,10000.0,banana,320.8435974121094,reverse_batch_512,0.29996055364608765,0.04420093260705471,328.1215157005936,{}
results/dsivi_reverse_axis_sweep_20260726/DSIVI/banana/20260726_194747/checkpoints/epoch_10000,10000,326.10806784778833,-0.0075784167274832726,2.846801431849599,{},DSIVI,seed45_dsivi_banana_reverse_batch_1024,45,10000.0,banana,319.0220031738281,reverse_batch_1024,0.08868465572595596,0.043738218024373055,326.10806784778833,{}
results/dsivi_reverse_axis_sweep_20260726/DSIVI/banana/20260726_195314/checkpoints/epoch_10000,10000,340.1391047369689,-0.00547737767919898,2.9104868583381176,{},DSIVI,seed45_dsivi_banana_reverse_batch_4096,45,10000.0,banana,333.97442626953125,reverse_batch_4096,0.06816980987787247,0.044700879603624344,340.1391047369689,{}
results/dsivi_reverse_axis_sweep_20260726/DSIVI/banana/20260726_195854/checkpoints/epoch_10000,10000,340.23045635968447,-0.001805683714337647,2.8573982194066048,{},DSIVI,seed45_dsivi_banana_reverse_batch_8192,45,10000.0,banana,332.4200439453125,reverse_batch_8192,0.05589766427874565,0.04502290301024914,340.23045635968447,{}
results/dsivi_reverse_axis_sweep_20260726/DSIVI/banana/20260726_200434/checkpoints/epoch_10000,10000,346.33809481933713,-0.0034218125510960817,2.9269015565514565,{},DSIVI,seed46_dsivi_banana_baseline,46,10000.0,banana,338.447509765625,baseline,0.08220034837722778,0.04410718381404877,346.33809481933713,{}
results/dsivi_reverse_axis_sweep_20260726/DSIVI/banana/20260726_201021/checkpoints/epoch_10000,10000,169.44200948812068,-0.08998002111911774,2.874927084892988,{},DSIVI,seed46_dsivi_banana_reverse_steps_1,46,10000.0,banana,161.14193725585938,reverse_steps_1,0.24945427477359772,0.06595245748758316,169.44200948812068,{}
results/dsivi_reverse_axis_sweep_20260726/DSIVI/banana/20260726_201310/checkpoints/epoch_10000,10000,209.69659826532006,-0.005054961424320936,2.8572370260953903,{},DSIVI,seed46_dsivi_banana_reverse_steps_2,46,10000.0,banana,202.88455200195312,reverse_steps_2,0.11807505041360855,0.045911265537142754,209.69659826532006,{}
results/dsivi_reverse_axis_sweep_20260726/DSIVI/banana/20260726_201640/checkpoints/epoch_10000,10000,553.4708903525025,-0.0032524203415960073,3.022870484739542,{},DSIVI,seed46_dsivi_banana_reverse_steps_10,46,10000.0,banana,545.458984375,reverse_steps_10,0.07319460064172745,0.053429607301950455,553.4708903525025,{}
results/dsivi_reverse_axis_sweep_20260726/DSIVI/banana/20260726_202553/checkpoints/epoch_10000,10000,336.375681784004,-0.007941977120935917,3.039998110383749,{},DSIVI,seed46_dsivi_banana_reverse_batch_512,46,10000.0,banana,328.2601318359375,reverse_batch_512,0.18636345863342285,0.046040505170822144,336.375681784004,{}
results/dsivi_reverse_axis_sweep_20260726/DSIVI/banana/20260726_203129/checkpoints/epoch_10000,10000,328.28312427923083,-0.010664252564311028,2.9978957567363977,{},DSIVI,seed46_dsivi_banana_reverse_batch_1024,46,10000.0,banana,321.57037353515625,reverse_batch_1024,0.22038476169109344,0.045346446335315704,328.28312427923083,{}
results/dsivi_reverse_axis_sweep_20260726/DSIVI/banana/20260726_203658/checkpoints/epoch_10000,10000,344.48041481524706,-0.0015776394866406918,2.9203762486577034,{},DSIVI,seed46_dsivi_banana_reverse_batch_4096,46,10000.0,banana,339.1188049316406,reverse_batch_4096,0.0786195620894432,0.04887806624174118,344.48041481524706,{}
results/dsivi_reverse_axis_sweep_20260726/DSIVI/banana/20260726_204242/checkpoints/epoch_10000,10000,344.42259396985173,-0.0004605015565175563,2.957755958661437,{},DSIVI,seed46_dsivi_banana_reverse_batch_8192,46,10000.0,banana,337.726806640625,reverse_batch_8192,0.07954569905996323,0.0471662487834692,344.42259396985173,{}
