run_id,name,group,method,target,seed,state,created_at,url
0j2pp8hj,KDVI-banana-seed46,KDVI-banana,KDVI-MMD,banana,46,finished,2026-07-03T08:12:07Z,https://wandb.ai/2162681069-peking-university/KDVI/runs/0j2pp8hj
33ocld4m,KDVI-banana-seed45,KDVI-banana,KDVI-MMD,banana,45,finished,2026-07-03T08:12:07Z,https://wandb.ai/2162681069-peking-university/KDVI/runs/33ocld4m
cf49ri31,KDVI-banana-seed1,KDVI-banana,KDVI-MMD,banana,1,finished,2026-07-03T08:12:07Z,https://wandb.ai/2162681069-peking-university/KDVI/runs/cf49ri31
cqio7j2a,KDVI-banana-seed47,KDVI-banana,KDVI-MMD,banana,47,finished,2026-07-03T08:12:07Z,https://wandb.ai/2162681069-peking-university/KDVI/runs/cqio7j2a
cz7en1e0,KDVI-banana-seed44,KDVI-banana,KDVI-MMD,banana,44,finished,2026-07-03T08:12:07Z,https://wandb.ai/2162681069-peking-university/KDVI/runs/cz7en1e0
jfy0kied,KDVI-banana-seed0,KDVI-banana,KDVI-MMD,banana,0,finished,2026-07-03T08:12:07Z,https://wandb.ai/2162681069-peking-university/KDVI/runs/jfy0kied
oznejyyg,KDVI-banana-seed43,KDVI-banana,KDVI-MMD,banana,43,finished,2026-07-03T08:12:07Z,https://wandb.ai/2162681069-peking-university/KDVI/runs/oznejyyg
rr4ese8w,KDVI-banana-seed7,KDVI-banana,KDVI-MMD,banana,7,finished,2026-07-03T08:12:07Z,https://wandb.ai/2162681069-peking-university/KDVI/runs/rr4ese8w
swq2wrtq,KDVI-banana-seed42,KDVI-banana,KDVI-MMD,banana,42,finished,2026-07-03T08:12:07Z,https://wandb.ai/2162681069-peking-university/KDVI/runs/swq2wrtq
uiy3e7gb,KDVI-banana-seed48,KDVI-banana,KDVI-MMD,banana,48,finished,2026-07-03T08:12:08Z,https://wandb.ai/2162681069-peking-university/KDVI/runs/uiy3e7gb
g76uk92z,KDVI-x_shaped-seed0,KDVI-x_shaped,KDVI-MMD,x_shaped,0,finished,2026-07-03T08:23:38Z,https://wandb.ai/2162681069-peking-university/KDVI/runs/g76uk92z
nftelnhc,KDVI-x_shaped-seed1,KDVI-x_shaped,KDVI-MMD,x_shaped,1,finished,2026-07-03T08:23:45Z,https://wandb.ai/2162681069-peking-university/KDVI/runs/nftelnhc
tda6opjv,KDVI-x_shaped-seed7,KDVI-x_shaped,KDVI-MMD,x_shaped,7,finished,2026-07-03T08:24:04Z,https://wandb.ai/2162681069-peking-university/KDVI/runs/tda6opjv
8btq2xlq,KDVI-x_shaped-seed42,KDVI-x_shaped,KDVI-MMD,x_shaped,42,finished,2026-07-03T08:24:05Z,https://wandb.ai/2162681069-peking-university/KDVI/runs/8btq2xlq
k1y6ksd6,KDVI-x_shaped-seed43,KDVI-x_shaped,KDVI-MMD,x_shaped,43,finished,2026-07-03T08:24:05Z,https://wandb.ai/2162681069-peking-university/KDVI/runs/k1y6ksd6
31dnxzuv,KDVI-x_shaped-seed44,KDVI-x_shaped,KDVI-MMD,x_shaped,44,finished,2026-07-03T08:24:14Z,https://wandb.ai/2162681069-peking-university/KDVI/runs/31dnxzuv
gco82fc4,KDVI-x_shaped-seed45,KDVI-x_shaped,KDVI-MMD,x_shaped,45,finished,2026-07-03T08:24:16Z,https://wandb.ai/2162681069-peking-university/KDVI/runs/gco82fc4
imsl9w1a,KDVI-x_shaped-seed46,KDVI-x_shaped,KDVI-MMD,x_shaped,46,finished,2026-07-03T08:24:24Z,https://wandb.ai/2162681069-peking-university/KDVI/runs/imsl9w1a
huq2u8rr,KDVI-x_shaped-seed47,KDVI-x_shaped,KDVI-MMD,x_shaped,47,finished,2026-07-03T08:24:25Z,https://wandb.ai/2162681069-peking-university/KDVI/runs/huq2u8rr
ns7ri3wr,KDVI-x_shaped-seed48,KDVI-x_shaped,KDVI-MMD,x_shaped,48,finished,2026-07-03T08:24:31Z,https://wandb.ai/2162681069-peking-university/KDVI/runs/ns7ri3wr
k4f4hgai,KDVI-multimodal-seed0,KDVI-multimodal,KDVI-MMD,multimodal,0,finished,2026-07-03T08:36:18Z,https://wandb.ai/2162681069-peking-university/KDVI/runs/k4f4hgai
vrohunjo,KDVI-multimodal-seed1,KDVI-multimodal,KDVI-MMD,multimodal,1,finished,2026-07-03T08:36:25Z,https://wandb.ai/2162681069-peking-university/KDVI/runs/vrohunjo
t74vtvja,KDVI-multimodal-seed7,KDVI-multimodal,KDVI-MMD,multimodal,7,finished,2026-07-03T08:36:34Z,https://wandb.ai/2162681069-peking-university/KDVI/runs/t74vtvja
yjxc1snr,KDVI-multimodal-seed42,KDVI-multimodal,KDVI-MMD,multimodal,42,finished,2026-07-03T08:36:48Z,https://wandb.ai/2162681069-peking-university/KDVI/runs/yjxc1snr
edgqy6gx,KDVI-multimodal-seed43,KDVI-multimodal,KDVI-MMD,multimodal,43,finished,2026-07-03T08:36:49Z,https://wandb.ai/2162681069-peking-university/KDVI/runs/edgqy6gx
zmnce7vt,KDVI-multimodal-seed44,KDVI-multimodal,KDVI-MMD,multimodal,44,finished,2026-07-03T08:36:55Z,https://wandb.ai/2162681069-peking-university/KDVI/runs/zmnce7vt
djkkuac6,KDVI-multimodal-seed46,KDVI-multimodal,KDVI-MMD,multimodal,46,finished,2026-07-03T08:37:09Z,https://wandb.ai/2162681069-peking-university/KDVI/runs/djkkuac6
iyg23qrw,KDVI-multimodal-seed45,KDVI-multimodal,KDVI-MMD,multimodal,45,finished,2026-07-03T08:37:09Z,https://wandb.ai/2162681069-peking-university/KDVI/runs/iyg23qrw
sk6svnhe,KDVI-multimodal-seed47,KDVI-multimodal,KDVI-MMD,multimodal,47,finished,2026-07-03T08:37:14Z,https://wandb.ai/2162681069-peking-university/KDVI/runs/sk6svnhe
eoe0ayb5,KDVI-multimodal-seed48,KDVI-multimodal,KDVI-MMD,multimodal,48,finished,2026-07-03T08:37:26Z,https://wandb.ai/2162681069-peking-university/KDVI/runs/eoe0ayb5
mu07f8sh,KDVI-8_gaussians-seed0,KDVI-8_gaussians,KDVI-MMD,8_gaussians,0,finished,2026-07-03T08:48:42Z,https://wandb.ai/2162681069-peking-university/KDVI/runs/mu07f8sh
pr8dtujq,KDVI-8_gaussians-seed1,KDVI-8_gaussians,KDVI-MMD,8_gaussians,1,finished,2026-07-03T08:48:42Z,https://wandb.ai/2162681069-peking-university/KDVI/runs/pr8dtujq
1aavnt59,KDVI-8_gaussians-seed7,KDVI-8_gaussians,KDVI-MMD,8_gaussians,7,finished,2026-07-03T08:48:43Z,https://wandb.ai/2162681069-peking-university/KDVI/runs/1aavnt59
mr2ahrl3,KDVI-8_gaussians-seed42,KDVI-8_gaussians,KDVI-MMD,8_gaussians,42,finished,2026-07-03T08:48:49Z,https://wandb.ai/2162681069-peking-university/KDVI/runs/mr2ahrl3
hac9dw3m,KDVI-8_gaussians-seed43,KDVI-8_gaussians,KDVI-MMD,8_gaussians,43,finished,2026-07-03T08:48:56Z,https://wandb.ai/2162681069-peking-university/KDVI/runs/hac9dw3m
x26qokr3,KDVI-8_gaussians-seed44,KDVI-8_gaussians,KDVI-MMD,8_gaussians,44,finished,2026-07-03T08:48:59Z,https://wandb.ai/2162681069-peking-university/KDVI/runs/x26qokr3
085e3zvh,KDVI-8_gaussians-seed45,KDVI-8_gaussians,KDVI-MMD,8_gaussians,45,finished,2026-07-03T08:49:21Z,https://wandb.ai/2162681069-peking-university/KDVI/runs/085e3zvh
de979qf3,KDVI-8_gaussians-seed46,KDVI-8_gaussians,KDVI-MMD,8_gaussians,46,finished,2026-07-03T08:49:25Z,https://wandb.ai/2162681069-peking-university/KDVI/runs/de979qf3
92i3bskp,KDVI-8_gaussians-seed47,KDVI-8_gaussians,KDVI-MMD,8_gaussians,47,finished,2026-07-03T08:49:28Z,https://wandb.ai/2162681069-peking-university/KDVI/runs/92i3bskp
cubryvml,KDVI-8_gaussians-seed48,KDVI-8_gaussians,KDVI-MMD,8_gaussians,48,finished,2026-07-03T08:49:38Z,https://wandb.ai/2162681069-peking-university/KDVI/runs/cubryvml
8cqab2up,KDVI-8_gaussians_small-seed1,KDVI-8_gaussians_small,KDVI-MMD,8_gaussians_small,1,finished,2026-07-03T09:00:12Z,https://wandb.ai/2162681069-peking-university/KDVI/runs/8cqab2up
ogz9src8,KDVI-8_gaussians_small-seed0,KDVI-8_gaussians_small,KDVI-MMD,8_gaussians_small,0,finished,2026-07-03T09:00:12Z,https://wandb.ai/2162681069-peking-university/KDVI/runs/ogz9src8
p32lgu6q,KDVI-8_gaussians_small-seed7,KDVI-8_gaussians_small,KDVI-MMD,8_gaussians_small,7,finished,2026-07-03T09:00:17Z,https://wandb.ai/2162681069-peking-university/KDVI/runs/p32lgu6q
qqf0eoem,KDVI-8_gaussians_small-seed42,KDVI-8_gaussians_small,KDVI-MMD,8_gaussians_small,42,finished,2026-07-03T09:00:26Z,https://wandb.ai/2162681069-peking-university/KDVI/runs/qqf0eoem
1b6z7zm3,KDVI-8_gaussians_small-seed43,KDVI-8_gaussians_small,KDVI-MMD,8_gaussians_small,43,finished,2026-07-03T09:00:35Z,https://wandb.ai/2162681069-peking-university/KDVI/runs/1b6z7zm3
nqujy651,KDVI-8_gaussians_small-seed44,KDVI-8_gaussians_small,KDVI-MMD,8_gaussians_small,44,finished,2026-07-03T09:00:42Z,https://wandb.ai/2162681069-peking-university/KDVI/runs/nqujy651
8bpingq9,KDVI-8_gaussians_small-seed45,KDVI-8_gaussians_small,KDVI-MMD,8_gaussians_small,45,finished,2026-07-03T09:00:47Z,https://wandb.ai/2162681069-peking-university/KDVI/runs/8bpingq9
71jwx4zs,KDVI-8_gaussians_small-seed46,KDVI-8_gaussians_small,KDVI-MMD,8_gaussians_small,46,finished,2026-07-03T09:00:49Z,https://wandb.ai/2162681069-peking-university/KDVI/runs/71jwx4zs
ejr7dcvo,KDVI-8_gaussians_small-seed47,KDVI-8_gaussians_small,KDVI-MMD,8_gaussians_small,47,finished,2026-07-03T09:01:07Z,https://wandb.ai/2162681069-peking-university/KDVI/runs/ejr7dcvo
6gym8thx,KDVI-8_gaussians_small-seed48,KDVI-8_gaussians_small,KDVI-MMD,8_gaussians_small,48,finished,2026-07-03T09:01:13Z,https://wandb.ai/2162681069-peking-university/KDVI/runs/6gym8thx
n87vjezp,KDVI-student_uc-seed0,KDVI-student_uc,KDVI-MMD,student_uc,0,finished,2026-07-03T09:11:40Z,https://wandb.ai/2162681069-peking-university/KDVI/runs/n87vjezp
v02clznp,KDVI-student_uc-seed1,KDVI-student_uc,KDVI-MMD,student_uc,1,finished,2026-07-03T09:11:42Z,https://wandb.ai/2162681069-peking-university/KDVI/runs/v02clznp
6tq3cgx0,KDVI-student_uc-seed7,KDVI-student_uc,KDVI-MMD,student_uc,7,finished,2026-07-03T09:11:55Z,https://wandb.ai/2162681069-peking-university/KDVI/runs/6tq3cgx0
yd5kxs42,KDVI-student_uc-seed42,KDVI-student_uc,KDVI-MMD,student_uc,42,finished,2026-07-03T09:11:55Z,https://wandb.ai/2162681069-peking-university/KDVI/runs/yd5kxs42
gchpqnnu,KDVI-student_uc-seed43,KDVI-student_uc,KDVI-MMD,student_uc,43,finished,2026-07-03T09:12:01Z,https://wandb.ai/2162681069-peking-university/KDVI/runs/gchpqnnu
hrtpeqnm,KDVI-student_uc-seed44,KDVI-student_uc,KDVI-MMD,student_uc,44,finished,2026-07-03T09:12:07Z,https://wandb.ai/2162681069-peking-university/KDVI/runs/hrtpeqnm
ybmvlhz1,KDVI-student_uc-seed45,KDVI-student_uc,KDVI-MMD,student_uc,45,finished,2026-07-03T09:12:09Z,https://wandb.ai/2162681069-peking-university/KDVI/runs/ybmvlhz1
0vtr66i2,KDVI-student_uc-seed46,KDVI-student_uc,KDVI-MMD,student_uc,46,finished,2026-07-03T09:12:10Z,https://wandb.ai/2162681069-peking-university/KDVI/runs/0vtr66i2
08ms6jyd,KDVI-student_uc-seed47,KDVI-student_uc,KDVI-MMD,student_uc,47,finished,2026-07-03T09:12:29Z,https://wandb.ai/2162681069-peking-university/KDVI/runs/08ms6jyd
1dednn75,KDVI-student_uc-seed48,KDVI-student_uc,KDVI-MMD,student_uc,48,finished,2026-07-03T09:12:33Z,https://wandb.ai/2162681069-peking-university/KDVI/runs/1dednn75
malbpjzp,KDVI-Langevin_post-seed1,KDVI-Langevin_post,KDVI-MMD,Langevin_post,1,finished,2026-07-03T09:31:13Z,https://wandb.ai/2162681069-peking-university/KDVI/runs/malbpjzp
rwat2uf8,KDVI-Langevin_post-seed0,KDVI-Langevin_post,KDVI-MMD,Langevin_post,0,finished,2026-07-03T09:31:13Z,https://wandb.ai/2162681069-peking-university/KDVI/runs/rwat2uf8
xbe7beum,KDVI-Langevin_post-seed7,KDVI-Langevin_post,KDVI-MMD,Langevin_post,7,finished,2026-07-03T09:31:20Z,https://wandb.ai/2162681069-peking-university/KDVI/runs/xbe7beum
1e4zb2o4,KDVI-Langevin_post-seed42,KDVI-Langevin_post,KDVI-MMD,Langevin_post,42,finished,2026-07-03T09:31:22Z,https://wandb.ai/2162681069-peking-university/KDVI/runs/1e4zb2o4
jklp1eu9,KDVI-Langevin_post-seed43,KDVI-Langevin_post,KDVI-MMD,Langevin_post,43,finished,2026-07-03T09:31:23Z,https://wandb.ai/2162681069-peking-university/KDVI/runs/jklp1eu9
tk16lgu3,KDVI-Langevin_post-seed44,KDVI-Langevin_post,KDVI-MMD,Langevin_post,44,finished,2026-07-03T09:31:35Z,https://wandb.ai/2162681069-peking-university/KDVI/runs/tk16lgu3
a44oc3zr,KDVI-Langevin_post-seed45,KDVI-Langevin_post,KDVI-MMD,Langevin_post,45,finished,2026-07-03T09:31:39Z,https://wandb.ai/2162681069-peking-university/KDVI/runs/a44oc3zr
w9ump8n2,KDVI-Langevin_post-seed46,KDVI-Langevin_post,KDVI-MMD,Langevin_post,46,finished,2026-07-03T09:31:47Z,https://wandb.ai/2162681069-peking-university/KDVI/runs/w9ump8n2
5evxpy62,KDVI-Langevin_post-seed47,KDVI-Langevin_post,KDVI-MMD,Langevin_post,47,finished,2026-07-03T09:31:54Z,https://wandb.ai/2162681069-peking-university/KDVI/runs/5evxpy62
squeex07,KDVI-Langevin_post-seed48,KDVI-Langevin_post,KDVI-MMD,Langevin_post,48,finished,2026-07-03T09:32:33Z,https://wandb.ai/2162681069-peking-university/KDVI/runs/squeex07
v1bxzh83,DSIVI-banana-seed0,DSIVI-banana,DSIVI,banana,0,finished,2026-07-03T09:46:20Z,https://wandb.ai/2162681069-peking-university/KDVI/runs/v1bxzh83
aqhtdhxe,DSIVI-banana-seed1,DSIVI-banana,DSIVI,banana,1,finished,2026-07-03T09:46:30Z,https://wandb.ai/2162681069-peking-university/KDVI/runs/aqhtdhxe
ofky7kdt,DSIVI-banana-seed7,DSIVI-banana,DSIVI,banana,7,finished,2026-07-03T09:46:42Z,https://wandb.ai/2162681069-peking-university/KDVI/runs/ofky7kdt
lc73m52n,DSIVI-banana-seed42,DSIVI-banana,DSIVI,banana,42,finished,2026-07-03T09:46:43Z,https://wandb.ai/2162681069-peking-university/KDVI/runs/lc73m52n
59i1x8hc,DSIVI-banana-seed43,DSIVI-banana,DSIVI,banana,43,finished,2026-07-03T09:47:00Z,https://wandb.ai/2162681069-peking-university/KDVI/runs/59i1x8hc
zguzkwxa,DSIVI-banana-seed44,DSIVI-banana,DSIVI,banana,44,finished,2026-07-03T09:47:05Z,https://wandb.ai/2162681069-peking-university/KDVI/runs/zguzkwxa
pni47n4w,DSIVI-banana-seed45,DSIVI-banana,DSIVI,banana,45,finished,2026-07-03T09:47:07Z,https://wandb.ai/2162681069-peking-university/KDVI/runs/pni47n4w
ybwqilew,DSIVI-banana-seed46,DSIVI-banana,DSIVI,banana,46,finished,2026-07-03T09:47:10Z,https://wandb.ai/2162681069-peking-university/KDVI/runs/ybwqilew
roi4414m,DSIVI-banana-seed47,DSIVI-banana,DSIVI,banana,47,finished,2026-07-03T09:47:47Z,https://wandb.ai/2162681069-peking-university/KDVI/runs/roi4414m
gu6cmf9i,DSIVI-banana-seed48,DSIVI-banana,DSIVI,banana,48,finished,2026-07-03T09:47:53Z,https://wandb.ai/2162681069-peking-university/KDVI/runs/gu6cmf9i
lrijtfiz,DSIVI-x_shaped-seed0,DSIVI-x_shaped,DSIVI,x_shaped,0,finished,2026-07-03T09:49:43Z,https://wandb.ai/2162681069-peking-university/KDVI/runs/lrijtfiz
xjan3nog,DSIVI-x_shaped-seed1,DSIVI-x_shaped,DSIVI,x_shaped,1,finished,2026-07-03T09:49:53Z,https://wandb.ai/2162681069-peking-university/KDVI/runs/xjan3nog
t1gb6gyv,DSIVI-x_shaped-seed7,DSIVI-x_shaped,DSIVI,x_shaped,7,finished,2026-07-03T09:50:05Z,https://wandb.ai/2162681069-peking-university/KDVI/runs/t1gb6gyv
dkqo3xed,DSIVI-x_shaped-seed42,DSIVI-x_shaped,DSIVI,x_shaped,42,finished,2026-07-03T09:50:12Z,https://wandb.ai/2162681069-peking-university/KDVI/runs/dkqo3xed
kr4vndbu,DSIVI-x_shaped-seed43,DSIVI-x_shaped,DSIVI,x_shaped,43,finished,2026-07-03T09:50:26Z,https://wandb.ai/2162681069-peking-university/KDVI/runs/kr4vndbu
6zj8zmd9,DSIVI-x_shaped-seed44,DSIVI-x_shaped,DSIVI,x_shaped,44,finished,2026-07-03T09:50:28Z,https://wandb.ai/2162681069-peking-university/KDVI/runs/6zj8zmd9
4ajyeb4x,DSIVI-x_shaped-seed45,DSIVI-x_shaped,DSIVI,x_shaped,45,finished,2026-07-03T09:50:33Z,https://wandb.ai/2162681069-peking-university/KDVI/runs/4ajyeb4x
3fbpflm1,DSIVI-x_shaped-seed46,DSIVI-x_shaped,DSIVI,x_shaped,46,finished,2026-07-03T09:50:34Z,https://wandb.ai/2162681069-peking-university/KDVI/runs/3fbpflm1
5kxm2tm4,DSIVI-x_shaped-seed47,DSIVI-x_shaped,DSIVI,x_shaped,47,finished,2026-07-03T09:51:11Z,https://wandb.ai/2162681069-peking-university/KDVI/runs/5kxm2tm4
egjb10pu,DSIVI-x_shaped-seed48,DSIVI-x_shaped,DSIVI,x_shaped,48,finished,2026-07-03T09:51:17Z,https://wandb.ai/2162681069-peking-university/KDVI/runs/egjb10pu
1fties73,DSIVI-multimodal-seed0,DSIVI-multimodal,DSIVI,multimodal,0,finished,2026-07-03T09:53:12Z,https://wandb.ai/2162681069-peking-university/KDVI/runs/1fties73
gr7nm59e,DSIVI-multimodal-seed1,DSIVI-multimodal,DSIVI,multimodal,1,finished,2026-07-03T09:53:19Z,https://wandb.ai/2162681069-peking-university/KDVI/runs/gr7nm59e
9vn1q9w4,DSIVI-multimodal-seed7,DSIVI-multimodal,DSIVI,multimodal,7,finished,2026-07-03T09:53:26Z,https://wandb.ai/2162681069-peking-university/KDVI/runs/9vn1q9w4
l8vjv1l8,DSIVI-multimodal-seed42,DSIVI-multimodal,DSIVI,multimodal,42,finished,2026-07-03T09:53:33Z,https://wandb.ai/2162681069-peking-university/KDVI/runs/l8vjv1l8
l40xkmlx,DSIVI-multimodal-seed43,DSIVI-multimodal,DSIVI,multimodal,43,finished,2026-07-03T09:53:51Z,https://wandb.ai/2162681069-peking-university/KDVI/runs/l40xkmlx
8x8dpzs6,DSIVI-multimodal-seed44,DSIVI-multimodal,DSIVI,multimodal,44,finished,2026-07-03T09:53:54Z,https://wandb.ai/2162681069-peking-university/KDVI/runs/8x8dpzs6
sez4kwt2,DSIVI-multimodal-seed45,DSIVI-multimodal,DSIVI,multimodal,45,finished,2026-07-03T09:53:57Z,https://wandb.ai/2162681069-peking-university/KDVI/runs/sez4kwt2
kg6q660v,DSIVI-multimodal-seed46,DSIVI-multimodal,DSIVI,multimodal,46,finished,2026-07-03T09:54:03Z,https://wandb.ai/2162681069-peking-university/KDVI/runs/kg6q660v
r3ionmgh,DSIVI-multimodal-seed47,DSIVI-multimodal,DSIVI,multimodal,47,finished,2026-07-03T09:54:38Z,https://wandb.ai/2162681069-peking-university/KDVI/runs/r3ionmgh
f44lxs0z,DSIVI-multimodal-seed48,DSIVI-multimodal,DSIVI,multimodal,48,finished,2026-07-03T09:54:42Z,https://wandb.ai/2162681069-peking-university/KDVI/runs/f44lxs0z
z2oe1ng5,DSIVI-8_gaussians-seed0,DSIVI-8_gaussians,DSIVI,8_gaussians,0,finished,2026-07-03T09:56:36Z,https://wandb.ai/2162681069-peking-university/KDVI/runs/z2oe1ng5
vh3fuvsz,DSIVI-8_gaussians-seed1,DSIVI-8_gaussians,DSIVI,8_gaussians,1,finished,2026-07-03T09:56:40Z,https://wandb.ai/2162681069-peking-university/KDVI/runs/vh3fuvsz
rqhybmtx,DSIVI-8_gaussians-seed7,DSIVI-8_gaussians,DSIVI,8_gaussians,7,finished,2026-07-03T09:56:49Z,https://wandb.ai/2162681069-peking-university/KDVI/runs/rqhybmtx
5lxqxuen,DSIVI-8_gaussians-seed42,DSIVI-8_gaussians,DSIVI,8_gaussians,42,finished,2026-07-03T09:56:53Z,https://wandb.ai/2162681069-peking-university/KDVI/runs/5lxqxuen
6kg44pjq,DSIVI-8_gaussians-seed43,DSIVI-8_gaussians,DSIVI,8_gaussians,43,finished,2026-07-03T09:57:12Z,https://wandb.ai/2162681069-peking-university/KDVI/runs/6kg44pjq
mg2noagt,DSIVI-8_gaussians-seed44,DSIVI-8_gaussians,DSIVI,8_gaussians,44,finished,2026-07-03T09:57:16Z,https://wandb.ai/2162681069-peking-university/KDVI/runs/mg2noagt
xgatiy93,DSIVI-8_gaussians-seed45,DSIVI-8_gaussians,DSIVI,8_gaussians,45,finished,2026-07-03T09:57:23Z,https://wandb.ai/2162681069-peking-university/KDVI/runs/xgatiy93
fx3gca0z,DSIVI-8_gaussians-seed46,DSIVI-8_gaussians,DSIVI,8_gaussians,46,finished,2026-07-03T09:57:26Z,https://wandb.ai/2162681069-peking-university/KDVI/runs/fx3gca0z
8qao21st,DSIVI-8_gaussians-seed47,DSIVI-8_gaussians,DSIVI,8_gaussians,47,finished,2026-07-03T09:58:01Z,https://wandb.ai/2162681069-peking-university/KDVI/runs/8qao21st
p56pbrcm,DSIVI-8_gaussians-seed48,DSIVI-8_gaussians,DSIVI,8_gaussians,48,finished,2026-07-03T09:58:04Z,https://wandb.ai/2162681069-peking-university/KDVI/runs/p56pbrcm
7e363v85,DSIVI-8_gaussians_small-seed0,DSIVI-8_gaussians_small,DSIVI,8_gaussians_small,0,finished,2026-07-03T09:59:59Z,https://wandb.ai/2162681069-peking-university/KDVI/runs/7e363v85
683qr1rx,DSIVI-8_gaussians_small-seed1,DSIVI-8_gaussians_small,DSIVI,8_gaussians_small,1,finished,2026-07-03T10:00:01Z,https://wandb.ai/2162681069-peking-university/KDVI/runs/683qr1rx
21wwgk6q,DSIVI-8_gaussians_small-seed7,DSIVI-8_gaussians_small,DSIVI,8_gaussians_small,7,finished,2026-07-03T10:00:08Z,https://wandb.ai/2162681069-peking-university/KDVI/runs/21wwgk6q
nilj53ff,DSIVI-8_gaussians_small-seed42,DSIVI-8_gaussians_small,DSIVI,8_gaussians_small,42,finished,2026-07-03T10:00:12Z,https://wandb.ai/2162681069-peking-university/KDVI/runs/nilj53ff
yckjtnc3,DSIVI-8_gaussians_small-seed43,DSIVI-8_gaussians_small,DSIVI,8_gaussians_small,43,finished,2026-07-03T10:00:32Z,https://wandb.ai/2162681069-peking-university/KDVI/runs/yckjtnc3
w24srlu0,DSIVI-8_gaussians_small-seed44,DSIVI-8_gaussians_small,DSIVI,8_gaussians_small,44,finished,2026-07-03T10:00:37Z,https://wandb.ai/2162681069-peking-university/KDVI/runs/w24srlu0
q1s0k0tj,DSIVI-8_gaussians_small-seed45,DSIVI-8_gaussians_small,DSIVI,8_gaussians_small,45,finished,2026-07-03T10:00:47Z,https://wandb.ai/2162681069-peking-university/KDVI/runs/q1s0k0tj
lekqdttg,DSIVI-8_gaussians_small-seed46,DSIVI-8_gaussians_small,DSIVI,8_gaussians_small,46,finished,2026-07-03T10:00:49Z,https://wandb.ai/2162681069-peking-university/KDVI/runs/lekqdttg
ikfthhss,DSIVI-8_gaussians_small-seed47,DSIVI-8_gaussians_small,DSIVI,8_gaussians_small,47,finished,2026-07-03T10:01:23Z,https://wandb.ai/2162681069-peking-university/KDVI/runs/ikfthhss
6t8rbqgh,DSIVI-8_gaussians_small-seed48,DSIVI-8_gaussians_small,DSIVI,8_gaussians_small,48,finished,2026-07-03T10:01:29Z,https://wandb.ai/2162681069-peking-university/KDVI/runs/6t8rbqgh
soewageo,DSIVI-student_uc-seed0,DSIVI-student_uc,DSIVI,student_uc,0,finished,2026-07-03T10:03:20Z,https://wandb.ai/2162681069-peking-university/KDVI/runs/soewageo
a3a2uhjh,DSIVI-student_uc-seed1,DSIVI-student_uc,DSIVI,student_uc,1,finished,2026-07-03T10:03:21Z,https://wandb.ai/2162681069-peking-university/KDVI/runs/a3a2uhjh
53cxwk48,DSIVI-student_uc-seed7,DSIVI-student_uc,DSIVI,student_uc,7,finished,2026-07-03T10:03:28Z,https://wandb.ai/2162681069-peking-university/KDVI/runs/53cxwk48
nxg4d2e8,DSIVI-student_uc-seed42,DSIVI-student_uc,DSIVI,student_uc,42,finished,2026-07-03T10:03:33Z,https://wandb.ai/2162681069-peking-university/KDVI/runs/nxg4d2e8
voh9q4fg,DSIVI-student_uc-seed43,DSIVI-student_uc,DSIVI,student_uc,43,finished,2026-07-03T10:03:54Z,https://wandb.ai/2162681069-peking-university/KDVI/runs/voh9q4fg
9jud79o8,DSIVI-student_uc-seed44,DSIVI-student_uc,DSIVI,student_uc,44,finished,2026-07-03T10:03:58Z,https://wandb.ai/2162681069-peking-university/KDVI/runs/9jud79o8
iol2i4ln,DSIVI-student_uc-seed45,DSIVI-student_uc,DSIVI,student_uc,45,finished,2026-07-03T10:04:10Z,https://wandb.ai/2162681069-peking-university/KDVI/runs/iol2i4ln
zz4ixw8v,DSIVI-student_uc-seed46,DSIVI-student_uc,DSIVI,student_uc,46,finished,2026-07-03T10:04:10Z,https://wandb.ai/2162681069-peking-university/KDVI/runs/zz4ixw8v
hpda7u29,DSIVI-student_uc-seed47,DSIVI-student_uc,DSIVI,student_uc,47,finished,2026-07-03T10:04:45Z,https://wandb.ai/2162681069-peking-university/KDVI/runs/hpda7u29
ve4gstje,DSIVI-student_uc-seed48,DSIVI-student_uc,DSIVI,student_uc,48,finished,2026-07-03T10:04:50Z,https://wandb.ai/2162681069-peking-university/KDVI/runs/ve4gstje
g7ma9i6n,DSIVI-Langevin_post-seed1,DSIVI-Langevin_post,DSIVI,Langevin_post,1,finished,2026-07-03T10:06:43Z,https://wandb.ai/2162681069-peking-university/KDVI/runs/g7ma9i6n
hn03gx9x,DSIVI-Langevin_post-seed0,DSIVI-Langevin_post,DSIVI,Langevin_post,0,finished,2026-07-03T10:06:43Z,https://wandb.ai/2162681069-peking-university/KDVI/runs/hn03gx9x
x0i7sohy,DSIVI-Langevin_post-seed7,DSIVI-Langevin_post,DSIVI,Langevin_post,7,finished,2026-07-03T10:06:49Z,https://wandb.ai/2162681069-peking-university/KDVI/runs/x0i7sohy
2misob0m,DSIVI-Langevin_post-seed42,DSIVI-Langevin_post,DSIVI,Langevin_post,42,finished,2026-07-03T10:06:51Z,https://wandb.ai/2162681069-peking-university/KDVI/runs/2misob0m
bmzsegzl,DSIVI-Langevin_post-seed43,DSIVI-Langevin_post,DSIVI,Langevin_post,43,finished,2026-07-03T10:07:14Z,https://wandb.ai/2162681069-peking-university/KDVI/runs/bmzsegzl
czcgfg1i,DSIVI-Langevin_post-seed44,DSIVI-Langevin_post,DSIVI,Langevin_post,44,finished,2026-07-03T10:07:16Z,https://wandb.ai/2162681069-peking-university/KDVI/runs/czcgfg1i
8bbmy8v3,DSIVI-Langevin_post-seed46,DSIVI-Langevin_post,DSIVI,Langevin_post,46,finished,2026-07-03T10:07:28Z,https://wandb.ai/2162681069-peking-university/KDVI/runs/8bbmy8v3
pcprfhkb,DSIVI-Langevin_post-seed45,DSIVI-Langevin_post,DSIVI,Langevin_post,45,finished,2026-07-03T10:07:28Z,https://wandb.ai/2162681069-peking-university/KDVI/runs/pcprfhkb
1lbd7pcs,DSIVI-Langevin_post-seed47,DSIVI-Langevin_post,DSIVI,Langevin_post,47,finished,2026-07-03T10:08:09Z,https://wandb.ai/2162681069-peking-university/KDVI/runs/1lbd7pcs
iinfqmnv,DSIVI-Langevin_post-seed48,DSIVI-Langevin_post,DSIVI,Langevin_post,48,finished,2026-07-03T10:08:10Z,https://wandb.ai/2162681069-peking-university/KDVI/runs/iinfqmnv
hqzzq362,KDVI-W2-banana-seed1,KDVI-W2-banana,KDVI-W2,banana,1,finished,2026-07-06T12:44:45Z,https://wandb.ai/2162681069-peking-university/KDVI/runs/hqzzq362
pkokt5tv,KDVI-W2-banana-seed0,KDVI-W2-banana,KDVI-W2,banana,0,finished,2026-07-06T12:44:45Z,https://wandb.ai/2162681069-peking-university/KDVI/runs/pkokt5tv
54z8rewq,KDVI-W2-banana-seed7,KDVI-W2-banana,KDVI-W2,banana,7,finished,2026-07-06T12:54:46Z,https://wandb.ai/2162681069-peking-university/KDVI/runs/54z8rewq
dw7zs2az,KDVI-W2-banana-seed42,KDVI-W2-banana,KDVI-W2,banana,42,finished,2026-07-06T12:55:08Z,https://wandb.ai/2162681069-peking-university/KDVI/runs/dw7zs2az
qqgu5ymj,KDVI-W2-banana-seed43,KDVI-W2-banana,KDVI-W2,banana,43,finished,2026-07-06T13:04:50Z,https://wandb.ai/2162681069-peking-university/KDVI/runs/qqgu5ymj
3yn3gooo,KDVI-W2-banana-seed44,KDVI-W2-banana,KDVI-W2,banana,44,finished,2026-07-06T13:05:10Z,https://wandb.ai/2162681069-peking-university/KDVI/runs/3yn3gooo
ip6i2ytz,KDVI-W2-banana-seed45,KDVI-W2-banana,KDVI-W2,banana,45,finished,2026-07-06T13:12:57Z,https://wandb.ai/2162681069-peking-university/KDVI/runs/ip6i2ytz
3f2bv74j,KDVI-W2-banana-seed46,KDVI-W2-banana,KDVI-W2,banana,46,finished,2026-07-06T13:15:19Z,https://wandb.ai/2162681069-peking-university/KDVI/runs/3f2bv74j
aqtcjjot,KDVI-W2-banana-seed47,KDVI-W2-banana,KDVI-W2,banana,47,finished,2026-07-06T13:23:08Z,https://wandb.ai/2162681069-peking-university/KDVI/runs/aqtcjjot
8yfc3uvv,KDVI-W2-banana-seed48,KDVI-W2-banana,KDVI-W2,banana,48,finished,2026-07-06T13:23:32Z,https://wandb.ai/2162681069-peking-university/KDVI/runs/8yfc3uvv
7sov5xtj,KDVI-W2-x_shaped-seed0,KDVI-W2-x_shaped,KDVI-W2,x_shaped,0,finished,2026-07-06T13:33:34Z,https://wandb.ai/2162681069-peking-university/KDVI/runs/7sov5xtj
vaolawi7,KDVI-W2-x_shaped-seed1,KDVI-W2-x_shaped,KDVI-W2,x_shaped,1,finished,2026-07-06T13:33:34Z,https://wandb.ai/2162681069-peking-university/KDVI/runs/vaolawi7
bxxn3cpt,KDVI-W2-x_shaped-seed7,KDVI-W2-x_shaped,KDVI-W2,x_shaped,7,finished,2026-07-06T13:44:17Z,https://wandb.ai/2162681069-peking-university/KDVI/runs/bxxn3cpt
hxj4gt4s,KDVI-W2-x_shaped-seed42,KDVI-W2-x_shaped,KDVI-W2,x_shaped,42,finished,2026-07-06T13:44:24Z,https://wandb.ai/2162681069-peking-university/KDVI/runs/hxj4gt4s
12x7bsn8,KDVI-W2-x_shaped-seed43,KDVI-W2-x_shaped,KDVI-W2,x_shaped,43,finished,2026-07-06T13:55:03Z,https://wandb.ai/2162681069-peking-university/KDVI/runs/12x7bsn8
xrlp39xh,KDVI-W2-x_shaped-seed44,KDVI-W2-x_shaped,KDVI-W2,x_shaped,44,finished,2026-07-06T13:55:05Z,https://wandb.ai/2162681069-peking-university/KDVI/runs/xrlp39xh
kqdtx9be,KDVI-W2-x_shaped-seed45,KDVI-W2-x_shaped,KDVI-W2,x_shaped,45,finished,2026-07-06T14:05:59Z,https://wandb.ai/2162681069-peking-university/KDVI/runs/kqdtx9be
hjhklxzc,KDVI-W2-x_shaped-seed46,KDVI-W2-x_shaped,KDVI-W2,x_shaped,46,finished,2026-07-06T14:06:04Z,https://wandb.ai/2162681069-peking-university/KDVI/runs/hjhklxzc
w6yj9x3z,KDVI-W2-x_shaped-seed47,KDVI-W2-x_shaped,KDVI-W2,x_shaped,47,finished,2026-07-06T14:15:57Z,https://wandb.ai/2162681069-peking-university/KDVI/runs/w6yj9x3z
1gmvqk39,KDVI-W2-x_shaped-seed48,KDVI-W2-x_shaped,KDVI-W2,x_shaped,48,finished,2026-07-06T14:16:01Z,https://wandb.ai/2162681069-peking-university/KDVI/runs/1gmvqk39
nlftgfve,KDVI-W2-multimodal-seed0,KDVI-W2-multimodal,KDVI-W2,multimodal,0,finished,2026-07-06T14:24:53Z,https://wandb.ai/2162681069-peking-university/KDVI/runs/nlftgfve
a3m3pucm,KDVI-W2-multimodal-seed1,KDVI-W2-multimodal,KDVI-W2,multimodal,1,finished,2026-07-06T14:25:33Z,https://wandb.ai/2162681069-peking-university/KDVI/runs/a3m3pucm
071jh8su,KDVI-W2-multimodal-seed7,KDVI-W2-multimodal,KDVI-W2,multimodal,7,finished,2026-07-06T14:33:33Z,https://wandb.ai/2162681069-peking-university/KDVI/runs/071jh8su
vwkeb2oo,KDVI-W2-multimodal-seed42,KDVI-W2-multimodal,KDVI-W2,multimodal,42,finished,2026-07-06T14:33:57Z,https://wandb.ai/2162681069-peking-university/KDVI/runs/vwkeb2oo
ndy3ba61,KDVI-W2-multimodal-seed43,KDVI-W2-multimodal,KDVI-W2,multimodal,43,finished,2026-07-06T14:42:18Z,https://wandb.ai/2162681069-peking-university/KDVI/runs/ndy3ba61
w6kbwiox,KDVI-W2-multimodal-seed44,KDVI-W2-multimodal,KDVI-W2,multimodal,44,finished,2026-07-06T14:42:40Z,https://wandb.ai/2162681069-peking-university/KDVI/runs/w6kbwiox
y6zt40ow,KDVI-W2-multimodal-seed45,KDVI-W2-multimodal,KDVI-W2,multimodal,45,finished,2026-07-06T14:50:43Z,https://wandb.ai/2162681069-peking-university/KDVI/runs/y6zt40ow
rpntl2i0,KDVI-W2-multimodal-seed46,KDVI-W2-multimodal,KDVI-W2,multimodal,46,finished,2026-07-06T14:51:56Z,https://wandb.ai/2162681069-peking-university/KDVI/runs/rpntl2i0
wjthyn1f,KDVI-W2-multimodal-seed47,KDVI-W2-multimodal,KDVI-W2,multimodal,47,finished,2026-07-06T14:59:33Z,https://wandb.ai/2162681069-peking-university/KDVI/runs/wjthyn1f
5bk55eoj,KDVI-W2-multimodal-seed48,KDVI-W2-multimodal,KDVI-W2,multimodal,48,finished,2026-07-06T15:00:30Z,https://wandb.ai/2162681069-peking-university/KDVI/runs/5bk55eoj
q9njj00d,KDVI-W2-8_gaussians-seed0,KDVI-W2-8_gaussians,KDVI-W2,8_gaussians,0,finished,2026-07-06T15:08:18Z,https://wandb.ai/2162681069-peking-university/KDVI/runs/q9njj00d
01teupoy,KDVI-W2-8_gaussians-seed1,KDVI-W2-8_gaussians,KDVI-W2,8_gaussians,1,finished,2026-07-06T15:08:57Z,https://wandb.ai/2162681069-peking-university/KDVI/runs/01teupoy
y1fbzn5p,KDVI-W2-8_gaussians-seed7,KDVI-W2-8_gaussians,KDVI-W2,8_gaussians,7,finished,2026-07-06T15:16:17Z,https://wandb.ai/2162681069-peking-university/KDVI/runs/y1fbzn5p
at9cqhct,KDVI-W2-8_gaussians-seed42,KDVI-W2-8_gaussians,KDVI-W2,8_gaussians,42,finished,2026-07-06T15:16:50Z,https://wandb.ai/2162681069-peking-university/KDVI/runs/at9cqhct
flq0u3qz,KDVI-W2-8_gaussians-seed43,KDVI-W2-8_gaussians,KDVI-W2,8_gaussians,43,finished,2026-07-06T15:24:31Z,https://wandb.ai/2162681069-peking-university/KDVI/runs/flq0u3qz
gby71v4q,KDVI-W2-8_gaussians-seed44,KDVI-W2-8_gaussians,KDVI-W2,8_gaussians,44,finished,2026-07-06T15:24:42Z,https://wandb.ai/2162681069-peking-university/KDVI/runs/gby71v4q
2pxsrohp,KDVI-W2-8_gaussians-seed46,KDVI-W2-8_gaussians,KDVI-W2,8_gaussians,46,finished,2026-07-06T15:32:30Z,https://wandb.ai/2162681069-peking-university/KDVI/runs/2pxsrohp
ikcoep04,KDVI-W2-8_gaussians-seed45,KDVI-W2-8_gaussians,KDVI-W2,8_gaussians,45,finished,2026-07-06T15:32:30Z,https://wandb.ai/2162681069-peking-university/KDVI/runs/ikcoep04
dsg9z0uf,KDVI-W2-8_gaussians-seed47,KDVI-W2-8_gaussians,KDVI-W2,8_gaussians,47,finished,2026-07-06T15:40:21Z,https://wandb.ai/2162681069-peking-university/KDVI/runs/dsg9z0uf
jhu8724i,KDVI-W2-8_gaussians-seed48,KDVI-W2-8_gaussians,KDVI-W2,8_gaussians,48,finished,2026-07-06T15:40:35Z,https://wandb.ai/2162681069-peking-university/KDVI/runs/jhu8724i
4h55fxop,KDVI-W2-8_gaussians_small-seed0,KDVI-W2-8_gaussians_small,KDVI-W2,8_gaussians_small,0,finished,2026-07-06T15:48:11Z,https://wandb.ai/2162681069-peking-university/KDVI/runs/4h55fxop
ak93m7ab,KDVI-W2-8_gaussians_small-seed1,KDVI-W2-8_gaussians_small,KDVI-W2,8_gaussians_small,1,finished,2026-07-06T15:48:44Z,https://wandb.ai/2162681069-peking-university/KDVI/runs/ak93m7ab
6x4r6w51,KDVI-W2-8_gaussians_small-seed7,KDVI-W2-8_gaussians_small,KDVI-W2,8_gaussians_small,7,finished,2026-07-06T15:56:08Z,https://wandb.ai/2162681069-peking-university/KDVI/runs/6x4r6w51
ehwhnlx2,KDVI-W2-8_gaussians_small-seed42,KDVI-W2-8_gaussians_small,KDVI-W2,8_gaussians_small,42,finished,2026-07-06T15:56:25Z,https://wandb.ai/2162681069-peking-university/KDVI/runs/ehwhnlx2
cevqx71z,KDVI-W2-8_gaussians_small-seed43,KDVI-W2-8_gaussians_small,KDVI-W2,8_gaussians_small,43,finished,2026-07-06T16:04:01Z,https://wandb.ai/2162681069-peking-university/KDVI/runs/cevqx71z
frpndlax,KDVI-W2-8_gaussians_small-seed44,KDVI-W2-8_gaussians_small,KDVI-W2,8_gaussians_small,44,finished,2026-07-06T16:04:11Z,https://wandb.ai/2162681069-peking-university/KDVI/runs/frpndlax
czyhpccd,KDVI-W2-8_gaussians_small-seed45,KDVI-W2-8_gaussians_small,KDVI-W2,8_gaussians_small,45,finished,2026-07-06T16:11:56Z,https://wandb.ai/2162681069-peking-university/KDVI/runs/czyhpccd
9b3qd6s5,KDVI-W2-8_gaussians_small-seed46,KDVI-W2-8_gaussians_small,KDVI-W2,8_gaussians_small,46,finished,2026-07-06T16:12:06Z,https://wandb.ai/2162681069-peking-university/KDVI/runs/9b3qd6s5
moo0kxsa,KDVI-W2-8_gaussians_small-seed47,KDVI-W2-8_gaussians_small,KDVI-W2,8_gaussians_small,47,finished,2026-07-06T16:19:32Z,https://wandb.ai/2162681069-peking-university/KDVI/runs/moo0kxsa
mcqmv2fx,KDVI-W2-8_gaussians_small-seed48,KDVI-W2-8_gaussians_small,KDVI-W2,8_gaussians_small,48,finished,2026-07-06T16:20:28Z,https://wandb.ai/2162681069-peking-university/KDVI/runs/mcqmv2fx
wi6pdycj,KDVI-W2-student_uc-seed0,KDVI-W2-student_uc,KDVI-W2,student_uc,0,finished,2026-07-06T16:27:27Z,https://wandb.ai/2162681069-peking-university/KDVI/runs/wi6pdycj
h59w5i9y,KDVI-W2-student_uc-seed1,KDVI-W2-student_uc,KDVI-W2,student_uc,1,finished,2026-07-06T16:29:00Z,https://wandb.ai/2162681069-peking-university/KDVI/runs/h59w5i9y
y1tq18yl,KDVI-W2-student_uc-seed7,KDVI-W2-student_uc,KDVI-W2,student_uc,7,finished,2026-07-06T16:42:02Z,https://wandb.ai/2162681069-peking-university/KDVI/runs/y1tq18yl
hvtt5qh5,KDVI-W2-student_uc-seed42,KDVI-W2-student_uc,KDVI-W2,student_uc,42,finished,2026-07-06T16:43:22Z,https://wandb.ai/2162681069-peking-university/KDVI/runs/hvtt5qh5
ml12bffq,KDVI-W2-student_uc-seed43,KDVI-W2-student_uc,KDVI-W2,student_uc,43,finished,2026-07-06T16:57:01Z,https://wandb.ai/2162681069-peking-university/KDVI/runs/ml12bffq
itkj5ls2,KDVI-W2-student_uc-seed44,KDVI-W2-student_uc,KDVI-W2,student_uc,44,finished,2026-07-06T16:58:13Z,https://wandb.ai/2162681069-peking-university/KDVI/runs/itkj5ls2
budl881h,KDVI-W2-student_uc-seed45,KDVI-W2-student_uc,KDVI-W2,student_uc,45,finished,2026-07-06T17:11:37Z,https://wandb.ai/2162681069-peking-university/KDVI/runs/budl881h
22160niq,KDVI-W2-student_uc-seed46,KDVI-W2-student_uc,KDVI-W2,student_uc,46,finished,2026-07-06T17:13:10Z,https://wandb.ai/2162681069-peking-university/KDVI/runs/22160niq
jm23yc5l,KDVI-W2-student_uc-seed47,KDVI-W2-student_uc,KDVI-W2,student_uc,47,finished,2026-07-06T17:26:10Z,https://wandb.ai/2162681069-peking-university/KDVI/runs/jm23yc5l
hagbhykx,KDVI-W2-student_uc-seed48,KDVI-W2-student_uc,KDVI-W2,student_uc,48,finished,2026-07-06T17:28:08Z,https://wandb.ai/2162681069-peking-university/KDVI/runs/hagbhykx
n7rn0u8a,KDVI-W2-Langevin_post-seed0,KDVI-W2-Langevin_post,KDVI-W2,Langevin_post,0,finished,2026-07-06T17:40:28Z,https://wandb.ai/2162681069-peking-university/KDVI/runs/n7rn0u8a
mhkhctbj,KDVI-W2-Langevin_post-seed1,KDVI-W2-Langevin_post,KDVI-W2,Langevin_post,1,finished,2026-07-06T17:42:32Z,https://wandb.ai/2162681069-peking-university/KDVI/runs/mhkhctbj
yiray93h,KDVI-W2-Langevin_post-seed7,KDVI-W2-Langevin_post,KDVI-W2,Langevin_post,7,finished,2026-07-06T17:55:03Z,https://wandb.ai/2162681069-peking-university/KDVI/runs/yiray93h
lak6d03s,KDVI-W2-Langevin_post-seed42,KDVI-W2-Langevin_post,KDVI-W2,Langevin_post,42,finished,2026-07-06T17:57:34Z,https://wandb.ai/2162681069-peking-university/KDVI/runs/lak6d03s
3eahzm4b,KDVI-W2-Langevin_post-seed43,KDVI-W2-Langevin_post,KDVI-W2,Langevin_post,43,finished,2026-07-06T18:09:31Z,https://wandb.ai/2162681069-peking-university/KDVI/runs/3eahzm4b
9o87mta5,KDVI-W2-Langevin_post-seed44,KDVI-W2-Langevin_post,KDVI-W2,Langevin_post,44,finished,2026-07-06T18:12:13Z,https://wandb.ai/2162681069-peking-university/KDVI/runs/9o87mta5
jj6rc9b8,KDVI-W2-Langevin_post-seed45,KDVI-W2-Langevin_post,KDVI-W2,Langevin_post,45,finished,2026-07-06T18:24:01Z,https://wandb.ai/2162681069-peking-university/KDVI/runs/jj6rc9b8
ogs1p5z8,KDVI-W2-Langevin_post-seed46,KDVI-W2-Langevin_post,KDVI-W2,Langevin_post,46,finished,2026-07-06T18:27:05Z,https://wandb.ai/2162681069-peking-university/KDVI/runs/ogs1p5z8
j6vv2ow3,KDVI-W2-Langevin_post-seed47,KDVI-W2-Langevin_post,KDVI-W2,Langevin_post,47,finished,2026-07-06T18:38:40Z,https://wandb.ai/2162681069-peking-university/KDVI/runs/j6vv2ow3
hzlx6f26,KDVI-W2-Langevin_post-seed48,KDVI-W2-Langevin_post,KDVI-W2,Langevin_post,48,finished,2026-07-06T18:41:57Z,https://wandb.ai/2162681069-peking-university/KDVI/runs/hzlx6f26
