aisivi_refit_final_100_mean_loss,aisivi_refit_runtime_sec,aisivi_refit_steps,analysis_fingerprint,completed_at,dsivi_reverse_sha256,epoch,estimator_config_fingerprint,estimator_config_path,estimator_run_id,forward_bank_path,hmc_average_acceptance_rate,hmc_internal_l2,hmc_mean_mcse_l2,hmc_post_burn_acceptance_rate,hmc_quality_issues,hmc_quality_status,hmc_reference_path,hmc_runtime_sec,hmc_score_rhat_p95,method,method_fingerprint,method_hmc_l2,method_hmc_l2_z_sd,method_hmc_relative_l2,method_runtime_sec,native_auxiliary_samples,progress,seed,source_checkpoint_dir,source_method,source_run_id,target,uivi_average_acceptance_rate
,,,978da4d11304dbd0e786e30043c9d8daec1351e2821a5bea07b3ac4d2b47c9ba,2026-07-28T11:21:26.397165+00:00,,10000,39f2459f16467d0b7f5cc9c1c01bb715952a6eea96a3029acf2c543931129a6e,configs/sivi_x_shaped.yaml,seed42_sivi_x_shaped,/root/ruivi/results/default_config_grid/score_approximation_dsivi_shared_x_shaped_10k/reference_cache/x_shaped/seed_42/epoch_10000/forward_47d7b80bcc79ddc6.pt,0.9959987141927084,0.15122974932757924,0.007959460490925224,0.995632724609375,[],pass,/root/ruivi/results/default_config_grid/score_approximation_dsivi_shared_x_shaped_10k/reference_cache/x_shaped/seed_42/epoch_10000/hmc_2228085552679786.pt,541.7314862012863,1.0033149916488566,SIVI,6cc6a9a7896866eb5ffb9309228c19f9aa779698f59fc89e1b9dcc514ad013fb,54.12714621482653,640.3173677037715,13.403934390412699,0.33806174993515015,4097,1.0,42,results/default_config_grid/DSIVI/x_shaped/20260504_125719/checkpoints/epoch_10000,DSIVI,seed42_dsivi_x_shaped,x_shaped,
,,,978da4d11304dbd0e786e30043c9d8daec1351e2821a5bea07b3ac4d2b47c9ba,2026-07-28T11:21:31.179721+00:00,,10000,c4a96a77e3bd2f4a73e85263e35c1958f9463ba46a2d4d2910be5077e99377be,configs/uivi_x_shaped.yaml,seed42_uivi_x_shaped,/root/ruivi/results/default_config_grid/score_approximation_dsivi_shared_x_shaped_10k/reference_cache/x_shaped/seed_42/epoch_10000/forward_47d7b80bcc79ddc6.pt,0.9959987141927084,0.15122974932757924,0.007959460490925224,0.995632724609375,[],pass,/root/ruivi/results/default_config_grid/score_approximation_dsivi_shared_x_shaped_10k/reference_cache/x_shaped/seed_42/epoch_10000/hmc_2228085552679786.pt,541.7314862012863,1.0033149916488566,UIVI,4160ab1cc04b547309a1abf07dcaa5b628dbe90faf676868b00da9ff5c200170,307.00580302331934,2070.6878430186175,76.02628124653155,0.3750254437327385,5,1.0,42,results/default_config_grid/DSIVI/x_shaped/20260504_125719/checkpoints/epoch_10000,DSIVI,seed42_dsivi_x_shaped,x_shaped,0.3843750059604645
6.1867080047726635,350.8006877079606,10000,978da4d11304dbd0e786e30043c9d8daec1351e2821a5bea07b3ac4d2b47c9ba,2026-07-28T11:03:05.296360+00:00,,10000,d1279f06a4d80b4eefa6d2ff70d20813cf7268f772ec24b6ef3d53f8630f904f,configs/aisivi_x_shaped.yaml,seed42_aisivi_x_shaped,/root/ruivi/results/default_config_grid/score_approximation_dsivi_shared_x_shaped_10k/reference_cache/x_shaped/seed_42/epoch_10000/forward_47d7b80bcc79ddc6.pt,0.9959987141927084,0.15122974932757924,0.007959460490925224,0.995632724609375,[],pass,/root/ruivi/results/default_config_grid/score_approximation_dsivi_shared_x_shaped_10k/reference_cache/x_shaped/seed_42/epoch_10000/hmc_2228085552679786.pt,541.7314862012863,1.0033149916488566,AISIVI,e3f25a7da2f73d0cd8998afba637a96954bb4458c63de81cae5a56754119c9a2,1.3684796776018158,7.486542412316181,0.3388874732169666,0.15711715817451477,1024,1.0,42,results/default_config_grid/DSIVI/x_shaped/20260504_125719/checkpoints/epoch_10000,DSIVI,seed42_dsivi_x_shaped,x_shaped,
,,,978da4d11304dbd0e786e30043c9d8daec1351e2821a5bea07b3ac4d2b47c9ba,2026-07-28T11:21:37.566971+00:00,ea3600bf3abeb1e297df66edbf5640a64a9bc7fd62c46dbb7500365b40247f54,10000,35ced03017b8c3985ba1bf6f0c51fb93febb387ab0d4f2646d1f747abd25e962,configs/dsivi_x_shaped.yaml,seed42_dsivi_x_shaped,/root/ruivi/results/default_config_grid/score_approximation_dsivi_shared_x_shaped_10k/reference_cache/x_shaped/seed_42/epoch_10000/forward_47d7b80bcc79ddc6.pt,0.9959987141927084,0.15122974932757924,0.007959460490925224,0.995632724609375,[],pass,/root/ruivi/results/default_config_grid/score_approximation_dsivi_shared_x_shaped_10k/reference_cache/x_shaped/seed_42/epoch_10000/hmc_2228085552679786.pt,541.7314862012863,1.0033149916488566,DSIVI,6adccf7d06e24664951d328d9808325cdb0bb136798a4cc3a565a768bee7446c,0.07480491504211559,0.2697917341327236,0.018524534238796776,0.12636101990938187,0,1.0,42,results/default_config_grid/DSIVI/x_shaped/20260504_125719/checkpoints/epoch_10000,DSIVI,seed42_dsivi_x_shaped,x_shaped,
,,,978da4d11304dbd0e786e30043c9d8daec1351e2821a5bea07b3ac4d2b47c9ba,2026-07-28T11:21:26.432844+00:00,,8000,39f2459f16467d0b7f5cc9c1c01bb715952a6eea96a3029acf2c543931129a6e,configs/sivi_x_shaped.yaml,seed42_sivi_x_shaped,/root/ruivi/results/default_config_grid/score_approximation_dsivi_shared_x_shaped_10k/reference_cache/x_shaped/seed_42/epoch_8000/forward_1366be0dd033c8b4.pt,0.9952551350911458,0.2207875685010084,0.011620398342158337,0.9948088183593751,[],pass,/root/ruivi/results/default_config_grid/score_approximation_dsivi_shared_x_shaped_10k/reference_cache/x_shaped/seed_42/epoch_8000/hmc_6f5a94d681c22cff.pt,454.1118741184473,1.0034567494561557,SIVI,3d9432523bf394350188c2dc7cbbe2c19a798c5f481d3c89cfe4706d6ef1f87b,69.35045990063433,710.4826859584061,17.12767882353319,0.0022886991500854492,4097,0.8,42,results/default_config_grid/DSIVI/x_shaped/20260504_125719/checkpoints/epoch_8000,DSIVI,seed42_dsivi_x_shaped,x_shaped,
,,,978da4d11304dbd0e786e30043c9d8daec1351e2821a5bea07b3ac4d2b47c9ba,2026-07-28T11:21:31.375179+00:00,,8000,c4a96a77e3bd2f4a73e85263e35c1958f9463ba46a2d4d2910be5077e99377be,configs/uivi_x_shaped.yaml,seed42_uivi_x_shaped,/root/ruivi/results/default_config_grid/score_approximation_dsivi_shared_x_shaped_10k/reference_cache/x_shaped/seed_42/epoch_8000/forward_1366be0dd033c8b4.pt,0.9952551350911458,0.2207875685010084,0.011620398342158337,0.9948088183593751,[],pass,/root/ruivi/results/default_config_grid/score_approximation_dsivi_shared_x_shaped_10k/reference_cache/x_shaped/seed_42/epoch_8000/hmc_6f5a94d681c22cff.pt,454.1118741184473,1.0034567494561557,UIVI,46832342187a0a4bc30ac1058c9e15c688f8fc9ea46838918e5426b9d904b742,432.1001420331295,2684.096061163396,106.71699168182188,0.16029229760169983,5,0.8,42,results/default_config_grid/DSIVI/x_shaped/20260504_125719/checkpoints/epoch_8000,DSIVI,seed42_dsivi_x_shaped,x_shaped,0.3827148377895355
0.5828307229280472,324.5063677057624,10000,978da4d11304dbd0e786e30043c9d8daec1351e2821a5bea07b3ac4d2b47c9ba,2026-07-28T11:08:30.123653+00:00,,8000,d1279f06a4d80b4eefa6d2ff70d20813cf7268f772ec24b6ef3d53f8630f904f,configs/aisivi_x_shaped.yaml,seed42_aisivi_x_shaped,/root/ruivi/results/default_config_grid/score_approximation_dsivi_shared_x_shaped_10k/reference_cache/x_shaped/seed_42/epoch_8000/forward_1366be0dd033c8b4.pt,0.9952551350911458,0.2207875685010084,0.011620398342158337,0.9948088183593751,[],pass,/root/ruivi/results/default_config_grid/score_approximation_dsivi_shared_x_shaped_10k/reference_cache/x_shaped/seed_42/epoch_8000/hmc_6f5a94d681c22cff.pt,454.1118741184473,1.0034567494561557,AISIVI,d7d9f99bc30c483d8813301b591209604dd6340e030eb0ca77de9df8d855ec0b,44.41871484429117,968.4581284172486,10.970215377045633,0.11099549382925034,1024,0.8,42,results/default_config_grid/DSIVI/x_shaped/20260504_125719/checkpoints/epoch_8000,DSIVI,seed42_dsivi_x_shaped,x_shaped,
,,,978da4d11304dbd0e786e30043c9d8daec1351e2821a5bea07b3ac4d2b47c9ba,2026-07-28T11:21:37.623586+00:00,7ec9a465dc3292e7848a67ccf8e95cbc534eaf1145b483b4044e48211beed7d2,8000,35ced03017b8c3985ba1bf6f0c51fb93febb387ab0d4f2646d1f747abd25e962,configs/dsivi_x_shaped.yaml,seed42_dsivi_x_shaped,/root/ruivi/results/default_config_grid/score_approximation_dsivi_shared_x_shaped_10k/reference_cache/x_shaped/seed_42/epoch_8000/forward_1366be0dd033c8b4.pt,0.9952551350911458,0.2207875685010084,0.011620398342158337,0.9948088183593751,[],pass,/root/ruivi/results/default_config_grid/score_approximation_dsivi_shared_x_shaped_10k/reference_cache/x_shaped/seed_42/epoch_8000/hmc_6f5a94d681c22cff.pt,454.1118741184473,1.0034567494561557,DSIVI,d221a01b8d13ee218bf0ea2430a016bf030cf7bceeb82ad34efe04d32986a0c4,0.11284987934870919,0.4545623673760626,0.027870853221861367,0.000528968870639801,0,0.8,42,results/default_config_grid/DSIVI/x_shaped/20260504_125719/checkpoints/epoch_8000,DSIVI,seed42_dsivi_x_shaped,x_shaped,
,,,978da4d11304dbd0e786e30043c9d8daec1351e2821a5bea07b3ac4d2b47c9ba,2026-07-28T11:21:26.464242+00:00,,6000,39f2459f16467d0b7f5cc9c1c01bb715952a6eea96a3029acf2c543931129a6e,configs/sivi_x_shaped.yaml,seed42_sivi_x_shaped,/root/ruivi/results/default_config_grid/score_approximation_dsivi_shared_x_shaped_10k/reference_cache/x_shaped/seed_42/epoch_6000/forward_90a510c14c42c863.pt,0.9952291666666668,0.18200644627085913,0.00957928664583469,0.9947795214843751,[],pass,/root/ruivi/results/default_config_grid/score_approximation_dsivi_shared_x_shaped_10k/reference_cache/x_shaped/seed_42/epoch_6000/hmc_9ac0b380ed40e20f.pt,388.18972016870975,1.003097223155302,SIVI,965771a349b60c2535ceab893bc01566853d2868feff1b42c238836d248dc0bb,91.72626994649934,643.1524491648935,22.123924116557337,0.0017523542046546936,4097,0.6,42,results/default_config_grid/DSIVI/x_shaped/20260504_125719/checkpoints/epoch_6000,DSIVI,seed42_dsivi_x_shaped,x_shaped,
,,,978da4d11304dbd0e786e30043c9d8daec1351e2821a5bea07b3ac4d2b47c9ba,2026-07-28T11:21:31.602504+00:00,,6000,c4a96a77e3bd2f4a73e85263e35c1958f9463ba46a2d4d2910be5077e99377be,configs/uivi_x_shaped.yaml,seed42_uivi_x_shaped,/root/ruivi/results/default_config_grid/score_approximation_dsivi_shared_x_shaped_10k/reference_cache/x_shaped/seed_42/epoch_6000/forward_90a510c14c42c863.pt,0.9952291666666668,0.18200644627085913,0.00957928664583469,0.9947795214843751,[],pass,/root/ruivi/results/default_config_grid/score_approximation_dsivi_shared_x_shaped_10k/reference_cache/x_shaped/seed_42/epoch_6000/hmc_9ac0b380ed40e20f.pt,388.18972016870975,1.003097223155302,UIVI,9fec5b4f2522a2bbd3fc8eb3af4cdf1b31442df31519abafc60d9197da6b9fa7,329.1165723363591,1734.9852123540718,79.38129476013812,0.17479372769594193,5,0.6,42,results/default_config_grid/DSIVI/x_shaped/20260504_125719/checkpoints/epoch_6000,DSIVI,seed42_dsivi_x_shaped,x_shaped,0.38007813692092896
0.48347519934177396,311.74015467613935,10000,978da4d11304dbd0e786e30043c9d8daec1351e2821a5bea07b3ac4d2b47c9ba,2026-07-28T11:13:42.316091+00:00,,6000,d1279f06a4d80b4eefa6d2ff70d20813cf7268f772ec24b6ef3d53f8630f904f,configs/aisivi_x_shaped.yaml,seed42_aisivi_x_shaped,/root/ruivi/results/default_config_grid/score_approximation_dsivi_shared_x_shaped_10k/reference_cache/x_shaped/seed_42/epoch_6000/forward_90a510c14c42c863.pt,0.9952291666666668,0.18200644627085913,0.00957928664583469,0.9947795214843751,[],pass,/root/ruivi/results/default_config_grid/score_approximation_dsivi_shared_x_shaped_10k/reference_cache/x_shaped/seed_42/epoch_6000/hmc_9ac0b380ed40e20f.pt,388.18972016870975,1.003097223155302,AISIVI,8a3910db7efc351b0742f0fc1b3291565882884c401da7cc4ae2cdbeee0ff672,10.317720867271664,165.93247692025594,2.488583408618701,0.11101372539997101,1024,0.6,42,results/default_config_grid/DSIVI/x_shaped/20260504_125719/checkpoints/epoch_6000,DSIVI,seed42_dsivi_x_shaped,x_shaped,
,,,978da4d11304dbd0e786e30043c9d8daec1351e2821a5bea07b3ac4d2b47c9ba,2026-07-28T11:21:37.677089+00:00,1873e109851e572e99321383806673a725d6a7282751c7087fcf176ac4b4238b,6000,35ced03017b8c3985ba1bf6f0c51fb93febb387ab0d4f2646d1f747abd25e962,configs/dsivi_x_shaped.yaml,seed42_dsivi_x_shaped,/root/ruivi/results/default_config_grid/score_approximation_dsivi_shared_x_shaped_10k/reference_cache/x_shaped/seed_42/epoch_6000/forward_90a510c14c42c863.pt,0.9952291666666668,0.18200644627085913,0.00957928664583469,0.9947795214843751,[],pass,/root/ruivi/results/default_config_grid/score_approximation_dsivi_shared_x_shaped_10k/reference_cache/x_shaped/seed_42/epoch_6000/hmc_9ac0b380ed40e20f.pt,388.18972016870975,1.003097223155302,DSIVI,781f9da820fe616455356b314b9867a013f1472bca371652a75fc9a5038b4181,0.32998226338841163,1.2605384623236473,0.07959009517418704,0.00048241764307022095,0,0.6,42,results/default_config_grid/DSIVI/x_shaped/20260504_125719/checkpoints/epoch_6000,DSIVI,seed42_dsivi_x_shaped,x_shaped,
,,,978da4d11304dbd0e786e30043c9d8daec1351e2821a5bea07b3ac4d2b47c9ba,2026-07-28T11:21:26.494307+00:00,,4000,39f2459f16467d0b7f5cc9c1c01bb715952a6eea96a3029acf2c543931129a6e,configs/sivi_x_shaped.yaml,seed42_sivi_x_shaped,/root/ruivi/results/default_config_grid/score_approximation_dsivi_shared_x_shaped_10k/reference_cache/x_shaped/seed_42/epoch_4000/forward_2da2b0d80b2c67d4.pt,0.9849886555989585,0.6073619962859016,0.03196642085715271,0.9836894238281251,[],pass,/root/ruivi/results/default_config_grid/score_approximation_dsivi_shared_x_shaped_10k/reference_cache/x_shaped/seed_42/epoch_4000/hmc_a27b1a94313dc3a0.pt,388.4375989884138,1.0035076293842968,SIVI,8fff00f804ae1819800da946fdfe656e7e4759bcfe7ac634ea7a2c7f81997b59,189.03328799552594,1052.1550896625981,34.557242743090534,0.0019681453704833984,4097,0.4,42,results/default_config_grid/DSIVI/x_shaped/20260504_125719/checkpoints/epoch_4000,DSIVI,seed42_dsivi_x_shaped,x_shaped,
,,,978da4d11304dbd0e786e30043c9d8daec1351e2821a5bea07b3ac4d2b47c9ba,2026-07-28T11:21:31.848703+00:00,,4000,c4a96a77e3bd2f4a73e85263e35c1958f9463ba46a2d4d2910be5077e99377be,configs/uivi_x_shaped.yaml,seed42_uivi_x_shaped,/root/ruivi/results/default_config_grid/score_approximation_dsivi_shared_x_shaped_10k/reference_cache/x_shaped/seed_42/epoch_4000/forward_2da2b0d80b2c67d4.pt,0.9849886555989585,0.6073619962859016,0.03196642085715271,0.9836894238281251,[],pass,/root/ruivi/results/default_config_grid/score_approximation_dsivi_shared_x_shaped_10k/reference_cache/x_shaped/seed_42/epoch_4000/hmc_a27b1a94313dc3a0.pt,388.4375989884138,1.0035076293842968,UIVI,86f862c042c78350821a9a999200ab2faa348caaf010f077edfdbbf8b8ba3dc7,1148.3799203744093,3967.5574651128422,209.93574248472422,0.18795699626207352,5,0.4,42,results/default_config_grid/DSIVI/x_shaped/20260504_125719/checkpoints/epoch_4000,DSIVI,seed42_dsivi_x_shaped,x_shaped,0.10175781697034836
0.18506719045341014,344.00090631097555,10000,978da4d11304dbd0e786e30043c9d8daec1351e2821a5bea07b3ac4d2b47c9ba,2026-07-28T11:19:26.647095+00:00,,4000,d1279f06a4d80b4eefa6d2ff70d20813cf7268f772ec24b6ef3d53f8630f904f,configs/aisivi_x_shaped.yaml,seed42_aisivi_x_shaped,/root/ruivi/results/default_config_grid/score_approximation_dsivi_shared_x_shaped_10k/reference_cache/x_shaped/seed_42/epoch_4000/forward_2da2b0d80b2c67d4.pt,0.9849886555989585,0.6073619962859016,0.03196642085715271,0.9836894238281251,[],pass,/root/ruivi/results/default_config_grid/score_approximation_dsivi_shared_x_shaped_10k/reference_cache/x_shaped/seed_42/epoch_4000/hmc_a27b1a94313dc3a0.pt,388.4375989884138,1.0035076293842968,AISIVI,9638d4cd8485708e9588d19d4091f511ae6fbeb13ec2c435ec48ff0c38fe0364,45.661619822242976,570.1818135548713,8.347416991854429,0.1091250404715538,1024,0.4,42,results/default_config_grid/DSIVI/x_shaped/20260504_125719/checkpoints/epoch_4000,DSIVI,seed42_dsivi_x_shaped,x_shaped,
,,,978da4d11304dbd0e786e30043c9d8daec1351e2821a5bea07b3ac4d2b47c9ba,2026-07-28T11:21:37.730362+00:00,cfaaf257080031046494dc12fdefba13be6ffd3b8965b7630ea765b822016916,4000,35ced03017b8c3985ba1bf6f0c51fb93febb387ab0d4f2646d1f747abd25e962,configs/dsivi_x_shaped.yaml,seed42_dsivi_x_shaped,/root/ruivi/results/default_config_grid/score_approximation_dsivi_shared_x_shaped_10k/reference_cache/x_shaped/seed_42/epoch_4000/forward_2da2b0d80b2c67d4.pt,0.9849886555989585,0.6073619962859016,0.03196642085715271,0.9836894238281251,[],pass,/root/ruivi/results/default_config_grid/score_approximation_dsivi_shared_x_shaped_10k/reference_cache/x_shaped/seed_42/epoch_4000/hmc_a27b1a94313dc3a0.pt,388.4375989884138,1.0035076293842968,DSIVI,25e0b20fb695a0ff18ebc9a24b1a9f05224910d8ebe1169ea21733fd33ff6b05,2.069627937792013,9.851756481955446,0.37834942084831763,0.00037536025047302246,0,0.4,42,results/default_config_grid/DSIVI/x_shaped/20260504_125719/checkpoints/epoch_4000,DSIVI,seed42_dsivi_x_shaped,x_shaped,
,,,978da4d11304dbd0e786e30043c9d8daec1351e2821a5bea07b3ac4d2b47c9ba,2026-07-28T11:21:26.527697+00:00,,2000,39f2459f16467d0b7f5cc9c1c01bb715952a6eea96a3029acf2c543931129a6e,configs/sivi_x_shaped.yaml,seed42_sivi_x_shaped,/root/ruivi/results/default_config_grid/score_approximation_dsivi_shared_x_shaped_10k/reference_cache/x_shaped/seed_42/epoch_2000/forward_6d90686591acdf05.pt,0.966814111328125,2.074958194603974,0.1092083260317881,0.963751904296875,[],pass,/root/ruivi/results/default_config_grid/score_approximation_dsivi_shared_x_shaped_10k/reference_cache/x_shaped/seed_42/epoch_2000/hmc_00e2946555a75b5f.pt,398.81691947579384,1.0037440382473635,SIVI,f0180a4e02235022a633786102bf00c4e9497e81d8f1ae836f240dc3f6ca276c,382.03028976532727,1783.5490830133501,89.11442505622085,0.0019548386335372925,4097,0.2,42,results/default_config_grid/DSIVI/x_shaped/20260504_125719/checkpoints/epoch_2000,DSIVI,seed42_dsivi_x_shaped,x_shaped,
,,,978da4d11304dbd0e786e30043c9d8daec1351e2821a5bea07b3ac4d2b47c9ba,2026-07-28T11:21:32.089794+00:00,,2000,c4a96a77e3bd2f4a73e85263e35c1958f9463ba46a2d4d2910be5077e99377be,configs/uivi_x_shaped.yaml,seed42_uivi_x_shaped,/root/ruivi/results/default_config_grid/score_approximation_dsivi_shared_x_shaped_10k/reference_cache/x_shaped/seed_42/epoch_2000/forward_6d90686591acdf05.pt,0.966814111328125,2.074958194603974,0.1092083260317881,0.963751904296875,[],pass,/root/ruivi/results/default_config_grid/score_approximation_dsivi_shared_x_shaped_10k/reference_cache/x_shaped/seed_42/epoch_2000/hmc_00e2946555a75b5f.pt,398.81691947579384,1.0037440382473635,UIVI,a5c58d276a7c00961c34277781d5f39050b91f774075f6db07c1554db7775540,2618.4331965460096,7826.407640863362,610.7897072812103,0.1807565614581108,5,0.2,42,results/default_config_grid/DSIVI/x_shaped/20260504_125719/checkpoints/epoch_2000,DSIVI,seed42_dsivi_x_shaped,x_shaped,0.06337890774011612
-0.2858904004842043,326.17813327908516,10000,978da4d11304dbd0e786e30043c9d8daec1351e2821a5bea07b3ac4d2b47c9ba,2026-07-28T11:24:53.100485+00:00,,2000,d1279f06a4d80b4eefa6d2ff70d20813cf7268f772ec24b6ef3d53f8630f904f,configs/aisivi_x_shaped.yaml,seed42_aisivi_x_shaped,/root/ruivi/results/default_config_grid/score_approximation_dsivi_shared_x_shaped_10k/reference_cache/x_shaped/seed_42/epoch_2000/forward_6d90686591acdf05.pt,0.966814111328125,2.074958194603974,0.1092083260317881,0.963751904296875,[],pass,/root/ruivi/results/default_config_grid/score_approximation_dsivi_shared_x_shaped_10k/reference_cache/x_shaped/seed_42/epoch_2000/hmc_00e2946555a75b5f.pt,398.81691947579384,1.0037440382473635,AISIVI,251918e0fa8282d9562c1fc69c4f5a727b8a647ceaa620f08361bba601786233,182.6895885130816,3661.244675153353,42.61514879906892,0.09751871973276138,1024,0.2,42,results/default_config_grid/DSIVI/x_shaped/20260504_125719/checkpoints/epoch_2000,DSIVI,seed42_dsivi_x_shaped,x_shaped,
,,,978da4d11304dbd0e786e30043c9d8daec1351e2821a5bea07b3ac4d2b47c9ba,2026-07-28T11:21:37.782336+00:00,0cff939dcf40dbf2dd8a4ef9660caf5db347572e8f0f1e4d5d8b354516958f45,2000,35ced03017b8c3985ba1bf6f0c51fb93febb387ab0d4f2646d1f747abd25e962,configs/dsivi_x_shaped.yaml,seed42_dsivi_x_shaped,/root/ruivi/results/default_config_grid/score_approximation_dsivi_shared_x_shaped_10k/reference_cache/x_shaped/seed_42/epoch_2000/forward_6d90686591acdf05.pt,0.966814111328125,2.074958194603974,0.1092083260317881,0.963751904296875,[],pass,/root/ruivi/results/default_config_grid/score_approximation_dsivi_shared_x_shaped_10k/reference_cache/x_shaped/seed_42/epoch_2000/hmc_00e2946555a75b5f.pt,398.81691947579384,1.0037440382473635,DSIVI,5bcc0c5d996c7284f88d0fef1dbd11bb335ebbf5a542228e1e0e3b16a52dffae,2.482210909303228,24.10889504784825,0.5790137692660838,0.00044673681259155273,0,0.2,42,results/default_config_grid/DSIVI/x_shaped/20260504_125719/checkpoints/epoch_2000,DSIVI,seed42_dsivi_x_shaped,x_shaped,
,,,978da4d11304dbd0e786e30043c9d8daec1351e2821a5bea07b3ac4d2b47c9ba,2026-07-28T11:25:20.798906+00:00,,10000,61283630533797154d96c8cbcdf3c1e364df06529bede9b7afcaa0ff3919a747,configs/sivi_x_shaped.yaml,seed43_sivi_x_shaped,/root/ruivi/results/default_config_grid/score_approximation_dsivi_shared_x_shaped_10k/reference_cache/x_shaped/seed_43/epoch_10000/forward_f5da4a94b64269c5.pt,0.9826859130859376,0.7040567837420474,0.037055620196949864,0.9811395703125001,[],pass,/root/ruivi/results/default_config_grid/score_approximation_dsivi_shared_x_shaped_10k/reference_cache/x_shaped/seed_43/epoch_10000/hmc_eb40fabd81ae11ec.pt,496.95330387353897,1.0064115633034576,SIVI,3d80c69b1a70994498858c16ac619492ad530031f6591055a46655fda3d9720c,187.74624238433643,1425.523037581756,43.67693226601614,0.38729922473430634,4097,1.0,43,results/default_config_grid/DSIVI/x_shaped/20260504_130200/checkpoints/epoch_10000,DSIVI,seed43_dsivi_x_shaped,x_shaped,
,,,978da4d11304dbd0e786e30043c9d8daec1351e2821a5bea07b3ac4d2b47c9ba,2026-07-28T11:25:25.536956+00:00,,10000,803048624ce146b1709ecbcfb0344770eaf942d73813bae42998c78f34c0da65,configs/uivi_x_shaped.yaml,seed43_uivi_x_shaped,/root/ruivi/results/default_config_grid/score_approximation_dsivi_shared_x_shaped_10k/reference_cache/x_shaped/seed_43/epoch_10000/forward_f5da4a94b64269c5.pt,0.9826859130859376,0.7040567837420474,0.037055620196949864,0.9811395703125001,[],pass,/root/ruivi/results/default_config_grid/score_approximation_dsivi_shared_x_shaped_10k/reference_cache/x_shaped/seed_43/epoch_10000/hmc_eb40fabd81ae11ec.pt,496.95330387353897,1.0064115633034576,UIVI,87706cc26d8f5a9e1e4986bb046fd2a0b4bd51bd2da2aebbfdee005def96961b,1520.482742550454,5023.168800114131,353.7222418655618,0.34308939427137375,5,1.0,43,results/default_config_grid/DSIVI/x_shaped/20260504_130200/checkpoints/epoch_10000,DSIVI,seed43_dsivi_x_shaped,x_shaped,0.15703125298023224
1116382880072.2146,361.24969859421253,10000,978da4d11304dbd0e786e30043c9d8daec1351e2821a5bea07b3ac4d2b47c9ba,2026-07-28T11:03:14.760602+00:00,,10000,66d5c377e494f254ffbd5c6d0276f3cf7336312f4513d5a8c44458adcf536b2a,configs/aisivi_x_shaped.yaml,seed43_aisivi_x_shaped,/root/ruivi/results/default_config_grid/score_approximation_dsivi_shared_x_shaped_10k/reference_cache/x_shaped/seed_43/epoch_10000/forward_f5da4a94b64269c5.pt,0.9826859130859376,0.7040567837420474,0.037055620196949864,0.9811395703125001,[],pass,/root/ruivi/results/default_config_grid/score_approximation_dsivi_shared_x_shaped_10k/reference_cache/x_shaped/seed_43/epoch_10000/hmc_eb40fabd81ae11ec.pt,496.95330387353897,1.0064115633034576,AISIVI,9f21f4c47e67061be5437d98ac13caa5f9d52019df8527670dd2e72b22fb353a,16.81342456421305,168.1511341149698,3.9114434277070385,0.1562557965517044,1024,1.0,43,results/default_config_grid/DSIVI/x_shaped/20260504_130200/checkpoints/epoch_10000,DSIVI,seed43_dsivi_x_shaped,x_shaped,
,,,978da4d11304dbd0e786e30043c9d8daec1351e2821a5bea07b3ac4d2b47c9ba,2026-07-28T11:25:31.155930+00:00,f3fc61ff7027cddc4dd78fb45cfa269917e38d4293487c19685489bb657ae2f1,10000,58b2a4e383e980c525f84b42a9cf2c8ae9988047eabbdb132b5bc10e8b273f8b,configs/dsivi_x_shaped.yaml,seed43_dsivi_x_shaped,/root/ruivi/results/default_config_grid/score_approximation_dsivi_shared_x_shaped_10k/reference_cache/x_shaped/seed_43/epoch_10000/forward_f5da4a94b64269c5.pt,0.9826859130859376,0.7040567837420474,0.037055620196949864,0.9811395703125001,[],pass,/root/ruivi/results/default_config_grid/score_approximation_dsivi_shared_x_shaped_10k/reference_cache/x_shaped/seed_43/epoch_10000/hmc_eb40fabd81ae11ec.pt,496.95330387353897,1.0064115633034576,DSIVI,bc6fa09885b76a4918edcd5bddcf7cc79c5b32c07ffce621753ef9dd956ffcd2,0.16347348404992895,0.7128090290809661,0.038030163477370905,0.1041475161910057,0,1.0,43,results/default_config_grid/DSIVI/x_shaped/20260504_130200/checkpoints/epoch_10000,DSIVI,seed43_dsivi_x_shaped,x_shaped,
,,,978da4d11304dbd0e786e30043c9d8daec1351e2821a5bea07b3ac4d2b47c9ba,2026-07-28T11:25:20.845022+00:00,,8000,61283630533797154d96c8cbcdf3c1e364df06529bede9b7afcaa0ff3919a747,configs/sivi_x_shaped.yaml,seed43_sivi_x_shaped,/root/ruivi/results/default_config_grid/score_approximation_dsivi_shared_x_shaped_10k/reference_cache/x_shaped/seed_43/epoch_8000/forward_2380a43cd64853eb.pt,0.98120703125,0.7982464807145568,0.0420129726691872,0.9795056835937501,[],pass,/root/ruivi/results/default_config_grid/score_approximation_dsivi_shared_x_shaped_10k/reference_cache/x_shaped/seed_43/epoch_8000/hmc_6f0fb5f94e8d0731.pt,413.1671331897378,1.0074398512746998,SIVI,cb67585760619522d332b0a05018d6e7cb14c07478cbc3bb6db7788d32cb0066,180.1243773789716,1302.6985869598818,41.59085851499718,0.002490714192390442,4097,0.8,43,results/default_config_grid/DSIVI/x_shaped/20260504_130200/checkpoints/epoch_8000,DSIVI,seed43_dsivi_x_shaped,x_shaped,
,,,978da4d11304dbd0e786e30043c9d8daec1351e2821a5bea07b3ac4d2b47c9ba,2026-07-28T11:25:25.722797+00:00,,8000,803048624ce146b1709ecbcfb0344770eaf942d73813bae42998c78f34c0da65,configs/uivi_x_shaped.yaml,seed43_uivi_x_shaped,/root/ruivi/results/default_config_grid/score_approximation_dsivi_shared_x_shaped_10k/reference_cache/x_shaped/seed_43/epoch_8000/forward_2380a43cd64853eb.pt,0.98120703125,0.7982464807145568,0.0420129726691872,0.9795056835937501,[],pass,/root/ruivi/results/default_config_grid/score_approximation_dsivi_shared_x_shaped_10k/reference_cache/x_shaped/seed_43/epoch_8000/hmc_6f0fb5f94e8d0731.pt,413.1671331897378,1.0074398512746998,UIVI,49c7c201ae8403e224d8cf1aea5ac506baf7dc2626bf9f8741cfd98852335f42,1976.3306631533721,6741.819068438073,456.33628377309515,0.15227828174829483,5,0.8,43,results/default_config_grid/DSIVI/x_shaped/20260504_130200/checkpoints/epoch_8000,DSIVI,seed43_dsivi_x_shaped,x_shaped,0.14902344346046448
0.01967559639364481,328.1969987079501,10000,978da4d11304dbd0e786e30043c9d8daec1351e2821a5bea07b3ac4d2b47c9ba,2026-07-28T11:08:43.272907+00:00,,8000,66d5c377e494f254ffbd5c6d0276f3cf7336312f4513d5a8c44458adcf536b2a,configs/aisivi_x_shaped.yaml,seed43_aisivi_x_shaped,/root/ruivi/results/default_config_grid/score_approximation_dsivi_shared_x_shaped_10k/reference_cache/x_shaped/seed_43/epoch_8000/forward_2380a43cd64853eb.pt,0.98120703125,0.7982464807145568,0.0420129726691872,0.9795056835937501,[],pass,/root/ruivi/results/default_config_grid/score_approximation_dsivi_shared_x_shaped_10k/reference_cache/x_shaped/seed_43/epoch_8000/hmc_6f0fb5f94e8d0731.pt,413.1671331897378,1.0074398512746998,AISIVI,c302fdd258c3f39011ae97a67bf026408dc32f8d0fe30d609c180c9ff220ff87,15.379622213646417,152.26864227892878,3.5511667038608805,0.09731869399547577,1024,0.8,43,results/default_config_grid/DSIVI/x_shaped/20260504_130200/checkpoints/epoch_8000,DSIVI,seed43_dsivi_x_shaped,x_shaped,
,,,978da4d11304dbd0e786e30043c9d8daec1351e2821a5bea07b3ac4d2b47c9ba,2026-07-28T11:25:31.213824+00:00,1e075e8048563367f6a409dd84bd129393ec64100778e6c463c7700a5fb7a185,8000,58b2a4e383e980c525f84b42a9cf2c8ae9988047eabbdb132b5bc10e8b273f8b,configs/dsivi_x_shaped.yaml,seed43_dsivi_x_shaped,/root/ruivi/results/default_config_grid/score_approximation_dsivi_shared_x_shaped_10k/reference_cache/x_shaped/seed_43/epoch_8000/forward_2380a43cd64853eb.pt,0.98120703125,0.7982464807145568,0.0420129726691872,0.9795056835937501,[],pass,/root/ruivi/results/default_config_grid/score_approximation_dsivi_shared_x_shaped_10k/reference_cache/x_shaped/seed_43/epoch_8000/hmc_6f0fb5f94e8d0731.pt,413.1671331897378,1.0074398512746998,DSIVI,1254497e37fa35786e5627f4cc2e540d9ec25f697c50a850ca7ec39445e5eb75,0.39808485865035226,0.9962002386119465,0.09191810277992025,0.0004419386386871338,0,0.8,43,results/default_config_grid/DSIVI/x_shaped/20260504_130200/checkpoints/epoch_8000,DSIVI,seed43_dsivi_x_shaped,x_shaped,
,,,978da4d11304dbd0e786e30043c9d8daec1351e2821a5bea07b3ac4d2b47c9ba,2026-07-28T11:25:20.886775+00:00,,6000,61283630533797154d96c8cbcdf3c1e364df06529bede9b7afcaa0ff3919a747,configs/sivi_x_shaped.yaml,seed43_sivi_x_shaped,/root/ruivi/results/default_config_grid/score_approximation_dsivi_shared_x_shaped_10k/reference_cache/x_shaped/seed_43/epoch_6000/forward_4202d43e58070402.pt,0.9828903401692707,0.6641805884206566,0.034956873074771404,0.9813789160156251,[],pass,/root/ruivi/results/default_config_grid/score_approximation_dsivi_shared_x_shaped_10k/reference_cache/x_shaped/seed_43/epoch_6000/hmc_58d2449e2b6bed92.pt,417.56917810440063,1.0070767826189744,SIVI,5660e01c13f03071244de383d00d5f0453bdab7cdda1840c6c87de9c8ecdb3bb,123.7103401987427,883.876556759069,28.36163684089937,0.0024294406175613403,4097,0.6,43,results/default_config_grid/DSIVI/x_shaped/20260504_130200/checkpoints/epoch_6000,DSIVI,seed43_dsivi_x_shaped,x_shaped,
,,,978da4d11304dbd0e786e30043c9d8daec1351e2821a5bea07b3ac4d2b47c9ba,2026-07-28T11:25:25.953055+00:00,,6000,803048624ce146b1709ecbcfb0344770eaf942d73813bae42998c78f34c0da65,configs/uivi_x_shaped.yaml,seed43_uivi_x_shaped,/root/ruivi/results/default_config_grid/score_approximation_dsivi_shared_x_shaped_10k/reference_cache/x_shaped/seed_43/epoch_6000/forward_4202d43e58070402.pt,0.9828903401692707,0.6641805884206566,0.034956873074771404,0.9813789160156251,[],pass,/root/ruivi/results/default_config_grid/score_approximation_dsivi_shared_x_shaped_10k/reference_cache/x_shaped/seed_43/epoch_6000/hmc_58d2449e2b6bed92.pt,417.56917810440063,1.0070767826189744,UIVI,2f4eceef0c17be8b384b80a3ccc99bd057d2b0608ad1120781517c7e6e213474,1976.1475277066052,7098.554548168562,453.04845524485495,0.17725668102502823,5,0.6,43,results/default_config_grid/DSIVI/x_shaped/20260504_130200/checkpoints/epoch_6000,DSIVI,seed43_dsivi_x_shaped,x_shaped,0.13164062798023224
0.08517597825266421,316.8482161909342,10000,978da4d11304dbd0e786e30043c9d8daec1351e2821a5bea07b3ac4d2b47c9ba,2026-07-28T11:14:00.532090+00:00,,6000,66d5c377e494f254ffbd5c6d0276f3cf7336312f4513d5a8c44458adcf536b2a,configs/aisivi_x_shaped.yaml,seed43_aisivi_x_shaped,/root/ruivi/results/default_config_grid/score_approximation_dsivi_shared_x_shaped_10k/reference_cache/x_shaped/seed_43/epoch_6000/forward_4202d43e58070402.pt,0.9828903401692707,0.6641805884206566,0.034956873074771404,0.9813789160156251,[],pass,/root/ruivi/results/default_config_grid/score_approximation_dsivi_shared_x_shaped_10k/reference_cache/x_shaped/seed_43/epoch_6000/hmc_58d2449e2b6bed92.pt,417.56917810440063,1.0070767826189744,AISIVI,5e89dd997a419525ffd3c3755987b578f7dbdad3b13f03c088c811b65002c810,12.858450953311596,100.50445334118673,2.947908118985564,0.09846717864274979,1024,0.6,43,results/default_config_grid/DSIVI/x_shaped/20260504_130200/checkpoints/epoch_6000,DSIVI,seed43_dsivi_x_shaped,x_shaped,
,,,978da4d11304dbd0e786e30043c9d8daec1351e2821a5bea07b3ac4d2b47c9ba,2026-07-28T11:25:31.267905+00:00,c952d0c542b5cff7fd0bcd8935a3b68265bd57ecf64243acd79452af037aaeef,6000,58b2a4e383e980c525f84b42a9cf2c8ae9988047eabbdb132b5bc10e8b273f8b,configs/dsivi_x_shaped.yaml,seed43_dsivi_x_shaped,/root/ruivi/results/default_config_grid/score_approximation_dsivi_shared_x_shaped_10k/reference_cache/x_shaped/seed_43/epoch_6000/forward_4202d43e58070402.pt,0.9828903401692707,0.6641805884206566,0.034956873074771404,0.9813789160156251,[],pass,/root/ruivi/results/default_config_grid/score_approximation_dsivi_shared_x_shaped_10k/reference_cache/x_shaped/seed_43/epoch_6000/hmc_58d2449e2b6bed92.pt,417.56917810440063,1.0070767826189744,DSIVI,7fbda939adf2733767b88b69b52b1d1bc94fa47edb1603d264fb90f9671a8577,0.30463413694847735,0.6817667553716541,0.06983994019896268,0.0004631727933883667,0,0.6,43,results/default_config_grid/DSIVI/x_shaped/20260504_130200/checkpoints/epoch_6000,DSIVI,seed43_dsivi_x_shaped,x_shaped,
,,,978da4d11304dbd0e786e30043c9d8daec1351e2821a5bea07b3ac4d2b47c9ba,2026-07-28T11:25:20.929111+00:00,,4000,61283630533797154d96c8cbcdf3c1e364df06529bede9b7afcaa0ff3919a747,configs/sivi_x_shaped.yaml,seed43_sivi_x_shaped,/root/ruivi/results/default_config_grid/score_approximation_dsivi_shared_x_shaped_10k/reference_cache/x_shaped/seed_43/epoch_4000/forward_c137d5261d718238.pt,0.9860842203776041,0.6700490284330958,0.035265738338583985,0.9848192382812502,[],pass,/root/ruivi/results/default_config_grid/score_approximation_dsivi_shared_x_shaped_10k/reference_cache/x_shaped/seed_43/epoch_4000/hmc_79031fff86cf8216.pt,388.7359593510628,1.0047918257137662,SIVI,700af9c81a8f28df93064d19527deb1306c06b02fe91b51dba9589f3372bfd81,100.58011271321001,1058.2631185594933,24.882910231241738,0.0023607537150382996,4097,0.4,43,results/default_config_grid/DSIVI/x_shaped/20260504_130200/checkpoints/epoch_4000,DSIVI,seed43_dsivi_x_shaped,x_shaped,
,,,978da4d11304dbd0e786e30043c9d8daec1351e2821a5bea07b3ac4d2b47c9ba,2026-07-28T11:25:26.192901+00:00,,4000,803048624ce146b1709ecbcfb0344770eaf942d73813bae42998c78f34c0da65,configs/uivi_x_shaped.yaml,seed43_uivi_x_shaped,/root/ruivi/results/default_config_grid/score_approximation_dsivi_shared_x_shaped_10k/reference_cache/x_shaped/seed_43/epoch_4000/forward_c137d5261d718238.pt,0.9860842203776041,0.6700490284330958,0.035265738338583985,0.9848192382812502,[],pass,/root/ruivi/results/default_config_grid/score_approximation_dsivi_shared_x_shaped_10k/reference_cache/x_shaped/seed_43/epoch_4000/hmc_79031fff86cf8216.pt,388.7359593510628,1.0047918257137662,UIVI,e6c9f64304fd2a32f2562a86872e8f3d0c10f75863b4ade8e891ec05e366bd0a,1593.4500230911258,5464.5444078291375,394.2098772110348,0.1809174045920372,5,0.4,43,results/default_config_grid/DSIVI/x_shaped/20260504_130200/checkpoints/epoch_4000,DSIVI,seed43_dsivi_x_shaped,x_shaped,0.09746094048023224
-0.08129811171442271,341.188887745142,10000,978da4d11304dbd0e786e30043c9d8daec1351e2821a5bea07b3ac4d2b47c9ba,2026-07-28T11:19:42.018582+00:00,,4000,66d5c377e494f254ffbd5c6d0276f3cf7336312f4513d5a8c44458adcf536b2a,configs/aisivi_x_shaped.yaml,seed43_aisivi_x_shaped,/root/ruivi/results/default_config_grid/score_approximation_dsivi_shared_x_shaped_10k/reference_cache/x_shaped/seed_43/epoch_4000/forward_c137d5261d718238.pt,0.9860842203776041,0.6700490284330958,0.035265738338583985,0.9848192382812502,[],pass,/root/ruivi/results/default_config_grid/score_approximation_dsivi_shared_x_shaped_10k/reference_cache/x_shaped/seed_43/epoch_4000/hmc_79031fff86cf8216.pt,388.7359593510628,1.0047918257137662,AISIVI,232974ddf8713685a334487b90f05ae78c4441a1c6c167ba0736644fd7a2e10c,11.44518403199077,105.02678295605901,2.8314691559364693,0.09862209856510162,1024,0.4,43,results/default_config_grid/DSIVI/x_shaped/20260504_130200/checkpoints/epoch_4000,DSIVI,seed43_dsivi_x_shaped,x_shaped,
,,,978da4d11304dbd0e786e30043c9d8daec1351e2821a5bea07b3ac4d2b47c9ba,2026-07-28T11:25:31.321673+00:00,f8d7692193f1e28114d04dda885ed09a943a74a04cc2d59378098bacf069b09c,4000,58b2a4e383e980c525f84b42a9cf2c8ae9988047eabbdb132b5bc10e8b273f8b,configs/dsivi_x_shaped.yaml,seed43_dsivi_x_shaped,/root/ruivi/results/default_config_grid/score_approximation_dsivi_shared_x_shaped_10k/reference_cache/x_shaped/seed_43/epoch_4000/forward_c137d5261d718238.pt,0.9860842203776041,0.6700490284330958,0.035265738338583985,0.9848192382812502,[],pass,/root/ruivi/results/default_config_grid/score_approximation_dsivi_shared_x_shaped_10k/reference_cache/x_shaped/seed_43/epoch_4000/hmc_79031fff86cf8216.pt,388.7359593510628,1.0047918257137662,DSIVI,49a1cbeb4f1bc14c293c02246e777f88d05cbad0eb98560de618e63295ecb866,0.4375836417100872,2.6891929741440905,0.10825554059954727,0.00046113133430480957,0,0.4,43,results/default_config_grid/DSIVI/x_shaped/20260504_130200/checkpoints/epoch_4000,DSIVI,seed43_dsivi_x_shaped,x_shaped,
,,,978da4d11304dbd0e786e30043c9d8daec1351e2821a5bea07b3ac4d2b47c9ba,2026-07-28T11:25:20.965336+00:00,,2000,61283630533797154d96c8cbcdf3c1e364df06529bede9b7afcaa0ff3919a747,configs/sivi_x_shaped.yaml,seed43_sivi_x_shaped,/root/ruivi/results/default_config_grid/score_approximation_dsivi_shared_x_shaped_10k/reference_cache/x_shaped/seed_43/epoch_2000/forward_ad3d18d0d84a6891.pt,0.9795841064453126,1.1008612295502576,0.05794006471317145,0.9776662304687502,[],pass,/root/ruivi/results/default_config_grid/score_approximation_dsivi_shared_x_shaped_10k/reference_cache/x_shaped/seed_43/epoch_2000/hmc_771485ad438b0bee.pt,424.5077546313405,1.0036963839173199,SIVI,2f35d118257b4f2e47711467391281824d5b0386753c332af0db5b84f3dfbbb9,241.47362075984205,1580.525836268396,94.97457178074862,0.0019122734665870667,4097,0.2,43,results/default_config_grid/DSIVI/x_shaped/20260504_130200/checkpoints/epoch_2000,DSIVI,seed43_dsivi_x_shaped,x_shaped,
,,,978da4d11304dbd0e786e30043c9d8daec1351e2821a5bea07b3ac4d2b47c9ba,2026-07-28T11:25:26.440595+00:00,,2000,803048624ce146b1709ecbcfb0344770eaf942d73813bae42998c78f34c0da65,configs/uivi_x_shaped.yaml,seed43_uivi_x_shaped,/root/ruivi/results/default_config_grid/score_approximation_dsivi_shared_x_shaped_10k/reference_cache/x_shaped/seed_43/epoch_2000/forward_ad3d18d0d84a6891.pt,0.9795841064453126,1.1008612295502576,0.05794006471317145,0.9776662304687502,[],pass,/root/ruivi/results/default_config_grid/score_approximation_dsivi_shared_x_shaped_10k/reference_cache/x_shaped/seed_43/epoch_2000/hmc_771485ad438b0bee.pt,424.5077546313405,1.0036963839173199,UIVI,cf48b5233b43a3b4fb3a4bc711207028652a940751918ce2cc81460997e15d1c,2236.7151633987482,8515.785940092117,879.7278318470112,0.18679174780845642,5,0.2,43,results/default_config_grid/DSIVI/x_shaped/20260504_130200/checkpoints/epoch_2000,DSIVI,seed43_dsivi_x_shaped,x_shaped,0.09160156548023224
0.03868691148702055,333.16992495954037,10000,978da4d11304dbd0e786e30043c9d8daec1351e2821a5bea07b3ac4d2b47c9ba,2026-07-28T11:25:15.493063+00:00,,2000,66d5c377e494f254ffbd5c6d0276f3cf7336312f4513d5a8c44458adcf536b2a,configs/aisivi_x_shaped.yaml,seed43_aisivi_x_shaped,/root/ruivi/results/default_config_grid/score_approximation_dsivi_shared_x_shaped_10k/reference_cache/x_shaped/seed_43/epoch_2000/forward_ad3d18d0d84a6891.pt,0.9795841064453126,1.1008612295502576,0.05794006471317145,0.9776662304687502,[],pass,/root/ruivi/results/default_config_grid/score_approximation_dsivi_shared_x_shaped_10k/reference_cache/x_shaped/seed_43/epoch_2000/hmc_771485ad438b0bee.pt,424.5077546313405,1.0036963839173199,AISIVI,f764256d4dbfdce78635309036ef5e1de2b99ba31aa839a4b56ea0211b061c00,11.77027691389971,75.12880421023208,4.629395981726065,0.11463270336389542,1024,0.2,43,results/default_config_grid/DSIVI/x_shaped/20260504_130200/checkpoints/epoch_2000,DSIVI,seed43_dsivi_x_shaped,x_shaped,
,,,978da4d11304dbd0e786e30043c9d8daec1351e2821a5bea07b3ac4d2b47c9ba,2026-07-28T11:25:31.374516+00:00,c790060002662e7d295dd401e037b85aaf27a89a18aace785765c0b2a05ca23d,2000,58b2a4e383e980c525f84b42a9cf2c8ae9988047eabbdb132b5bc10e8b273f8b,configs/dsivi_x_shaped.yaml,seed43_dsivi_x_shaped,/root/ruivi/results/default_config_grid/score_approximation_dsivi_shared_x_shaped_10k/reference_cache/x_shaped/seed_43/epoch_2000/forward_ad3d18d0d84a6891.pt,0.9795841064453126,1.1008612295502576,0.05794006471317145,0.9776662304687502,[],pass,/root/ruivi/results/default_config_grid/score_approximation_dsivi_shared_x_shaped_10k/reference_cache/x_shaped/seed_43/epoch_2000/hmc_771485ad438b0bee.pt,424.5077546313405,1.0036963839173199,DSIVI,7c937bed21bc9bef024de3dac510fb8f17aaa1e74b920ac512202874304fec2e,0.8479311177875333,4.333467039674979,0.33350183162050484,0.00040709227323532104,0,0.2,43,results/default_config_grid/DSIVI/x_shaped/20260504_130200/checkpoints/epoch_2000,DSIVI,seed43_dsivi_x_shaped,x_shaped,
,,,978da4d11304dbd0e786e30043c9d8daec1351e2821a5bea07b3ac4d2b47c9ba,2026-07-28T11:25:00.350722+00:00,,10000,2ec973b55c7777994470809ab57ac72ad3937488669bad599458518a05f24053,configs/sivi_x_shaped.yaml,seed45_sivi_x_shaped,/root/ruivi/results/default_config_grid/score_approximation_dsivi_shared_x_shaped_10k/reference_cache/x_shaped/seed_45/epoch_10000/forward_6559db5ca2b54f3b.pt,0.9918131591796876,0.2416306173695945,0.012717400914189185,0.9910886621093751,[],pass,/root/ruivi/results/default_config_grid/score_approximation_dsivi_shared_x_shaped_10k/reference_cache/x_shaped/seed_45/epoch_10000/hmc_f263d261ccf87d20.pt,436.18183175474405,1.0091626438696284,SIVI,7c3c6aa6551f8c450e843a157154cadae204dcb51bc3a023e1e90a3150fc78f9,100.86767628003551,1609.5611377410266,25.475538932253922,0.46881331503391266,4097,1.0,45,results/default_config_grid/DSIVI/x_shaped/20260504_130839/checkpoints/epoch_10000,DSIVI,seed45_dsivi_x_shaped,x_shaped,
,,,978da4d11304dbd0e786e30043c9d8daec1351e2821a5bea07b3ac4d2b47c9ba,2026-07-28T11:25:06.375674+00:00,,10000,1f75ac3dc6994367b788b71181d362eef1d0c281efe80b5763dc9ae290adc173,configs/uivi_x_shaped.yaml,seed45_uivi_x_shaped,/root/ruivi/results/default_config_grid/score_approximation_dsivi_shared_x_shaped_10k/reference_cache/x_shaped/seed_45/epoch_10000/forward_6559db5ca2b54f3b.pt,0.9918131591796876,0.2416306173695945,0.012717400914189185,0.9910886621093751,[],pass,/root/ruivi/results/default_config_grid/score_approximation_dsivi_shared_x_shaped_10k/reference_cache/x_shaped/seed_45/epoch_10000/hmc_f263d261ccf87d20.pt,436.18183175474405,1.0091626438696284,UIVI,4710680cc1577debfc078675a5a5199a39926645bd021d47b71abfd45a395231,416.987150273431,2231.7616553972775,105.3159225314977,0.4740389361977577,5,1.0,45,results/default_config_grid/DSIVI/x_shaped/20260504_130839/checkpoints/epoch_10000,DSIVI,seed45_dsivi_x_shaped,x_shaped,0.14814452826976776
0.11190536275506019,368.6215541139245,10000,978da4d11304dbd0e786e30043c9d8daec1351e2821a5bea07b3ac4d2b47c9ba,2026-07-28T11:03:22.476645+00:00,,10000,7529f1a92d5c9bc23fd1af792b36f59760d698f0b5d61cd61f5c244c26fd9afe,configs/aisivi_x_shaped.yaml,seed45_aisivi_x_shaped,/root/ruivi/results/default_config_grid/score_approximation_dsivi_shared_x_shaped_10k/reference_cache/x_shaped/seed_45/epoch_10000/forward_6559db5ca2b54f3b.pt,0.9918131591796876,0.2416306173695945,0.012717400914189185,0.9910886621093751,[],pass,/root/ruivi/results/default_config_grid/score_approximation_dsivi_shared_x_shaped_10k/reference_cache/x_shaped/seed_45/epoch_10000/hmc_f263d261ccf87d20.pt,436.18183175474405,1.0091626438696284,AISIVI,be98002f7e517920f2406ed411b7d4336ab0d473b4732964489213bebad3948d,1.340221434278685,11.820629805009396,0.3384916217561923,0.15287086367607117,1024,1.0,45,results/default_config_grid/DSIVI/x_shaped/20260504_130839/checkpoints/epoch_10000,DSIVI,seed45_dsivi_x_shaped,x_shaped,
,,,978da4d11304dbd0e786e30043c9d8daec1351e2821a5bea07b3ac4d2b47c9ba,2026-07-28T11:25:12.503248+00:00,db0c2baeb8c1917765b1db2c71473828c21be74c764998e7e87f8e2448e0fe83,10000,3c9805c8b8a989d0e3b903a54e5b71e346c31fa5b6cf471a8455a2b127fed73b,configs/dsivi_x_shaped.yaml,seed45_dsivi_x_shaped,/root/ruivi/results/default_config_grid/score_approximation_dsivi_shared_x_shaped_10k/reference_cache/x_shaped/seed_45/epoch_10000/forward_6559db5ca2b54f3b.pt,0.9918131591796876,0.2416306173695945,0.012717400914189185,0.9910886621093751,[],pass,/root/ruivi/results/default_config_grid/score_approximation_dsivi_shared_x_shaped_10k/reference_cache/x_shaped/seed_45/epoch_10000/hmc_f263d261ccf87d20.pt,436.18183175474405,1.0091626438696284,DSIVI,5696d50ca9dcdc12b2b6344d9a96e08c11a47ff15d5ff4900b1a24811cb661c8,0.04643079670543722,0.19215448233715443,0.011726745502107413,0.12585439532995224,0,1.0,45,results/default_config_grid/DSIVI/x_shaped/20260504_130839/checkpoints/epoch_10000,DSIVI,seed45_dsivi_x_shaped,x_shaped,
,,,978da4d11304dbd0e786e30043c9d8daec1351e2821a5bea07b3ac4d2b47c9ba,2026-07-28T11:25:00.399573+00:00,,8000,2ec973b55c7777994470809ab57ac72ad3937488669bad599458518a05f24053,configs/sivi_x_shaped.yaml,seed45_sivi_x_shaped,/root/ruivi/results/default_config_grid/score_approximation_dsivi_shared_x_shaped_10k/reference_cache/x_shaped/seed_45/epoch_8000/forward_5d76d6cfc8a960a9.pt,0.9928446126302085,0.2259516157374386,0.011892190301970453,0.9922079199218751,[],pass,/root/ruivi/results/default_config_grid/score_approximation_dsivi_shared_x_shaped_10k/reference_cache/x_shaped/seed_45/epoch_8000/hmc_948c15eec92e0734.pt,386.3966070190072,1.010902902623092,SIVI,2995fc970ad1cdb978b315eaadd7dc5fcbd0a678984fc88da84afdfc31b6e78f,42.50926877628164,346.652319158758,10.26642230357769,0.002903170883655548,4097,0.8,45,results/default_config_grid/DSIVI/x_shaped/20260504_130839/checkpoints/epoch_8000,DSIVI,seed45_dsivi_x_shaped,x_shaped,
,,,978da4d11304dbd0e786e30043c9d8daec1351e2821a5bea07b3ac4d2b47c9ba,2026-07-28T11:25:06.570414+00:00,,8000,1f75ac3dc6994367b788b71181d362eef1d0c281efe80b5763dc9ae290adc173,configs/uivi_x_shaped.yaml,seed45_uivi_x_shaped,/root/ruivi/results/default_config_grid/score_approximation_dsivi_shared_x_shaped_10k/reference_cache/x_shaped/seed_45/epoch_8000/forward_5d76d6cfc8a960a9.pt,0.9928446126302085,0.2259516157374386,0.011892190301970453,0.9922079199218751,[],pass,/root/ruivi/results/default_config_grid/score_approximation_dsivi_shared_x_shaped_10k/reference_cache/x_shaped/seed_45/epoch_8000/hmc_948c15eec92e0734.pt,386.3966070190072,1.010902902623092,UIVI,23c7e0f61da4978825d7323ec54def3c41a674292a1bca1a0820c0f1b981ba0b,278.9487663218728,1167.714391457077,67.36897430990952,0.14484529197216034,5,0.8,45,results/default_config_grid/DSIVI/x_shaped/20260504_130839/checkpoints/epoch_8000,DSIVI,seed45_dsivi_x_shaped,x_shaped,0.16640625894069672
0.23289504110813142,323.4893402978778,10000,978da4d11304dbd0e786e30043c9d8daec1351e2821a5bea07b3ac4d2b47c9ba,2026-07-28T11:08:46.267705+00:00,,8000,7529f1a92d5c9bc23fd1af792b36f59760d698f0b5d61cd61f5c244c26fd9afe,configs/aisivi_x_shaped.yaml,seed45_aisivi_x_shaped,/root/ruivi/results/default_config_grid/score_approximation_dsivi_shared_x_shaped_10k/reference_cache/x_shaped/seed_45/epoch_8000/forward_5d76d6cfc8a960a9.pt,0.9928446126302085,0.2259516157374386,0.011892190301970453,0.9922079199218751,[],pass,/root/ruivi/results/default_config_grid/score_approximation_dsivi_shared_x_shaped_10k/reference_cache/x_shaped/seed_45/epoch_8000/hmc_948c15eec92e0734.pt,386.3966070190072,1.010902902623092,AISIVI,380104b7892245f0c3f11a6b84222de6bf3bf6f0b25962003a44ebfc936242cd,17.587455057823526,511.6670828502159,4.247549912445321,0.10069581121206284,1024,0.8,45,results/default_config_grid/DSIVI/x_shaped/20260504_130839/checkpoints/epoch_8000,DSIVI,seed45_dsivi_x_shaped,x_shaped,
,,,978da4d11304dbd0e786e30043c9d8daec1351e2821a5bea07b3ac4d2b47c9ba,2026-07-28T11:25:12.554964+00:00,bc5ff2fa6cd96ea08f6ff48e0a38810c19160cf1a3ca535d7b1da8d85d9d26f8,8000,3c9805c8b8a989d0e3b903a54e5b71e346c31fa5b6cf471a8455a2b127fed73b,configs/dsivi_x_shaped.yaml,seed45_dsivi_x_shaped,/root/ruivi/results/default_config_grid/score_approximation_dsivi_shared_x_shaped_10k/reference_cache/x_shaped/seed_45/epoch_8000/forward_5d76d6cfc8a960a9.pt,0.9928446126302085,0.2259516157374386,0.011892190301970453,0.9922079199218751,[],pass,/root/ruivi/results/default_config_grid/score_approximation_dsivi_shared_x_shaped_10k/reference_cache/x_shaped/seed_45/epoch_8000/hmc_948c15eec92e0734.pt,386.3966070190072,1.010902902623092,DSIVI,f69540242267a36508ca3c824d6df8ff84753103ec5de8a10a5c7c052c71d6ed,0.1089974184197931,0.3886558150335874,0.026323989090156156,0.0005673393607139587,0,0.8,45,results/default_config_grid/DSIVI/x_shaped/20260504_130839/checkpoints/epoch_8000,DSIVI,seed45_dsivi_x_shaped,x_shaped,
,,,978da4d11304dbd0e786e30043c9d8daec1351e2821a5bea07b3ac4d2b47c9ba,2026-07-28T11:25:00.444892+00:00,,6000,2ec973b55c7777994470809ab57ac72ad3937488669bad599458518a05f24053,configs/sivi_x_shaped.yaml,seed45_sivi_x_shaped,/root/ruivi/results/default_config_grid/score_approximation_dsivi_shared_x_shaped_10k/reference_cache/x_shaped/seed_45/epoch_6000/forward_fdd9a8959518f6e0.pt,0.9912824788411458,0.36444090902903065,0.01918110047521214,0.9905169042968751,[],pass,/root/ruivi/results/default_config_grid/score_approximation_dsivi_shared_x_shaped_10k/reference_cache/x_shaped/seed_45/epoch_6000/hmc_acffff3b700c4555.pt,380.87308870255947,1.0091695867153418,SIVI,f6ed86a4cca0b13d935e807537fe96132376eef7d423643eef72798704a35c5d,66.86967526972415,502.1642183360802,16.29428726442206,0.002993255853652954,4097,0.6,45,results/default_config_grid/DSIVI/x_shaped/20260504_130839/checkpoints/epoch_6000,DSIVI,seed45_dsivi_x_shaped,x_shaped,
,,,978da4d11304dbd0e786e30043c9d8daec1351e2821a5bea07b3ac4d2b47c9ba,2026-07-28T11:25:06.782845+00:00,,6000,1f75ac3dc6994367b788b71181d362eef1d0c281efe80b5763dc9ae290adc173,configs/uivi_x_shaped.yaml,seed45_uivi_x_shaped,/root/ruivi/results/default_config_grid/score_approximation_dsivi_shared_x_shaped_10k/reference_cache/x_shaped/seed_45/epoch_6000/forward_fdd9a8959518f6e0.pt,0.9912824788411458,0.36444090902903065,0.01918110047521214,0.9905169042968751,[],pass,/root/ruivi/results/default_config_grid/score_approximation_dsivi_shared_x_shaped_10k/reference_cache/x_shaped/seed_45/epoch_6000/hmc_acffff3b700c4555.pt,380.87308870255947,1.0091695867153418,UIVI,db9810c394cff7a9f53207903bc030379e48b9d7e997946e39765e0602e18b2d,536.1172155024028,2601.3378709380845,130.63691249527216,0.16061293333768845,5,0.6,45,results/default_config_grid/DSIVI/x_shaped/20260504_130839/checkpoints/epoch_6000,DSIVI,seed45_dsivi_x_shaped,x_shaped,0.14892578125
0.25842971473932264,309.57212157547474,10000,978da4d11304dbd0e786e30043c9d8daec1351e2821a5bea07b3ac4d2b47c9ba,2026-07-28T11:13:56.236829+00:00,,6000,7529f1a92d5c9bc23fd1af792b36f59760d698f0b5d61cd61f5c244c26fd9afe,configs/aisivi_x_shaped.yaml,seed45_aisivi_x_shaped,/root/ruivi/results/default_config_grid/score_approximation_dsivi_shared_x_shaped_10k/reference_cache/x_shaped/seed_45/epoch_6000/forward_fdd9a8959518f6e0.pt,0.9912824788411458,0.36444090902903065,0.01918110047521214,0.9905169042968751,[],pass,/root/ruivi/results/default_config_grid/score_approximation_dsivi_shared_x_shaped_10k/reference_cache/x_shaped/seed_45/epoch_6000/hmc_acffff3b700c4555.pt,380.87308870255947,1.0091695867153418,AISIVI,93e0cedbeeca7f6d7ac87e5be53eaa0d7bab71cb57183eb54d3506f1d6f05ca2,1.409619469580647,13.191472587404682,0.34348521176786123,0.09970933198928833,1024,0.6,45,results/default_config_grid/DSIVI/x_shaped/20260504_130839/checkpoints/epoch_6000,DSIVI,seed45_dsivi_x_shaped,x_shaped,
,,,978da4d11304dbd0e786e30043c9d8daec1351e2821a5bea07b3ac4d2b47c9ba,2026-07-28T11:25:12.610669+00:00,1f5c1eab6517cc39ba5add785d26f48cb07f211d44af107be04884a0c272b8d5,6000,3c9805c8b8a989d0e3b903a54e5b71e346c31fa5b6cf471a8455a2b127fed73b,configs/dsivi_x_shaped.yaml,seed45_dsivi_x_shaped,/root/ruivi/results/default_config_grid/score_approximation_dsivi_shared_x_shaped_10k/reference_cache/x_shaped/seed_45/epoch_6000/forward_fdd9a8959518f6e0.pt,0.9912824788411458,0.36444090902903065,0.01918110047521214,0.9905169042968751,[],pass,/root/ruivi/results/default_config_grid/score_approximation_dsivi_shared_x_shaped_10k/reference_cache/x_shaped/seed_45/epoch_6000/hmc_acffff3b700c4555.pt,380.87308870255947,1.0091695867153418,DSIVI,d6664f56cdfaae5dce5b0ad153aa3e3b863149d6d7707acaa67d5b032d6bae37,0.10995636221650254,0.2790682703449059,0.026793319173148828,0.0005508884787559509,0,0.6,45,results/default_config_grid/DSIVI/x_shaped/20260504_130839/checkpoints/epoch_6000,DSIVI,seed45_dsivi_x_shaped,x_shaped,
,,,978da4d11304dbd0e786e30043c9d8daec1351e2821a5bea07b3ac4d2b47c9ba,2026-07-28T11:25:00.489451+00:00,,4000,2ec973b55c7777994470809ab57ac72ad3937488669bad599458518a05f24053,configs/sivi_x_shaped.yaml,seed45_sivi_x_shaped,/root/ruivi/results/default_config_grid/score_approximation_dsivi_shared_x_shaped_10k/reference_cache/x_shaped/seed_45/epoch_4000/forward_8e742ed4fdd2e86f.pt,0.9912725667317709,0.261970876410537,0.013787940863712475,0.9904719335937501,[],pass,/root/ruivi/results/default_config_grid/score_approximation_dsivi_shared_x_shaped_10k/reference_cache/x_shaped/seed_45/epoch_4000/hmc_b1031304dbda258d.pt,392.3093873113394,1.0086616471480305,SIVI,81323b78c71a95e5d27fb8d524f02feda019d78c8c26f346ae088bd86bd6e0c5,162.79477162870168,2184.099839038156,48.916780315658514,0.0027257949113845825,4097,0.4,45,results/default_config_grid/DSIVI/x_shaped/20260504_130839/checkpoints/epoch_4000,DSIVI,seed45_dsivi_x_shaped,x_shaped,
,,,978da4d11304dbd0e786e30043c9d8daec1351e2821a5bea07b3ac4d2b47c9ba,2026-07-28T11:25:07.092723+00:00,,4000,1f75ac3dc6994367b788b71181d362eef1d0c281efe80b5763dc9ae290adc173,configs/uivi_x_shaped.yaml,seed45_uivi_x_shaped,/root/ruivi/results/default_config_grid/score_approximation_dsivi_shared_x_shaped_10k/reference_cache/x_shaped/seed_45/epoch_4000/forward_8e742ed4fdd2e86f.pt,0.9912725667317709,0.261970876410537,0.013787940863712475,0.9904719335937501,[],pass,/root/ruivi/results/default_config_grid/score_approximation_dsivi_shared_x_shaped_10k/reference_cache/x_shaped/seed_45/epoch_4000/hmc_b1031304dbda258d.pt,392.3093873113394,1.0086616471480305,UIVI,705cbe067d9b8cc2001fa2272fe9f88bf5c2642028d81487ebd2b1e47cb6d49a,452.1955858519491,3044.246081237795,135.87630555655028,0.2536689192056656,5,0.4,45,results/default_config_grid/DSIVI/x_shaped/20260504_130839/checkpoints/epoch_4000,DSIVI,seed45_dsivi_x_shaped,x_shaped,0.17724609375
0.3902968639135361,330.3255065381527,10000,978da4d11304dbd0e786e30043c9d8daec1351e2821a5bea07b3ac4d2b47c9ba,2026-07-28T11:19:26.875742+00:00,,4000,7529f1a92d5c9bc23fd1af792b36f59760d698f0b5d61cd61f5c244c26fd9afe,configs/aisivi_x_shaped.yaml,seed45_aisivi_x_shaped,/root/ruivi/results/default_config_grid/score_approximation_dsivi_shared_x_shaped_10k/reference_cache/x_shaped/seed_45/epoch_4000/forward_8e742ed4fdd2e86f.pt,0.9912725667317709,0.261970876410537,0.013787940863712475,0.9904719335937501,[],pass,/root/ruivi/results/default_config_grid/score_approximation_dsivi_shared_x_shaped_10k/reference_cache/x_shaped/seed_45/epoch_4000/hmc_b1031304dbda258d.pt,392.3093873113394,1.0086616471480305,AISIVI,c822fd1ae66dbf3181608710a027f9332e8a6f614b73f31ed85598c247e0c220,2.2418934582269,23.390867653954245,0.6736470016206738,0.10415007919073105,1024,0.4,45,results/default_config_grid/DSIVI/x_shaped/20260504_130839/checkpoints/epoch_4000,DSIVI,seed45_dsivi_x_shaped,x_shaped,
,,,978da4d11304dbd0e786e30043c9d8daec1351e2821a5bea07b3ac4d2b47c9ba,2026-07-28T11:25:12.666506+00:00,1ec6c6d3985cf8623f2536ddf240eb80f986a46ecdef9f32ef4852e664bc6577,4000,3c9805c8b8a989d0e3b903a54e5b71e346c31fa5b6cf471a8455a2b127fed73b,configs/dsivi_x_shaped.yaml,seed45_dsivi_x_shaped,/root/ruivi/results/default_config_grid/score_approximation_dsivi_shared_x_shaped_10k/reference_cache/x_shaped/seed_45/epoch_4000/forward_8e742ed4fdd2e86f.pt,0.9912725667317709,0.261970876410537,0.013787940863712475,0.9904719335937501,[],pass,/root/ruivi/results/default_config_grid/score_approximation_dsivi_shared_x_shaped_10k/reference_cache/x_shaped/seed_45/epoch_4000/hmc_b1031304dbda258d.pt,392.3093873113394,1.0086616471480305,DSIVI,d983deac4b8dda31d9ad210127b7973b940baa6da25dc20bbfe9abe4f2cc1270,0.12646743656758158,0.37694970717641696,0.03800109640972137,0.0005888715386390686,0,0.4,45,results/default_config_grid/DSIVI/x_shaped/20260504_130839/checkpoints/epoch_4000,DSIVI,seed45_dsivi_x_shaped,x_shaped,
,,,978da4d11304dbd0e786e30043c9d8daec1351e2821a5bea07b3ac4d2b47c9ba,2026-07-28T11:25:00.536129+00:00,,2000,2ec973b55c7777994470809ab57ac72ad3937488669bad599458518a05f24053,configs/sivi_x_shaped.yaml,seed45_sivi_x_shaped,/root/ruivi/results/default_config_grid/score_approximation_dsivi_shared_x_shaped_10k/reference_cache/x_shaped/seed_45/epoch_2000/forward_15f207d7151621d0.pt,0.9892672851562498,0.6512446189349897,0.03427603257552578,0.98824724609375,[],pass,/root/ruivi/results/default_config_grid/score_approximation_dsivi_shared_x_shaped_10k/reference_cache/x_shaped/seed_45/epoch_2000/hmc_09a6d1e421984ba1.pt,365.3575893267989,1.0070813495974336,SIVI,5dfb5e1a7496c5bcc2d110c76be7739c7cd60ad76559bb01279f118cd3f6dd7e,72.08335068777079,966.9833010209419,29.375709260887714,0.0039242953062057495,4097,0.2,45,results/default_config_grid/DSIVI/x_shaped/20260504_130839/checkpoints/epoch_2000,DSIVI,seed45_dsivi_x_shaped,x_shaped,
,,,978da4d11304dbd0e786e30043c9d8daec1351e2821a5bea07b3ac4d2b47c9ba,2026-07-28T11:25:07.370430+00:00,,2000,1f75ac3dc6994367b788b71181d362eef1d0c281efe80b5763dc9ae290adc173,configs/uivi_x_shaped.yaml,seed45_uivi_x_shaped,/root/ruivi/results/default_config_grid/score_approximation_dsivi_shared_x_shaped_10k/reference_cache/x_shaped/seed_45/epoch_2000/forward_15f207d7151621d0.pt,0.9892672851562498,0.6512446189349897,0.03427603257552578,0.98824724609375,[],pass,/root/ruivi/results/default_config_grid/score_approximation_dsivi_shared_x_shaped_10k/reference_cache/x_shaped/seed_45/epoch_2000/hmc_09a6d1e421984ba1.pt,365.3575893267989,1.0070813495974336,UIVI,2235f86096310568b7cf9fad2fc5c11dacabb22739a3c86e10d12a259fa25cdd,400.6536914266215,2843.738962482352,163.276071954943,0.20721054077148438,5,0.2,45,results/default_config_grid/DSIVI/x_shaped/20260504_130839/checkpoints/epoch_2000,DSIVI,seed45_dsivi_x_shaped,x_shaped,0.20107422769069672
0.4456319272518158,327.95486787706614,10000,978da4d11304dbd0e786e30043c9d8daec1351e2821a5bea07b3ac4d2b47c9ba,2026-07-28T11:24:55.143651+00:00,,2000,7529f1a92d5c9bc23fd1af792b36f59760d698f0b5d61cd61f5c244c26fd9afe,configs/aisivi_x_shaped.yaml,seed45_aisivi_x_shaped,/root/ruivi/results/default_config_grid/score_approximation_dsivi_shared_x_shaped_10k/reference_cache/x_shaped/seed_45/epoch_2000/forward_15f207d7151621d0.pt,0.9892672851562498,0.6512446189349897,0.03427603257552578,0.98824724609375,[],pass,/root/ruivi/results/default_config_grid/score_approximation_dsivi_shared_x_shaped_10k/reference_cache/x_shaped/seed_45/epoch_2000/hmc_09a6d1e421984ba1.pt,365.3575893267989,1.0070813495974336,AISIVI,b2e42dadecbe111a961a5dd92f43caac7e9b2a6d45a91606ab12861fc184dd5f,3.260817590198392,52.14051439451788,1.3288620543926435,0.10219038277864456,1024,0.2,45,results/default_config_grid/DSIVI/x_shaped/20260504_130839/checkpoints/epoch_2000,DSIVI,seed45_dsivi_x_shaped,x_shaped,
,,,978da4d11304dbd0e786e30043c9d8daec1351e2821a5bea07b3ac4d2b47c9ba,2026-07-28T11:25:12.722650+00:00,7d719c456ca2b67dd9c6ee2ec22fdd49487d3db3f2ed3180470ae729f61de2d6,2000,3c9805c8b8a989d0e3b903a54e5b71e346c31fa5b6cf471a8455a2b127fed73b,configs/dsivi_x_shaped.yaml,seed45_dsivi_x_shaped,/root/ruivi/results/default_config_grid/score_approximation_dsivi_shared_x_shaped_10k/reference_cache/x_shaped/seed_45/epoch_2000/forward_15f207d7151621d0.pt,0.9892672851562498,0.6512446189349897,0.03427603257552578,0.98824724609375,[],pass,/root/ruivi/results/default_config_grid/score_approximation_dsivi_shared_x_shaped_10k/reference_cache/x_shaped/seed_45/epoch_2000/hmc_09a6d1e421984ba1.pt,365.3575893267989,1.0070813495974336,DSIVI,bedcb34c3083defd44c8980fa9dada960a40b948f3582ca11cb1b76fcfc8519e,0.43846848995614823,4.9400030025168435,0.17868651717930573,0.0005082786083221436,0,0.2,45,results/default_config_grid/DSIVI/x_shaped/20260504_130839/checkpoints/epoch_2000,DSIVI,seed45_dsivi_x_shaped,x_shaped,
,,,978da4d11304dbd0e786e30043c9d8daec1351e2821a5bea07b3ac4d2b47c9ba,2026-07-28T11:25:05.705817+00:00,,10000,1da138c6a2f3ac6e672f6d89dc607c0ea965377fa0f4cde0783a25dda4c08500,configs/sivi_x_shaped.yaml,seed49_sivi_x_shaped,/root/ruivi/results/default_config_grid/score_approximation_dsivi_shared_x_shaped_10k/reference_cache/x_shaped/seed_49/epoch_10000/forward_f2a34c2994f53a24.pt,0.9921783935546874,0.2569376558073423,0.01352303451617591,0.9914537207031252,[],pass,/root/ruivi/results/default_config_grid/score_approximation_dsivi_shared_x_shaped_10k/reference_cache/x_shaped/seed_49/epoch_10000/hmc_f2406cb536129d84.pt,516.6917781829834,1.006975132667824,SIVI,7bba126bb33867a3dd2fef86b4e85b999bef4feb66e43871b278361cd4a40cd1,106.1792539266058,1817.1246584079947,24.75131739881024,0.4402001351118088,4097,1.0,49,results/default_config_grid/DSIVI/x_shaped/20260504_132344/checkpoints/epoch_10000,DSIVI,seed49_dsivi_x_shaped,x_shaped,
,,,978da4d11304dbd0e786e30043c9d8daec1351e2821a5bea07b3ac4d2b47c9ba,2026-07-28T11:25:11.261219+00:00,,10000,bff517093ef08f06146b5c0fc6cab374f1ec72d610941cd78d836d2ef986e8c3,configs/uivi_x_shaped.yaml,seed49_uivi_x_shaped,/root/ruivi/results/default_config_grid/score_approximation_dsivi_shared_x_shaped_10k/reference_cache/x_shaped/seed_49/epoch_10000/forward_f2a34c2994f53a24.pt,0.9921783935546874,0.2569376558073423,0.01352303451617591,0.9914537207031252,[],pass,/root/ruivi/results/default_config_grid/score_approximation_dsivi_shared_x_shaped_10k/reference_cache/x_shaped/seed_49/epoch_10000/hmc_f2406cb536129d84.pt,516.6917781829834,1.006975132667824,UIVI,f437e8d9cd13415f4969f634a085cecdfb310d5d5cab3e6fa29011cf8e04cef0,666.7772873241568,3651.958192355461,155.43164660288232,0.39873146265745163,5,1.0,49,results/default_config_grid/DSIVI/x_shaped/20260504_132344/checkpoints/epoch_10000,DSIVI,seed49_dsivi_x_shaped,x_shaped,0.146484375
0.22920384854078293,361.410797894001,10000,978da4d11304dbd0e786e30043c9d8daec1351e2821a5bea07b3ac4d2b47c9ba,2026-07-28T11:03:15.990755+00:00,,10000,2355791a2aec5ae7eba72e5b7b32a0a41dc9cab47023fbec25c96e985cb83454,configs/aisivi_x_shaped.yaml,seed49_aisivi_x_shaped,/root/ruivi/results/default_config_grid/score_approximation_dsivi_shared_x_shaped_10k/reference_cache/x_shaped/seed_49/epoch_10000/forward_f2a34c2994f53a24.pt,0.9921783935546874,0.2569376558073423,0.01352303451617591,0.9914537207031252,[],pass,/root/ruivi/results/default_config_grid/score_approximation_dsivi_shared_x_shaped_10k/reference_cache/x_shaped/seed_49/epoch_10000/hmc_f2406cb536129d84.pt,516.6917781829834,1.006975132667824,AISIVI,0282336ab1b9a23519fd16371dbfa221a9bd478a5bcbfff2f24354f3cafc72c0,3.253483890026616,19.33705634246757,0.7584156926703207,0.16165296733379364,1024,1.0,49,results/default_config_grid/DSIVI/x_shaped/20260504_132344/checkpoints/epoch_10000,DSIVI,seed49_dsivi_x_shaped,x_shaped,
,,,978da4d11304dbd0e786e30043c9d8daec1351e2821a5bea07b3ac4d2b47c9ba,2026-07-28T11:25:17.859339+00:00,1a9de71f9d911342348724a669dffaf91f9d8053657f1acbaedcb778ba73a295,10000,e19240a993f209597067505e596e658731a3e1dcbbd0cba00e5eed005f8bf5f7,configs/dsivi_x_shaped.yaml,seed49_dsivi_x_shaped,/root/ruivi/results/default_config_grid/score_approximation_dsivi_shared_x_shaped_10k/reference_cache/x_shaped/seed_49/epoch_10000/forward_f2a34c2994f53a24.pt,0.9921783935546874,0.2569376558073423,0.01352303451617591,0.9914537207031252,[],pass,/root/ruivi/results/default_config_grid/score_approximation_dsivi_shared_x_shaped_10k/reference_cache/x_shaped/seed_49/epoch_10000/hmc_f2406cb536129d84.pt,516.6917781829834,1.006975132667824,DSIVI,97d997d3589ee67ad5f1e5974e0b93d48d5c69ba2984e9532bad8870af1d457d,0.06230164248602203,0.239140042396064,0.01452306049074936,0.10591176897287369,0,1.0,49,results/default_config_grid/DSIVI/x_shaped/20260504_132344/checkpoints/epoch_10000,DSIVI,seed49_dsivi_x_shaped,x_shaped,
,,,978da4d11304dbd0e786e30043c9d8daec1351e2821a5bea07b3ac4d2b47c9ba,2026-07-28T11:25:05.752984+00:00,,8000,1da138c6a2f3ac6e672f6d89dc607c0ea965377fa0f4cde0783a25dda4c08500,configs/sivi_x_shaped.yaml,seed49_sivi_x_shaped,/root/ruivi/results/default_config_grid/score_approximation_dsivi_shared_x_shaped_10k/reference_cache/x_shaped/seed_49/epoch_8000/forward_7f70f4bd9f0f663d.pt,0.9938264892578124,0.22817213212379098,0.012009059585462683,0.993274619140625,[],pass,/root/ruivi/results/default_config_grid/score_approximation_dsivi_shared_x_shaped_10k/reference_cache/x_shaped/seed_49/epoch_8000/hmc_bf6e331b7acd0248.pt,396.7731498256326,1.0075783844643937,SIVI,a1d04c1574f7d6d1cf8216575fec809646733d165b88dd79b99a3b1429b38fa4,23.514299404666474,169.6461386488937,5.432955156932254,0.002980925142765045,4097,0.8,49,results/default_config_grid/DSIVI/x_shaped/20260504_132344/checkpoints/epoch_8000,DSIVI,seed49_dsivi_x_shaped,x_shaped,
,,,978da4d11304dbd0e786e30043c9d8daec1351e2821a5bea07b3ac4d2b47c9ba,2026-07-28T11:25:11.535049+00:00,,8000,bff517093ef08f06146b5c0fc6cab374f1ec72d610941cd78d836d2ef986e8c3,configs/uivi_x_shaped.yaml,seed49_uivi_x_shaped,/root/ruivi/results/default_config_grid/score_approximation_dsivi_shared_x_shaped_10k/reference_cache/x_shaped/seed_49/epoch_8000/forward_7f70f4bd9f0f663d.pt,0.9938264892578124,0.22817213212379098,0.012009059585462683,0.993274619140625,[],pass,/root/ruivi/results/default_config_grid/score_approximation_dsivi_shared_x_shaped_10k/reference_cache/x_shaped/seed_49/epoch_8000/hmc_bf6e331b7acd0248.pt,396.7731498256326,1.0075783844643937,UIVI,8eb49eb451120b1bf019d9e1ccdf2926c3c20f64a235718802b95b824d3cf32a,469.2444397340577,2178.3606130327075,108.4184544409179,0.216219462454319,5,0.8,49,results/default_config_grid/DSIVI/x_shaped/20260504_132344/checkpoints/epoch_8000,DSIVI,seed49_dsivi_x_shaped,x_shaped,0.15957032144069672
0.25653536066412924,325.7171057164669,10000,978da4d11304dbd0e786e30043c9d8daec1351e2821a5bea07b3ac4d2b47c9ba,2026-07-28T11:08:42.026531+00:00,,8000,2355791a2aec5ae7eba72e5b7b32a0a41dc9cab47023fbec25c96e985cb83454,configs/aisivi_x_shaped.yaml,seed49_aisivi_x_shaped,/root/ruivi/results/default_config_grid/score_approximation_dsivi_shared_x_shaped_10k/reference_cache/x_shaped/seed_49/epoch_8000/forward_7f70f4bd9f0f663d.pt,0.9938264892578124,0.22817213212379098,0.012009059585462683,0.993274619140625,[],pass,/root/ruivi/results/default_config_grid/score_approximation_dsivi_shared_x_shaped_10k/reference_cache/x_shaped/seed_49/epoch_8000/hmc_bf6e331b7acd0248.pt,396.7731498256326,1.0075783844643937,AISIVI,e2781b79328843102f6465b9a15f6e3d7aacadb47d65313cc6a8096d00aff06b,1.951708226366291,8.845786802283659,0.4509402168775457,0.10248713940382004,1024,0.8,49,results/default_config_grid/DSIVI/x_shaped/20260504_132344/checkpoints/epoch_8000,DSIVI,seed49_dsivi_x_shaped,x_shaped,
,,,978da4d11304dbd0e786e30043c9d8daec1351e2821a5bea07b3ac4d2b47c9ba,2026-07-28T11:25:17.916527+00:00,886692edf3210290b8cb93aafed3cdf8c3f4e6cef238898ccb19a1af3f7edf0f,8000,e19240a993f209597067505e596e658731a3e1dcbbd0cba00e5eed005f8bf5f7,configs/dsivi_x_shaped.yaml,seed49_dsivi_x_shaped,/root/ruivi/results/default_config_grid/score_approximation_dsivi_shared_x_shaped_10k/reference_cache/x_shaped/seed_49/epoch_8000/forward_7f70f4bd9f0f663d.pt,0.9938264892578124,0.22817213212379098,0.012009059585462683,0.993274619140625,[],pass,/root/ruivi/results/default_config_grid/score_approximation_dsivi_shared_x_shaped_10k/reference_cache/x_shaped/seed_49/epoch_8000/hmc_bf6e331b7acd0248.pt,396.7731498256326,1.0075783844643937,DSIVI,d6fd4989a876550dd3411835615f49207ed5243b4c569ccefdf33872e8490ec1,0.09125814282339331,0.5256722648573903,0.02108510184088333,0.0004912391304969788,0,0.8,49,results/default_config_grid/DSIVI/x_shaped/20260504_132344/checkpoints/epoch_8000,DSIVI,seed49_dsivi_x_shaped,x_shaped,
,,,978da4d11304dbd0e786e30043c9d8daec1351e2821a5bea07b3ac4d2b47c9ba,2026-07-28T11:25:05.797282+00:00,,6000,1da138c6a2f3ac6e672f6d89dc607c0ea965377fa0f4cde0783a25dda4c08500,configs/sivi_x_shaped.yaml,seed49_sivi_x_shaped,/root/ruivi/results/default_config_grid/score_approximation_dsivi_shared_x_shaped_10k/reference_cache/x_shaped/seed_49/epoch_6000/forward_20841a99f93fd113.pt,0.9946234212239585,0.1717684627547988,0.009040445408147305,0.994130849609375,[],pass,/root/ruivi/results/default_config_grid/score_approximation_dsivi_shared_x_shaped_10k/reference_cache/x_shaped/seed_49/epoch_6000/hmc_fad78f48f4898ed0.pt,400.9826505109668,1.0066725921511113,SIVI,f904d8a0e3c3e1e1bb982fb6c389eecae0590bb917c3c3267c8bd495057f3b42,17.005793435984856,100.55202005384228,4.211222008407085,0.002734564244747162,4097,0.6,49,results/default_config_grid/DSIVI/x_shaped/20260504_132344/checkpoints/epoch_6000,DSIVI,seed49_dsivi_x_shaped,x_shaped,
,,,978da4d11304dbd0e786e30043c9d8daec1351e2821a5bea07b3ac4d2b47c9ba,2026-07-28T11:25:11.761515+00:00,,6000,bff517093ef08f06146b5c0fc6cab374f1ec72d610941cd78d836d2ef986e8c3,configs/uivi_x_shaped.yaml,seed49_uivi_x_shaped,/root/ruivi/results/default_config_grid/score_approximation_dsivi_shared_x_shaped_10k/reference_cache/x_shaped/seed_49/epoch_6000/forward_20841a99f93fd113.pt,0.9946234212239585,0.1717684627547988,0.009040445408147305,0.994130849609375,[],pass,/root/ruivi/results/default_config_grid/score_approximation_dsivi_shared_x_shaped_10k/reference_cache/x_shaped/seed_49/epoch_6000/hmc_fad78f48f4898ed0.pt,400.9826505109668,1.0066725921511113,UIVI,a7c3db9c87fe33b24d88b03f0a4004b561f8bfbb90771e726aedffcbbfed492c,370.1139719062138,2404.2215738054165,91.65300695775176,0.16834477335214615,5,0.6,49,results/default_config_grid/DSIVI/x_shaped/20260504_132344/checkpoints/epoch_6000,DSIVI,seed49_dsivi_x_shaped,x_shaped,0.18564453721046448
0.27927556827664374,320.69564989209175,10000,978da4d11304dbd0e786e30043c9d8daec1351e2821a5bea07b3ac4d2b47c9ba,2026-07-28T11:14:03.138820+00:00,,6000,2355791a2aec5ae7eba72e5b7b32a0a41dc9cab47023fbec25c96e985cb83454,configs/aisivi_x_shaped.yaml,seed49_aisivi_x_shaped,/root/ruivi/results/default_config_grid/score_approximation_dsivi_shared_x_shaped_10k/reference_cache/x_shaped/seed_49/epoch_6000/forward_20841a99f93fd113.pt,0.9946234212239585,0.1717684627547988,0.009040445408147305,0.994130849609375,[],pass,/root/ruivi/results/default_config_grid/score_approximation_dsivi_shared_x_shaped_10k/reference_cache/x_shaped/seed_49/epoch_6000/hmc_fad78f48f4898ed0.pt,400.9826505109668,1.0066725921511113,AISIVI,d77b276ae29fade4689b6948934af0a6116a8e1ef3ef231d6ce479e21edc45d0,3.797231954554519,42.4194278168659,0.9403258270919105,0.10110342502593994,1024,0.6,49,results/default_config_grid/DSIVI/x_shaped/20260504_132344/checkpoints/epoch_6000,DSIVI,seed49_dsivi_x_shaped,x_shaped,
,,,978da4d11304dbd0e786e30043c9d8daec1351e2821a5bea07b3ac4d2b47c9ba,2026-07-28T11:25:17.969933+00:00,b79e9649ce38c4856ec4c244525f28e1ba8fa7fedf1b0bc7c1f5334344c34dd7,6000,e19240a993f209597067505e596e658731a3e1dcbbd0cba00e5eed005f8bf5f7,configs/dsivi_x_shaped.yaml,seed49_dsivi_x_shaped,/root/ruivi/results/default_config_grid/score_approximation_dsivi_shared_x_shaped_10k/reference_cache/x_shaped/seed_49/epoch_6000/forward_20841a99f93fd113.pt,0.9946234212239585,0.1717684627547988,0.009040445408147305,0.994130849609375,[],pass,/root/ruivi/results/default_config_grid/score_approximation_dsivi_shared_x_shaped_10k/reference_cache/x_shaped/seed_49/epoch_6000/hmc_fad78f48f4898ed0.pt,400.9826505109668,1.0066725921511113,DSIVI,c788f64300d2903673ba3230ba92a3b9f2f1eeb1b9ecebc21923067b6266b808,0.06665042071313627,0.18665348432558637,0.01650494695430222,0.00048422813415527344,0,0.6,49,results/default_config_grid/DSIVI/x_shaped/20260504_132344/checkpoints/epoch_6000,DSIVI,seed49_dsivi_x_shaped,x_shaped,
,,,978da4d11304dbd0e786e30043c9d8daec1351e2821a5bea07b3ac4d2b47c9ba,2026-07-28T11:25:05.851223+00:00,,4000,1da138c6a2f3ac6e672f6d89dc607c0ea965377fa0f4cde0783a25dda4c08500,configs/sivi_x_shaped.yaml,seed49_sivi_x_shaped,/root/ruivi/results/default_config_grid/score_approximation_dsivi_shared_x_shaped_10k/reference_cache/x_shaped/seed_49/epoch_4000/forward_9941e6136a0bbd2c.pt,0.9949877278645833,0.1484116573853719,0.007811139862387995,0.994528623046875,[],pass,/root/ruivi/results/default_config_grid/score_approximation_dsivi_shared_x_shaped_10k/reference_cache/x_shaped/seed_49/epoch_4000/hmc_b08142c622b1712c.pt,383.70640229433775,1.006131473352349,SIVI,91a7a5134b2f9f1a94c992dc5f86d22502e477b1fbb2b695f9c70695261b2efa,55.018888254955044,821.3623755701656,15.714701212627167,0.0033577829599380493,4097,0.4,49,results/default_config_grid/DSIVI/x_shaped/20260504_132344/checkpoints/epoch_4000,DSIVI,seed49_dsivi_x_shaped,x_shaped,
,,,978da4d11304dbd0e786e30043c9d8daec1351e2821a5bea07b3ac4d2b47c9ba,2026-07-28T11:25:11.988952+00:00,,4000,bff517093ef08f06146b5c0fc6cab374f1ec72d610941cd78d836d2ef986e8c3,configs/uivi_x_shaped.yaml,seed49_uivi_x_shaped,/root/ruivi/results/default_config_grid/score_approximation_dsivi_shared_x_shaped_10k/reference_cache/x_shaped/seed_49/epoch_4000/forward_9941e6136a0bbd2c.pt,0.9949877278645833,0.1484116573853719,0.007811139862387995,0.994528623046875,[],pass,/root/ruivi/results/default_config_grid/score_approximation_dsivi_shared_x_shaped_10k/reference_cache/x_shaped/seed_49/epoch_4000/hmc_b08142c622b1712c.pt,383.70640229433775,1.006131473352349,UIVI,f9418ab28ebfdbdc26299201e72d4eb699365ffdcf8ba49c5596bda7c29e5415,269.13158085865894,1359.983317446255,76.87037150727846,0.17229072004556656,5,0.4,49,results/default_config_grid/DSIVI/x_shaped/20260504_132344/checkpoints/epoch_4000,DSIVI,seed49_dsivi_x_shaped,x_shaped,0.20615234971046448
0.19725160844624043,317.2721784412861,10000,978da4d11304dbd0e786e30043c9d8daec1351e2821a5bea07b3ac4d2b47c9ba,2026-07-28T11:19:20.717890+00:00,,4000,2355791a2aec5ae7eba72e5b7b32a0a41dc9cab47023fbec25c96e985cb83454,configs/aisivi_x_shaped.yaml,seed49_aisivi_x_shaped,/root/ruivi/results/default_config_grid/score_approximation_dsivi_shared_x_shaped_10k/reference_cache/x_shaped/seed_49/epoch_4000/forward_9941e6136a0bbd2c.pt,0.9949877278645833,0.1484116573853719,0.007811139862387995,0.994528623046875,[],pass,/root/ruivi/results/default_config_grid/score_approximation_dsivi_shared_x_shaped_10k/reference_cache/x_shaped/seed_49/epoch_4000/hmc_b08142c622b1712c.pt,383.70640229433775,1.006131473352349,AISIVI,6a1afc792b6cdf2993db047f25ef0be0b01166404db1b4ee671186ed69a90002,2.290079479291533,29.91991843533799,0.6541010898560667,0.10049322247505188,1024,0.4,49,results/default_config_grid/DSIVI/x_shaped/20260504_132344/checkpoints/epoch_4000,DSIVI,seed49_dsivi_x_shaped,x_shaped,
,,,978da4d11304dbd0e786e30043c9d8daec1351e2821a5bea07b3ac4d2b47c9ba,2026-07-28T11:25:18.024359+00:00,ee33540a5ae439e2a988e92b97284e15c5c121b91c463f35eacacb56b3348a70,4000,e19240a993f209597067505e596e658731a3e1dcbbd0cba00e5eed005f8bf5f7,configs/dsivi_x_shaped.yaml,seed49_dsivi_x_shaped,/root/ruivi/results/default_config_grid/score_approximation_dsivi_shared_x_shaped_10k/reference_cache/x_shaped/seed_49/epoch_4000/forward_9941e6136a0bbd2c.pt,0.9949877278645833,0.1484116573853719,0.007811139862387995,0.994528623046875,[],pass,/root/ruivi/results/default_config_grid/score_approximation_dsivi_shared_x_shaped_10k/reference_cache/x_shaped/seed_49/epoch_4000/hmc_b08142c622b1712c.pt,383.70640229433775,1.006131473352349,DSIVI,063e9d16a21bbbadec405bd2a599112aaece9d9ec21c59c7f76032a443993dd7,0.06124116408656237,0.200917881537871,0.01749193097239888,0.00047384947538375854,0,0.4,49,results/default_config_grid/DSIVI/x_shaped/20260504_132344/checkpoints/epoch_4000,DSIVI,seed49_dsivi_x_shaped,x_shaped,
,,,978da4d11304dbd0e786e30043c9d8daec1351e2821a5bea07b3ac4d2b47c9ba,2026-07-28T11:25:05.903991+00:00,,2000,1da138c6a2f3ac6e672f6d89dc607c0ea965377fa0f4cde0783a25dda4c08500,configs/sivi_x_shaped.yaml,seed49_sivi_x_shaped,/root/ruivi/results/default_config_grid/score_approximation_dsivi_shared_x_shaped_10k/reference_cache/x_shaped/seed_49/epoch_2000/forward_7834efea3a0da95a.pt,0.994943359375,0.15874154035876703,0.008354817913619318,0.994496357421875,[],pass,/root/ruivi/results/default_config_grid/score_approximation_dsivi_shared_x_shaped_10k/reference_cache/x_shaped/seed_49/epoch_2000/hmc_177f8711b313ad79.pt,414.4678791537881,1.0035826000780588,SIVI,81558fc13771b3bdf81ede0ec5ba370dcb175f78e0ce4265734bdac0a49b9747,37.74768935739298,323.07628501534873,16.429171991007372,0.003176271915435791,4097,0.2,49,results/default_config_grid/DSIVI/x_shaped/20260504_132344/checkpoints/epoch_2000,DSIVI,seed49_dsivi_x_shaped,x_shaped,
,,,978da4d11304dbd0e786e30043c9d8daec1351e2821a5bea07b3ac4d2b47c9ba,2026-07-28T11:25:12.221609+00:00,,2000,bff517093ef08f06146b5c0fc6cab374f1ec72d610941cd78d836d2ef986e8c3,configs/uivi_x_shaped.yaml,seed49_uivi_x_shaped,/root/ruivi/results/default_config_grid/score_approximation_dsivi_shared_x_shaped_10k/reference_cache/x_shaped/seed_49/epoch_2000/forward_7834efea3a0da95a.pt,0.994943359375,0.15874154035876703,0.008354817913619318,0.994496357421875,[],pass,/root/ruivi/results/default_config_grid/score_approximation_dsivi_shared_x_shaped_10k/reference_cache/x_shaped/seed_49/epoch_2000/hmc_177f8711b313ad79.pt,414.4678791537881,1.0035826000780588,UIVI,bf1b6f716aabd2df44745c4864670aafd4154d9c422bf393fd0fd89c364f0887,377.5471095102737,2533.4413326730546,164.32228044806536,0.1734333261847496,5,0.2,49,results/default_config_grid/DSIVI/x_shaped/20260504_132344/checkpoints/epoch_2000,DSIVI,seed49_dsivi_x_shaped,x_shaped,0.18974609673023224
0.24844496205449104,338.80182330310345,10000,978da4d11304dbd0e786e30043c9d8daec1351e2821a5bea07b3ac4d2b47c9ba,2026-07-28T11:24:59.811383+00:00,,2000,2355791a2aec5ae7eba72e5b7b32a0a41dc9cab47023fbec25c96e985cb83454,configs/aisivi_x_shaped.yaml,seed49_aisivi_x_shaped,/root/ruivi/results/default_config_grid/score_approximation_dsivi_shared_x_shaped_10k/reference_cache/x_shaped/seed_49/epoch_2000/forward_7834efea3a0da95a.pt,0.994943359375,0.15874154035876703,0.008354817913619318,0.994496357421875,[],pass,/root/ruivi/results/default_config_grid/score_approximation_dsivi_shared_x_shaped_10k/reference_cache/x_shaped/seed_49/epoch_2000/hmc_177f8711b313ad79.pt,414.4678791537881,1.0035826000780588,AISIVI,95d4f7e6acc19718075c9d75c7e5f85d71c6b3be8f0bc2a2f0b9948d89d5c21f,20.042727544832342,570.1478182349007,8.723326476630021,0.09683246910572052,1024,0.2,49,results/default_config_grid/DSIVI/x_shaped/20260504_132344/checkpoints/epoch_2000,DSIVI,seed49_dsivi_x_shaped,x_shaped,
,,,978da4d11304dbd0e786e30043c9d8daec1351e2821a5bea07b3ac4d2b47c9ba,2026-07-28T11:25:18.078725+00:00,566fe2cf3b8a785279a2c15923c76053365e676eada23c428916d08513108fae,2000,e19240a993f209597067505e596e658731a3e1dcbbd0cba00e5eed005f8bf5f7,configs/dsivi_x_shaped.yaml,seed49_dsivi_x_shaped,/root/ruivi/results/default_config_grid/score_approximation_dsivi_shared_x_shaped_10k/reference_cache/x_shaped/seed_49/epoch_2000/forward_7834efea3a0da95a.pt,0.994943359375,0.15874154035876703,0.008354817913619318,0.994496357421875,[],pass,/root/ruivi/results/default_config_grid/score_approximation_dsivi_shared_x_shaped_10k/reference_cache/x_shaped/seed_49/epoch_2000/hmc_177f8711b313ad79.pt,414.4678791537881,1.0035826000780588,DSIVI,f5770736df072b26022ff6d39edd8515ad3dcd8b01bded69a3d6e12ae130cb2f,0.33036694213936874,1.6432309950261281,0.1437877497921035,0.0005308464169502258,0,0.2,49,results/default_config_grid/DSIVI/x_shaped/20260504_132344/checkpoints/epoch_2000,DSIVI,seed49_dsivi_x_shaped,x_shaped,
,,,978da4d11304dbd0e786e30043c9d8daec1351e2821a5bea07b3ac4d2b47c9ba,2026-07-28T11:24:56.250812+00:00,,10000,e3801bb08c706bfd0f2355c6dee8d7879585c9a3d8efccfbfbd846ee49d39d9b,configs/sivi_x_shaped.yaml,seed50_sivi_x_shaped,/root/ruivi/results/default_config_grid/score_approximation_dsivi_shared_x_shaped_10k/reference_cache/x_shaped/seed_50/epoch_10000/forward_708d05b105491cc1.pt,0.9765797281901041,1.7619240408974952,0.0927328442577629,0.9741309082031251,[],pass,/root/ruivi/results/default_config_grid/score_approximation_dsivi_shared_x_shaped_10k/reference_cache/x_shaped/seed_50/epoch_10000/hmc_ac96d8e509dac267.pt,506.84977823495865,1.0105018806442887,SIVI,ae2b9d4433deaf17fd019c01d795cf232e0ee5dc39736239fff135afc947c8bd,90.03609252035852,319.46918629149803,16.790247889199755,0.4904030039906502,4097,1.0,50,results/default_config_grid/DSIVI/x_shaped/20260504_132716/checkpoints/epoch_10000,DSIVI,seed50_dsivi_x_shaped,x_shaped,
,,,978da4d11304dbd0e786e30043c9d8daec1351e2821a5bea07b3ac4d2b47c9ba,2026-07-28T11:25:01.616035+00:00,,10000,973e69afd0f4cbc2a94c78b5e48fd414d09ad7f00df70fff91fe761a05772a37,configs/uivi_x_shaped.yaml,seed50_uivi_x_shaped,/root/ruivi/results/default_config_grid/score_approximation_dsivi_shared_x_shaped_10k/reference_cache/x_shaped/seed_50/epoch_10000/forward_708d05b105491cc1.pt,0.9765797281901041,1.7619240408974952,0.0927328442577629,0.9741309082031251,[],pass,/root/ruivi/results/default_config_grid/score_approximation_dsivi_shared_x_shaped_10k/reference_cache/x_shaped/seed_50/epoch_10000/hmc_ac96d8e509dac267.pt,506.84977823495865,1.0105018806442887,UIVI,5f35d9c387affba5c076ac4c512afdca0bff5a42d359210fe4763519d5ba654f,1584.926349259811,5658.980408681311,295.56265210176014,0.4049619138240814,5,1.0,50,results/default_config_grid/DSIVI/x_shaped/20260504_132716/checkpoints/epoch_10000,DSIVI,seed50_dsivi_x_shaped,x_shaped,0.02216796949505806
-0.2546336694061756,358.47079514712095,10000,978da4d11304dbd0e786e30043c9d8daec1351e2821a5bea07b3ac4d2b47c9ba,2026-07-28T11:03:12.906508+00:00,,10000,69ca07f2b8f77992c3629ad24059fe9d25c28eedf837d820f8f326db0ccf1240,configs/aisivi_x_shaped.yaml,seed50_aisivi_x_shaped,/root/ruivi/results/default_config_grid/score_approximation_dsivi_shared_x_shaped_10k/reference_cache/x_shaped/seed_50/epoch_10000/forward_708d05b105491cc1.pt,0.9765797281901041,1.7619240408974952,0.0927328442577629,0.9741309082031251,[],pass,/root/ruivi/results/default_config_grid/score_approximation_dsivi_shared_x_shaped_10k/reference_cache/x_shaped/seed_50/epoch_10000/hmc_ac96d8e509dac267.pt,506.84977823495865,1.0105018806442887,AISIVI,dbefeb5aaf661efd7eec041cee9bc7659bb142ad61239ac07466fb5ff48ca3ad,11.629452086808193,101.87756760971452,2.1687012162253643,0.15306153893470764,1024,1.0,50,results/default_config_grid/DSIVI/x_shaped/20260504_132716/checkpoints/epoch_10000,DSIVI,seed50_dsivi_x_shaped,x_shaped,
,,,978da4d11304dbd0e786e30043c9d8daec1351e2821a5bea07b3ac4d2b47c9ba,2026-07-28T11:25:08.554830+00:00,5d4fe29949cd87ae2e34c7d7982f9b8acce5d7357b498b711fea42942a820354,10000,08f7473e44dcfe5fccc82b200654cf76d77b98d5d209a448549bc19a38d530e0,configs/dsivi_x_shaped.yaml,seed50_dsivi_x_shaped,/root/ruivi/results/default_config_grid/score_approximation_dsivi_shared_x_shaped_10k/reference_cache/x_shaped/seed_50/epoch_10000/forward_708d05b105491cc1.pt,0.9765797281901041,1.7619240408974952,0.0927328442577629,0.9741309082031251,[],pass,/root/ruivi/results/default_config_grid/score_approximation_dsivi_shared_x_shaped_10k/reference_cache/x_shaped/seed_50/epoch_10000/hmc_ac96d8e509dac267.pt,506.84977823495865,1.0105018806442887,DSIVI,dacf3519018e2dd8cd43ff3a60901443442fa5ff01e8f92c4de005cefd291eea,1.3087872581523572,6.190269991454574,0.24406726106683604,0.1999972015619278,0,1.0,50,results/default_config_grid/DSIVI/x_shaped/20260504_132716/checkpoints/epoch_10000,DSIVI,seed50_dsivi_x_shaped,x_shaped,
,,,978da4d11304dbd0e786e30043c9d8daec1351e2821a5bea07b3ac4d2b47c9ba,2026-07-28T11:24:56.297859+00:00,,8000,e3801bb08c706bfd0f2355c6dee8d7879585c9a3d8efccfbfbd846ee49d39d9b,configs/sivi_x_shaped.yaml,seed50_sivi_x_shaped,/root/ruivi/results/default_config_grid/score_approximation_dsivi_shared_x_shaped_10k/reference_cache/x_shaped/seed_50/epoch_8000/forward_e9b181218c2c9551.pt,0.9763805582682292,1.4114634043036187,0.0742875475949273,0.9739694921875,[],pass,/root/ruivi/results/default_config_grid/score_approximation_dsivi_shared_x_shaped_10k/reference_cache/x_shaped/seed_50/epoch_8000/hmc_d9c38743120badf5.pt,391.39137238264084,1.0104485423340253,SIVI,ed36fdff01f19dfa8ac11f6b48b3188a7f7ebd06857d8b94064078e47c15c3e5,94.04417420778529,509.01019558751574,18.401154076793567,0.002749726176261902,4097,0.8,50,results/default_config_grid/DSIVI/x_shaped/20260504_132716/checkpoints/epoch_8000,DSIVI,seed50_dsivi_x_shaped,x_shaped,
,,,978da4d11304dbd0e786e30043c9d8daec1351e2821a5bea07b3ac4d2b47c9ba,2026-07-28T11:25:01.788083+00:00,,8000,973e69afd0f4cbc2a94c78b5e48fd414d09ad7f00df70fff91fe761a05772a37,configs/uivi_x_shaped.yaml,seed50_uivi_x_shaped,/root/ruivi/results/default_config_grid/score_approximation_dsivi_shared_x_shaped_10k/reference_cache/x_shaped/seed_50/epoch_8000/forward_e9b181218c2c9551.pt,0.9763805582682292,1.4114634043036187,0.0742875475949273,0.9739694921875,[],pass,/root/ruivi/results/default_config_grid/score_approximation_dsivi_shared_x_shaped_10k/reference_cache/x_shaped/seed_50/epoch_8000/hmc_d9c38743120badf5.pt,391.39137238264084,1.0104485423340253,UIVI,f57151ad373068c231c15e529cc25a13e5a3214551bfbc620c2a27a7a8246df8,1705.5921961999625,5564.854448720029,333.7247103165492,0.11048538982868195,5,0.8,50,results/default_config_grid/DSIVI/x_shaped/20260504_132716/checkpoints/epoch_8000,DSIVI,seed50_dsivi_x_shaped,x_shaped,0.02070312574505806
-0.25986464649438856,326.96498323231936,10000,978da4d11304dbd0e786e30043c9d8daec1351e2821a5bea07b3ac4d2b47c9ba,2026-07-28T11:08:40.178885+00:00,,8000,69ca07f2b8f77992c3629ad24059fe9d25c28eedf837d820f8f326db0ccf1240,configs/aisivi_x_shaped.yaml,seed50_aisivi_x_shaped,/root/ruivi/results/default_config_grid/score_approximation_dsivi_shared_x_shaped_10k/reference_cache/x_shaped/seed_50/epoch_8000/forward_e9b181218c2c9551.pt,0.9763805582682292,1.4114634043036187,0.0742875475949273,0.9739694921875,[],pass,/root/ruivi/results/default_config_grid/score_approximation_dsivi_shared_x_shaped_10k/reference_cache/x_shaped/seed_50/epoch_8000/hmc_d9c38743120badf5.pt,391.39137238264084,1.0104485423340253,AISIVI,07fd13eba3f4072681ec3430c3bdfb7f1e17dd49d2ea795180fec630fd421ae0,21.67535478543386,390.93786688206626,4.241108462441206,0.10577170550823212,1024,0.8,50,results/default_config_grid/DSIVI/x_shaped/20260504_132716/checkpoints/epoch_8000,DSIVI,seed50_dsivi_x_shaped,x_shaped,
,,,978da4d11304dbd0e786e30043c9d8daec1351e2821a5bea07b3ac4d2b47c9ba,2026-07-28T11:25:08.598948+00:00,a63b257c87475f83081dcbe0ad999ab3207e51ec95eab855f53a568b40ae306b,8000,08f7473e44dcfe5fccc82b200654cf76d77b98d5d209a448549bc19a38d530e0,configs/dsivi_x_shaped.yaml,seed50_dsivi_x_shaped,/root/ruivi/results/default_config_grid/score_approximation_dsivi_shared_x_shaped_10k/reference_cache/x_shaped/seed_50/epoch_8000/forward_e9b181218c2c9551.pt,0.9763805582682292,1.4114634043036187,0.0742875475949273,0.9739694921875,[],pass,/root/ruivi/results/default_config_grid/score_approximation_dsivi_shared_x_shaped_10k/reference_cache/x_shaped/seed_50/epoch_8000/hmc_d9c38743120badf5.pt,391.39137238264084,1.0104485423340253,DSIVI,305bb7a8816977ceb655d61a8ed44df053cda0499d3c880b03c9b44cd24d7114,0.8020314701808114,4.132537428256668,0.15692949384218885,0.0004695504903793335,0,0.8,50,results/default_config_grid/DSIVI/x_shaped/20260504_132716/checkpoints/epoch_8000,DSIVI,seed50_dsivi_x_shaped,x_shaped,
,,,978da4d11304dbd0e786e30043c9d8daec1351e2821a5bea07b3ac4d2b47c9ba,2026-07-28T11:24:56.341388+00:00,,6000,e3801bb08c706bfd0f2355c6dee8d7879585c9a3d8efccfbfbd846ee49d39d9b,configs/sivi_x_shaped.yaml,seed50_sivi_x_shaped,/root/ruivi/results/default_config_grid/score_approximation_dsivi_shared_x_shaped_10k/reference_cache/x_shaped/seed_50/epoch_6000/forward_fd8f090df591d7d9.pt,0.9802101888020833,1.8399611771195086,0.09684006195365835,0.9781622265625001,[],pass,/root/ruivi/results/default_config_grid/score_approximation_dsivi_shared_x_shaped_10k/reference_cache/x_shaped/seed_50/epoch_6000/hmc_74299a371bb50399.pt,385.45681946724653,1.0081861137567338,SIVI,88f304e771390f2bdb90cbee2deb24446efcbb56dd1ed45c67505f13b4134c41,94.50240858227039,704.6348507664117,17.520156228022966,0.0026828348636627197,4097,0.6,50,results/default_config_grid/DSIVI/x_shaped/20260504_132716/checkpoints/epoch_6000,DSIVI,seed50_dsivi_x_shaped,x_shaped,
,,,978da4d11304dbd0e786e30043c9d8daec1351e2821a5bea07b3ac4d2b47c9ba,2026-07-28T11:25:01.987121+00:00,,6000,973e69afd0f4cbc2a94c78b5e48fd414d09ad7f00df70fff91fe761a05772a37,configs/uivi_x_shaped.yaml,seed50_uivi_x_shaped,/root/ruivi/results/default_config_grid/score_approximation_dsivi_shared_x_shaped_10k/reference_cache/x_shaped/seed_50/epoch_6000/forward_fd8f090df591d7d9.pt,0.9802101888020833,1.8399611771195086,0.09684006195365835,0.9781622265625001,[],pass,/root/ruivi/results/default_config_grid/score_approximation_dsivi_shared_x_shaped_10k/reference_cache/x_shaped/seed_50/epoch_6000/hmc_74299a371bb50399.pt,385.45681946724653,1.0081861137567338,UIVI,be4fb1868a590bbdb336946a341ddbef62bc4f7f52995c4140433d02ee3d6fd3,1192.8473452666883,3823.2101927854824,221.14644651687397,0.15314475446939468,5,0.6,50,results/default_config_grid/DSIVI/x_shaped/20260504_132716/checkpoints/epoch_6000,DSIVI,seed50_dsivi_x_shaped,x_shaped,0.01982421986758709
-0.23682377085089684,321.5297460332513,10000,978da4d11304dbd0e786e30043c9d8daec1351e2821a5bea07b3ac4d2b47c9ba,2026-07-28T11:14:02.109393+00:00,,6000,69ca07f2b8f77992c3629ad24059fe9d25c28eedf837d820f8f326db0ccf1240,configs/aisivi_x_shaped.yaml,seed50_aisivi_x_shaped,/root/ruivi/results/default_config_grid/score_approximation_dsivi_shared_x_shaped_10k/reference_cache/x_shaped/seed_50/epoch_6000/forward_fd8f090df591d7d9.pt,0.9802101888020833,1.8399611771195086,0.09684006195365835,0.9781622265625001,[],pass,/root/ruivi/results/default_config_grid/score_approximation_dsivi_shared_x_shaped_10k/reference_cache/x_shaped/seed_50/epoch_6000/hmc_74299a371bb50399.pt,385.45681946724653,1.0081861137567338,AISIVI,7b8b975914432432a4712796bac0e387bf76200a34fbff903b6a033feea07c50,7.860062892545663,43.83636583856402,1.4572065612444276,0.10189682245254517,1024,0.6,50,results/default_config_grid/DSIVI/x_shaped/20260504_132716/checkpoints/epoch_6000,DSIVI,seed50_dsivi_x_shaped,x_shaped,
,,,978da4d11304dbd0e786e30043c9d8daec1351e2821a5bea07b3ac4d2b47c9ba,2026-07-28T11:25:08.644541+00:00,a1c54b0010c0ae8fadda82b58339e85eb1c0ff53f6d971f6c3546e2129406aea,6000,08f7473e44dcfe5fccc82b200654cf76d77b98d5d209a448549bc19a38d530e0,configs/dsivi_x_shaped.yaml,seed50_dsivi_x_shaped,/root/ruivi/results/default_config_grid/score_approximation_dsivi_shared_x_shaped_10k/reference_cache/x_shaped/seed_50/epoch_6000/forward_fd8f090df591d7d9.pt,0.9802101888020833,1.8399611771195086,0.09684006195365835,0.9781622265625001,[],pass,/root/ruivi/results/default_config_grid/score_approximation_dsivi_shared_x_shaped_10k/reference_cache/x_shaped/seed_50/epoch_6000/hmc_74299a371bb50399.pt,385.45681946724653,1.0081861137567338,DSIVI,78cd562789fbf5d1049224b840981cc80b4aeea3d1d14d8017ff321d54b3178e,1.2244283360598254,6.042007319128072,0.22700136493463927,0.0004952698945999146,0,0.6,50,results/default_config_grid/DSIVI/x_shaped/20260504_132716/checkpoints/epoch_6000,DSIVI,seed50_dsivi_x_shaped,x_shaped,
,,,978da4d11304dbd0e786e30043c9d8daec1351e2821a5bea07b3ac4d2b47c9ba,2026-07-28T11:24:56.384858+00:00,,4000,e3801bb08c706bfd0f2355c6dee8d7879585c9a3d8efccfbfbd846ee49d39d9b,configs/sivi_x_shaped.yaml,seed50_sivi_x_shaped,/root/ruivi/results/default_config_grid/score_approximation_dsivi_shared_x_shaped_10k/reference_cache/x_shaped/seed_50/epoch_4000/forward_d657c63da21484f6.pt,0.9805982828776042,1.9850195237029193,0.10447471177383787,0.9785823828125001,[],pass,/root/ruivi/results/default_config_grid/score_approximation_dsivi_shared_x_shaped_10k/reference_cache/x_shaped/seed_50/epoch_4000/hmc_ced970a2da330430.pt,394.0742059648037,1.006308367857474,SIVI,3cfd861c119cc0610ef10e865ba8f871f5fbfed9b870ba26c9392c69490eb66d,59.07566814452623,258.0643142632916,12.15077417180781,0.0026719197630882263,4097,0.4,50,results/default_config_grid/DSIVI/x_shaped/20260504_132716/checkpoints/epoch_4000,DSIVI,seed50_dsivi_x_shaped,x_shaped,
,,,978da4d11304dbd0e786e30043c9d8daec1351e2821a5bea07b3ac4d2b47c9ba,2026-07-28T11:25:02.212717+00:00,,4000,973e69afd0f4cbc2a94c78b5e48fd414d09ad7f00df70fff91fe761a05772a37,configs/uivi_x_shaped.yaml,seed50_uivi_x_shaped,/root/ruivi/results/default_config_grid/score_approximation_dsivi_shared_x_shaped_10k/reference_cache/x_shaped/seed_50/epoch_4000/forward_d657c63da21484f6.pt,0.9805982828776042,1.9850195237029193,0.10447471177383787,0.9785823828125001,[],pass,/root/ruivi/results/default_config_grid/score_approximation_dsivi_shared_x_shaped_10k/reference_cache/x_shaped/seed_50/epoch_4000/hmc_ced970a2da330430.pt,394.0742059648037,1.006308367857474,UIVI,7c1948c234da36e6988306ee686a61fee5cf9ca8609e385d7711dea7b5243353,985.8829422664583,3707.7834066460346,202.77791800865364,0.17156139016151428,5,0.4,50,results/default_config_grid/DSIVI/x_shaped/20260504_132716/checkpoints/epoch_4000,DSIVI,seed50_dsivi_x_shaped,x_shaped,0.01806640625
-0.26301428183913234,325.5653640329838,10000,978da4d11304dbd0e786e30043c9d8daec1351e2821a5bea07b3ac4d2b47c9ba,2026-07-28T11:19:27.980994+00:00,,4000,69ca07f2b8f77992c3629ad24059fe9d25c28eedf837d820f8f326db0ccf1240,configs/aisivi_x_shaped.yaml,seed50_aisivi_x_shaped,/root/ruivi/results/default_config_grid/score_approximation_dsivi_shared_x_shaped_10k/reference_cache/x_shaped/seed_50/epoch_4000/forward_d657c63da21484f6.pt,0.9805982828776042,1.9850195237029193,0.10447471177383787,0.9785823828125001,[],pass,/root/ruivi/results/default_config_grid/score_approximation_dsivi_shared_x_shaped_10k/reference_cache/x_shaped/seed_50/epoch_4000/hmc_ced970a2da330430.pt,394.0742059648037,1.006308367857474,AISIVI,9556d8ee994e90ec8297d70e7a0733b8285a31a429df3c3952b051df0128fb7a,5.74936747693407,22.319527175031585,1.1825387344253893,0.10240104794502258,1024,0.4,50,results/default_config_grid/DSIVI/x_shaped/20260504_132716/checkpoints/epoch_4000,DSIVI,seed50_dsivi_x_shaped,x_shaped,
,,,978da4d11304dbd0e786e30043c9d8daec1351e2821a5bea07b3ac4d2b47c9ba,2026-07-28T11:25:08.684687+00:00,ca44c7cdf3062a892148aa9324866d80284bede48756e61eaac600ff84a36479,4000,08f7473e44dcfe5fccc82b200654cf76d77b98d5d209a448549bc19a38d530e0,configs/dsivi_x_shaped.yaml,seed50_dsivi_x_shaped,/root/ruivi/results/default_config_grid/score_approximation_dsivi_shared_x_shaped_10k/reference_cache/x_shaped/seed_50/epoch_4000/forward_d657c63da21484f6.pt,0.9805982828776042,1.9850195237029193,0.10447471177383787,0.9785823828125001,[],pass,/root/ruivi/results/default_config_grid/score_approximation_dsivi_shared_x_shaped_10k/reference_cache/x_shaped/seed_50/epoch_4000/hmc_ced970a2da330430.pt,394.0742059648037,1.006308367857474,DSIVI,4d598912ec3bdc35b086f670b5077671fdd066800c5586b6771ad417d18c809a,1.315369735883379,10.198459251788913,0.27054726785397065,0.00044317543506622314,0,0.4,50,results/default_config_grid/DSIVI/x_shaped/20260504_132716/checkpoints/epoch_4000,DSIVI,seed50_dsivi_x_shaped,x_shaped,
,,,978da4d11304dbd0e786e30043c9d8daec1351e2821a5bea07b3ac4d2b47c9ba,2026-07-28T11:24:56.432344+00:00,,2000,e3801bb08c706bfd0f2355c6dee8d7879585c9a3d8efccfbfbd846ee49d39d9b,configs/sivi_x_shaped.yaml,seed50_sivi_x_shaped,/root/ruivi/results/default_config_grid/score_approximation_dsivi_shared_x_shaped_10k/reference_cache/x_shaped/seed_50/epoch_2000/forward_e0080deb44625e19.pt,0.9886368408203124,2.071802131411714,0.10904221744272179,0.9874919238281251,[],pass,/root/ruivi/results/default_config_grid/score_approximation_dsivi_shared_x_shaped_10k/reference_cache/x_shaped/seed_50/epoch_2000/hmc_a726ace4565d2f49.pt,356.10365652292967,1.0054918628486378,SIVI,509bd0e4b3151ffc3c3c3dc07a07e00c97d7b98deff77eaef02697448de025ef,38.56965356786016,362.8259578349698,16.74818899169779,0.002998627722263336,4097,0.2,50,results/default_config_grid/DSIVI/x_shaped/20260504_132716/checkpoints/epoch_2000,DSIVI,seed50_dsivi_x_shaped,x_shaped,
,,,978da4d11304dbd0e786e30043c9d8daec1351e2821a5bea07b3ac4d2b47c9ba,2026-07-28T11:25:02.479732+00:00,,2000,973e69afd0f4cbc2a94c78b5e48fd414d09ad7f00df70fff91fe761a05772a37,configs/uivi_x_shaped.yaml,seed50_uivi_x_shaped,/root/ruivi/results/default_config_grid/score_approximation_dsivi_shared_x_shaped_10k/reference_cache/x_shaped/seed_50/epoch_2000/forward_e0080deb44625e19.pt,0.9886368408203124,2.071802131411714,0.10904221744272179,0.9874919238281251,[],pass,/root/ruivi/results/default_config_grid/score_approximation_dsivi_shared_x_shaped_10k/reference_cache/x_shaped/seed_50/epoch_2000/hmc_a726ace4565d2f49.pt,356.10365652292967,1.0054918628486378,UIVI,f3a3c3ad33ce32d3a3d37b253287ec722c4de4c4aa462124d715f7001256ae72,310.23705885886,1239.1704795227688,134.71494849843234,0.13492001593112946,5,0.2,50,results/default_config_grid/DSIVI/x_shaped/20260504_132716/checkpoints/epoch_2000,DSIVI,seed50_dsivi_x_shaped,x_shaped,0.14052735269069672
-0.07290397395379841,322.8308720141649,10000,978da4d11304dbd0e786e30043c9d8daec1351e2821a5bea07b3ac4d2b47c9ba,2026-07-28T11:24:51.115022+00:00,,2000,69ca07f2b8f77992c3629ad24059fe9d25c28eedf837d820f8f326db0ccf1240,configs/aisivi_x_shaped.yaml,seed50_aisivi_x_shaped,/root/ruivi/results/default_config_grid/score_approximation_dsivi_shared_x_shaped_10k/reference_cache/x_shaped/seed_50/epoch_2000/forward_e0080deb44625e19.pt,0.9886368408203124,2.071802131411714,0.10904221744272179,0.9874919238281251,[],pass,/root/ruivi/results/default_config_grid/score_approximation_dsivi_shared_x_shaped_10k/reference_cache/x_shaped/seed_50/epoch_2000/hmc_a726ace4565d2f49.pt,356.10365652292967,1.0054918628486378,AISIVI,2451d477646fa639e9ed94d4524cb51294596f2d84c6c2d926ac2de339dd3733,9.883312761986785,143.68900711178054,4.291653533018674,0.09966560453176498,1024,0.2,50,results/default_config_grid/DSIVI/x_shaped/20260504_132716/checkpoints/epoch_2000,DSIVI,seed50_dsivi_x_shaped,x_shaped,
,,,978da4d11304dbd0e786e30043c9d8daec1351e2821a5bea07b3ac4d2b47c9ba,2026-07-28T11:25:08.743972+00:00,fc31cba93d6c89f835fe9f9b318ada6a863d06b7f12d5256a4c6ca33b7653fa8,2000,08f7473e44dcfe5fccc82b200654cf76d77b98d5d209a448549bc19a38d530e0,configs/dsivi_x_shaped.yaml,seed50_dsivi_x_shaped,/root/ruivi/results/default_config_grid/score_approximation_dsivi_shared_x_shaped_10k/reference_cache/x_shaped/seed_50/epoch_2000/forward_e0080deb44625e19.pt,0.9886368408203124,2.071802131411714,0.10904221744272179,0.9874919238281251,[],pass,/root/ruivi/results/default_config_grid/score_approximation_dsivi_shared_x_shaped_10k/reference_cache/x_shaped/seed_50/epoch_2000/hmc_a726ace4565d2f49.pt,356.10365652292967,1.0054918628486378,DSIVI,39bb7b8f7ebbdec5c9364555bead154afeb34c765671fa462dcafa99c5be2b0b,0.396244325048247,1.6987625566511775,0.1720620806489644,0.0004776865243911743,0,0.2,50,results/default_config_grid/DSIVI/x_shaped/20260504_132716/checkpoints/epoch_2000,DSIVI,seed50_dsivi_x_shaped,x_shaped,
