target,run_dir,epoch,optimizer_updates,nll,rmse
Bnn_boston,Bnn_boston/2026-04-08_16-57-04,10,1000,2.553,2.908
Bnn_boston,Bnn_boston/2026-04-08_16-57-04,20,2000,2.505,2.7146
Bnn_boston,Bnn_boston/2026-04-08_16-57-04,30,3000,2.5092,2.6471
Bnn_boston,Bnn_boston/2026-04-08_16-57-04,40,4000,2.4961,2.6263
Bnn_boston,Bnn_boston/2026-04-08_16-57-04,50,5000,2.5105,2.6721
Bnn_boston,Bnn_boston/2026-04-08_16-57-04,60,6000,2.4996,2.6417
Bnn_boston,Bnn_boston/2026-04-08_16-57-04,70,7000,2.4854,2.5138
Bnn_boston,Bnn_boston/2026-04-08_16-57-04,80,8000,2.4827,2.5317
Bnn_boston,Bnn_boston/2026-04-08_16-57-04,90,9000,2.4789,2.5274
Bnn_boston,Bnn_boston/2026-04-08_16-57-04,100,10000,2.4907,2.56
Bnn_boston,Bnn_boston/2026-04-08_16-57-04,110,11000,2.4916,2.5593
Bnn_boston,Bnn_boston/2026-04-08_16-57-04,120,12000,2.4905,2.5805
Bnn_boston,Bnn_boston/2026-04-08_16-57-04,130,13000,2.4883,2.5894
Bnn_boston,Bnn_boston/2026-04-08_16-57-04,140,14000,2.4931,2.6075
Bnn_boston,Bnn_boston/2026-04-08_16-57-04,150,15000,2.4749,2.5433
Bnn_boston,Bnn_boston/2026-04-08_16-57-04,160,16000,2.4887,2.6142
Bnn_boston,Bnn_boston/2026-04-08_16-57-04,170,17000,2.481,2.571
Bnn_boston,Bnn_boston/2026-04-08_16-57-04,180,18000,2.4836,2.5839
Bnn_boston,Bnn_boston/2026-04-08_16-57-04,190,19000,2.4892,2.6132
Bnn_boston,Bnn_boston/2026-04-08_16-57-04,200,20000,2.4856,2.5964
Bnn_boston,Bnn_boston/2026-04-08_16-57-04,210,21000,2.4802,2.576
Bnn_boston,Bnn_boston/2026-04-08_16-57-04,220,22000,2.488,2.6179
Bnn_boston,Bnn_boston/2026-04-08_16-57-04,230,23000,2.4825,2.589
Bnn_boston,Bnn_boston/2026-04-08_16-57-04,240,24000,2.4796,2.5629
Bnn_boston,Bnn_boston/2026-04-08_16-57-04,250,25000,2.4737,2.5448
Bnn_boston,Bnn_boston/2026-04-08_16-57-04,260,26000,2.4745,2.542
Bnn_boston,Bnn_boston/2026-04-08_16-57-04,270,27000,2.4688,2.5283
Bnn_boston,Bnn_boston/2026-04-08_16-57-04,280,28000,2.4804,2.578
Bnn_boston,Bnn_boston/2026-04-08_16-57-04,290,29000,2.4878,2.6351
Bnn_boston,Bnn_boston/2026-04-08_16-57-04,300,30000,2.4802,2.5836
Bnn_boston,Bnn_boston/2026-04-08_16-57-04,310,31000,2.4835,2.5538
Bnn_boston,Bnn_boston/2026-04-08_16-57-04,320,32000,2.4743,2.5417
Bnn_boston,Bnn_boston/2026-04-08_16-57-04,330,33000,2.488,2.5988
Bnn_boston,Bnn_boston/2026-04-08_16-57-04,340,34000,2.4841,2.5943
Bnn_boston,Bnn_boston/2026-04-08_16-57-04,350,35000,2.4785,2.5615
Bnn_boston,Bnn_boston/2026-04-08_16-57-04,360,36000,2.4669,2.5104
Bnn_boston,Bnn_boston/2026-04-08_16-57-04,370,37000,2.4862,2.6054
Bnn_boston,Bnn_boston/2026-04-08_16-57-04,380,38000,2.4828,2.592
Bnn_boston,Bnn_boston/2026-04-08_16-57-04,390,39000,2.4919,2.6283
Bnn_boston,Bnn_boston/2026-04-08_16-57-04,400,40000,2.4815,2.5887
Bnn_boston,Bnn_boston/2026-04-08_16-57-04,410,41000,2.488,2.6153
Bnn_boston,Bnn_boston/2026-04-08_16-57-04,420,42000,2.4804,2.5912
Bnn_boston,Bnn_boston/2026-04-08_16-57-04,430,43000,2.4751,2.5576
Bnn_boston,Bnn_boston/2026-04-08_16-57-04,440,44000,2.4817,2.6017
Bnn_boston,Bnn_boston/2026-04-08_16-57-04,450,45000,2.4853,2.6074
Bnn_boston,Bnn_boston/2026-04-08_16-57-04,460,46000,2.4768,2.5497
Bnn_boston,Bnn_boston/2026-04-08_16-57-04,470,47000,2.4802,2.6006
Bnn_boston,Bnn_boston/2026-04-08_16-57-04,480,48000,2.4862,2.6301
Bnn_boston,Bnn_boston/2026-04-08_16-57-04,490,49000,2.4901,2.628
Bnn_boston,Bnn_boston/2026-04-08_16-57-04,500,50000,2.4854,2.6112
Bnn_boston,Bnn_boston/2026-04-08_16-57-04,510,51000,2.4805,2.5777
Bnn_boston,Bnn_boston/2026-04-08_16-57-04,520,52000,2.4809,2.5758
Bnn_boston,Bnn_boston/2026-04-08_16-57-04,530,53000,2.4785,2.5877
Bnn_boston,Bnn_boston/2026-04-08_16-57-04,540,54000,2.4804,2.606
Bnn_boston,Bnn_boston/2026-04-08_16-57-04,550,55000,2.4766,2.5731
Bnn_boston,Bnn_boston/2026-04-08_16-57-04,560,56000,2.485,2.6098
Bnn_boston,Bnn_boston/2026-04-08_16-57-04,570,57000,2.4833,2.6029
Bnn_boston,Bnn_boston/2026-04-08_16-57-04,580,58000,2.4821,2.5977
Bnn_boston,Bnn_boston/2026-04-08_16-57-04,590,59000,2.4816,2.5974
Bnn_boston,Bnn_boston/2026-04-08_16-57-04,600,60000,2.4845,2.604
Bnn_boston,Bnn_boston/2026-04-08_16-57-04,610,61000,2.479,2.5923
Bnn_boston,Bnn_boston/2026-04-08_16-57-04,620,62000,2.4834,2.6109
Bnn_boston,Bnn_boston/2026-04-08_16-57-04,630,63000,2.4864,2.6058
Bnn_boston,Bnn_boston/2026-04-08_16-57-04,640,64000,2.4788,2.5763
Bnn_boston,Bnn_boston/2026-04-08_16-57-04,650,65000,2.4856,2.6096
Bnn_boston,Bnn_boston/2026-04-08_16-57-04,660,66000,2.4843,2.6018
Bnn_boston,Bnn_boston/2026-04-08_16-57-04,670,67000,2.481,2.6026
Bnn_boston,Bnn_boston/2026-04-08_16-57-04,680,68000,2.4847,2.6114
Bnn_boston,Bnn_boston/2026-04-08_16-57-04,690,69000,2.4726,2.5462
Bnn_boston,Bnn_boston/2026-04-08_16-57-04,700,70000,2.4851,2.6051
Bnn_boston,Bnn_boston/2026-04-08_16-57-04,710,71000,2.4875,2.6044
Bnn_boston,Bnn_boston/2026-04-08_16-57-04,720,72000,2.485,2.6255
Bnn_boston,Bnn_boston/2026-04-08_16-57-04,730,73000,2.484,2.6161
Bnn_boston,Bnn_boston/2026-04-08_16-57-04,740,74000,2.4863,2.6337
Bnn_boston,Bnn_boston/2026-04-08_16-57-04,750,75000,2.4863,2.6083
Bnn_boston,Bnn_boston/2026-04-08_16-57-04,760,76000,2.486,2.6234
Bnn_boston,Bnn_boston/2026-04-08_16-57-04,770,77000,2.4779,2.5796
Bnn_boston,Bnn_boston/2026-04-08_16-57-04,780,78000,2.4828,2.6042
Bnn_boston,Bnn_boston/2026-04-08_16-57-04,790,79000,2.4813,2.6031
Bnn_boston,Bnn_boston/2026-04-08_16-57-04,800,80000,2.4807,2.6075
Bnn_boston,Bnn_boston/2026-04-08_16-57-04,810,81000,2.4803,2.5862
Bnn_boston,Bnn_boston/2026-04-08_16-57-04,820,82000,2.4832,2.6016
Bnn_boston,Bnn_boston/2026-04-08_16-57-04,830,83000,2.4763,2.5722
Bnn_boston,Bnn_boston/2026-04-08_16-57-04,840,84000,2.492,2.6441
Bnn_boston,Bnn_boston/2026-04-08_16-57-04,850,85000,2.4899,2.6376
Bnn_boston,Bnn_boston/2026-04-08_16-57-04,860,86000,2.4821,2.6108
Bnn_boston,Bnn_boston/2026-04-08_16-57-04,870,87000,2.4858,2.6177
Bnn_boston,Bnn_boston/2026-04-08_16-57-04,880,88000,2.4872,2.6108
Bnn_boston,Bnn_boston/2026-04-08_16-57-04,890,89000,2.4871,2.6289
Bnn_boston,Bnn_boston/2026-04-08_16-57-04,900,90000,2.476,2.5756
Bnn_boston,Bnn_boston/2026-04-08_16-57-04,910,91000,2.4819,2.5964
Bnn_boston,Bnn_boston/2026-04-08_16-57-04,920,92000,2.4858,2.6013
Bnn_boston,Bnn_boston/2026-04-08_16-57-04,930,93000,2.4835,2.6036
Bnn_boston,Bnn_boston/2026-04-08_16-57-04,940,94000,2.4752,2.5561
Bnn_boston,Bnn_boston/2026-04-08_16-57-04,950,95000,2.488,2.6256
Bnn_boston,Bnn_boston/2026-04-08_16-57-04,960,96000,2.4889,2.6335
Bnn_boston,Bnn_boston/2026-04-08_16-57-04,970,97000,2.4771,2.5736
Bnn_boston,Bnn_boston/2026-04-08_16-57-04,980,98000,2.4827,2.6013
Bnn_boston,Bnn_boston/2026-04-08_16-57-04,990,99000,2.492,2.6468
Bnn_boston,Bnn_boston/2026-04-08_16-57-04,1000,100000,2.484,2.5965
Bnn_boston,Bnn_boston/2026-04-08_16-57-04,10,1000,2.553,2.908
Bnn_boston,Bnn_boston/2026-04-08_16-57-04,20,2000,2.505,2.7146
Bnn_boston,Bnn_boston/2026-04-08_16-57-04,30,3000,2.5092,2.6471
Bnn_boston,Bnn_boston/2026-04-08_16-57-04,40,4000,2.4961,2.6263
Bnn_boston,Bnn_boston/2026-04-08_16-57-04,50,5000,2.5105,2.6721
Bnn_boston,Bnn_boston/2026-04-08_16-57-04,60,6000,2.4996,2.6417
Bnn_boston,Bnn_boston/2026-04-08_16-57-04,70,7000,2.4854,2.5138
Bnn_boston,Bnn_boston/2026-04-08_16-57-04,80,8000,2.4827,2.5317
Bnn_boston,Bnn_boston/2026-04-08_16-57-04,90,9000,2.4789,2.5274
Bnn_boston,Bnn_boston/2026-04-08_16-57-04,100,10000,2.4907,2.56
Bnn_boston,Bnn_boston/2026-04-08_16-57-04,110,11000,2.4916,2.5593
Bnn_boston,Bnn_boston/2026-04-08_16-57-04,120,12000,2.4905,2.5805
Bnn_boston,Bnn_boston/2026-04-08_16-57-04,130,13000,2.4883,2.5894
Bnn_boston,Bnn_boston/2026-04-08_16-57-04,140,14000,2.4931,2.6075
Bnn_boston,Bnn_boston/2026-04-08_16-57-04,150,15000,2.4749,2.5433
Bnn_boston,Bnn_boston/2026-04-08_16-57-04,160,16000,2.4887,2.6142
Bnn_boston,Bnn_boston/2026-04-08_16-57-04,170,17000,2.481,2.571
Bnn_boston,Bnn_boston/2026-04-08_16-57-04,180,18000,2.4836,2.5839
Bnn_boston,Bnn_boston/2026-04-08_16-57-04,190,19000,2.4892,2.6132
Bnn_boston,Bnn_boston/2026-04-08_16-57-04,200,20000,2.4856,2.5964
Bnn_boston,Bnn_boston/2026-04-08_16-57-04,210,21000,2.4802,2.576
Bnn_boston,Bnn_boston/2026-04-08_16-57-04,220,22000,2.488,2.6179
Bnn_boston,Bnn_boston/2026-04-08_16-57-04,230,23000,2.4825,2.589
Bnn_boston,Bnn_boston/2026-04-08_16-57-04,240,24000,2.4796,2.5629
Bnn_boston,Bnn_boston/2026-04-08_16-57-04,250,25000,2.4737,2.5448
Bnn_boston,Bnn_boston/2026-04-08_16-57-04,260,26000,2.4745,2.542
Bnn_boston,Bnn_boston/2026-04-08_16-57-04,270,27000,2.4688,2.5283
Bnn_boston,Bnn_boston/2026-04-08_16-57-04,280,28000,2.4804,2.578
Bnn_boston,Bnn_boston/2026-04-08_16-57-04,290,29000,2.4878,2.6351
Bnn_boston,Bnn_boston/2026-04-08_16-57-04,300,30000,2.4802,2.5836
Bnn_boston,Bnn_boston/2026-04-08_16-57-04,310,31000,2.4835,2.5538
Bnn_boston,Bnn_boston/2026-04-08_16-57-04,320,32000,2.4743,2.5417
Bnn_boston,Bnn_boston/2026-04-08_16-57-04,330,33000,2.488,2.5988
Bnn_boston,Bnn_boston/2026-04-08_16-57-04,340,34000,2.4841,2.5943
Bnn_boston,Bnn_boston/2026-04-08_16-57-04,350,35000,2.4785,2.5615
Bnn_boston,Bnn_boston/2026-04-08_16-57-04,360,36000,2.4669,2.5104
Bnn_boston,Bnn_boston/2026-04-08_16-57-04,370,37000,2.4862,2.6054
Bnn_boston,Bnn_boston/2026-04-08_16-57-04,380,38000,2.4828,2.592
Bnn_boston,Bnn_boston/2026-04-08_16-57-04,390,39000,2.4919,2.6283
Bnn_boston,Bnn_boston/2026-04-08_16-57-04,400,40000,2.4815,2.5887
Bnn_boston,Bnn_boston/2026-04-08_16-57-04,410,41000,2.488,2.6153
Bnn_boston,Bnn_boston/2026-04-08_16-57-04,420,42000,2.4804,2.5912
Bnn_boston,Bnn_boston/2026-04-08_16-57-04,430,43000,2.4751,2.5576
Bnn_boston,Bnn_boston/2026-04-08_16-57-04,440,44000,2.4817,2.6017
Bnn_boston,Bnn_boston/2026-04-08_16-57-04,450,45000,2.4853,2.6074
Bnn_boston,Bnn_boston/2026-04-08_16-57-04,460,46000,2.4768,2.5497
Bnn_boston,Bnn_boston/2026-04-08_16-57-04,470,47000,2.4802,2.6006
Bnn_boston,Bnn_boston/2026-04-08_16-57-04,480,48000,2.4862,2.6301
Bnn_boston,Bnn_boston/2026-04-08_16-57-04,490,49000,2.4901,2.628
Bnn_boston,Bnn_boston/2026-04-08_16-57-04,500,50000,2.4854,2.6112
Bnn_boston,Bnn_boston/2026-04-08_16-57-04,510,51000,2.4805,2.5777
Bnn_boston,Bnn_boston/2026-04-08_16-57-04,520,52000,2.4809,2.5758
Bnn_boston,Bnn_boston/2026-04-08_16-57-04,530,53000,2.4785,2.5877
Bnn_boston,Bnn_boston/2026-04-08_16-57-04,540,54000,2.4804,2.606
Bnn_boston,Bnn_boston/2026-04-08_16-57-04,550,55000,2.4766,2.5731
Bnn_boston,Bnn_boston/2026-04-08_16-57-04,560,56000,2.485,2.6098
Bnn_boston,Bnn_boston/2026-04-08_16-57-04,570,57000,2.4833,2.6029
Bnn_boston,Bnn_boston/2026-04-08_16-57-04,580,58000,2.4821,2.5977
Bnn_boston,Bnn_boston/2026-04-08_16-57-04,590,59000,2.4816,2.5974
Bnn_boston,Bnn_boston/2026-04-08_16-57-04,600,60000,2.4845,2.604
Bnn_boston,Bnn_boston/2026-04-08_16-57-04,610,61000,2.479,2.5923
Bnn_boston,Bnn_boston/2026-04-08_16-57-04,620,62000,2.4834,2.6109
Bnn_boston,Bnn_boston/2026-04-08_16-57-04,630,63000,2.4864,2.6058
Bnn_boston,Bnn_boston/2026-04-08_16-57-04,640,64000,2.4788,2.5763
Bnn_boston,Bnn_boston/2026-04-08_16-57-04,650,65000,2.4856,2.6096
Bnn_boston,Bnn_boston/2026-04-08_16-57-04,660,66000,2.4843,2.6018
Bnn_boston,Bnn_boston/2026-04-08_16-57-04,670,67000,2.481,2.6026
Bnn_boston,Bnn_boston/2026-04-08_16-57-04,680,68000,2.4847,2.6114
Bnn_boston,Bnn_boston/2026-04-08_16-57-04,690,69000,2.4726,2.5462
Bnn_boston,Bnn_boston/2026-04-08_16-57-04,700,70000,2.4851,2.6051
Bnn_boston,Bnn_boston/2026-04-08_16-57-04,710,71000,2.4875,2.6044
Bnn_boston,Bnn_boston/2026-04-08_16-57-04,720,72000,2.485,2.6255
Bnn_boston,Bnn_boston/2026-04-08_16-57-04,730,73000,2.484,2.6161
Bnn_boston,Bnn_boston/2026-04-08_16-57-04,740,74000,2.4863,2.6337
Bnn_boston,Bnn_boston/2026-04-08_16-57-04,750,75000,2.4863,2.6083
Bnn_boston,Bnn_boston/2026-04-08_16-57-04,760,76000,2.486,2.6234
Bnn_boston,Bnn_boston/2026-04-08_16-57-04,770,77000,2.4779,2.5796
Bnn_boston,Bnn_boston/2026-04-08_16-57-04,780,78000,2.4828,2.6042
Bnn_boston,Bnn_boston/2026-04-08_16-57-04,790,79000,2.4813,2.6031
Bnn_boston,Bnn_boston/2026-04-08_16-57-04,800,80000,2.4807,2.6075
Bnn_boston,Bnn_boston/2026-04-08_16-57-04,810,81000,2.4803,2.5862
Bnn_boston,Bnn_boston/2026-04-08_16-57-04,820,82000,2.4832,2.6016
Bnn_boston,Bnn_boston/2026-04-08_16-57-04,830,83000,2.4763,2.5722
Bnn_boston,Bnn_boston/2026-04-08_16-57-04,840,84000,2.492,2.6441
Bnn_boston,Bnn_boston/2026-04-08_16-57-04,850,85000,2.4899,2.6376
Bnn_boston,Bnn_boston/2026-04-08_16-57-04,860,86000,2.4821,2.6108
Bnn_boston,Bnn_boston/2026-04-08_16-57-04,870,87000,2.4858,2.6177
Bnn_boston,Bnn_boston/2026-04-08_16-57-04,880,88000,2.4872,2.6108
Bnn_boston,Bnn_boston/2026-04-08_16-57-04,890,89000,2.4871,2.6289
Bnn_boston,Bnn_boston/2026-04-08_16-57-04,900,90000,2.476,2.5756
Bnn_boston,Bnn_boston/2026-04-08_16-57-04,910,91000,2.4819,2.5964
Bnn_boston,Bnn_boston/2026-04-08_16-57-04,920,92000,2.4858,2.6013
Bnn_boston,Bnn_boston/2026-04-08_16-57-04,930,93000,2.4835,2.6036
Bnn_boston,Bnn_boston/2026-04-08_16-57-04,940,94000,2.4752,2.5561
Bnn_boston,Bnn_boston/2026-04-08_16-57-04,950,95000,2.488,2.6256
Bnn_boston,Bnn_boston/2026-04-08_16-57-04,960,96000,2.4889,2.6335
Bnn_boston,Bnn_boston/2026-04-08_16-57-04,970,97000,2.4771,2.5736
Bnn_boston,Bnn_boston/2026-04-08_16-57-04,980,98000,2.4827,2.6013
Bnn_boston,Bnn_boston/2026-04-08_16-57-04,990,99000,2.492,2.6468
Bnn_boston,Bnn_boston/2026-04-08_16-57-04,1000,100000,2.484,2.5965
Bnn_concrete,Bnn_concrete/2026-04-08_17-12-45,10,1000,3.2679,6.0752
Bnn_concrete,Bnn_concrete/2026-04-08_17-12-45,20,2000,3.258,6.0818
Bnn_concrete,Bnn_concrete/2026-04-08_17-12-45,30,3000,3.2877,6.4664
Bnn_concrete,Bnn_concrete/2026-04-08_17-12-45,40,4000,3.3524,6.8525
Bnn_concrete,Bnn_concrete/2026-04-08_17-12-45,50,5000,3.3282,6.7152
Bnn_concrete,Bnn_concrete/2026-04-08_17-12-45,60,6000,3.3417,6.8011
Bnn_concrete,Bnn_concrete/2026-04-08_17-12-45,70,7000,3.3678,6.8855
Bnn_concrete,Bnn_concrete/2026-04-08_17-12-45,80,8000,3.3513,6.8736
Bnn_concrete,Bnn_concrete/2026-04-08_17-12-45,90,9000,3.3432,6.8288
Bnn_concrete,Bnn_concrete/2026-04-08_17-12-45,100,10000,3.3199,6.7032
Bnn_concrete,Bnn_concrete/2026-04-08_17-12-45,110,11000,3.3222,6.6537
Bnn_concrete,Bnn_concrete/2026-04-08_17-12-45,120,12000,3.316,6.6252
Bnn_concrete,Bnn_concrete/2026-04-08_17-12-45,130,13000,3.3063,6.6472
Bnn_concrete,Bnn_concrete/2026-04-08_17-12-45,140,14000,3.3336,6.8031
Bnn_concrete,Bnn_concrete/2026-04-08_17-12-45,150,15000,3.3343,6.7575
Bnn_concrete,Bnn_concrete/2026-04-08_17-12-45,160,16000,3.2867,6.4862
Bnn_concrete,Bnn_concrete/2026-04-08_17-12-45,170,17000,3.3018,6.6231
Bnn_concrete,Bnn_concrete/2026-04-08_17-12-45,180,18000,3.3032,6.6083
Bnn_concrete,Bnn_concrete/2026-04-08_17-12-45,190,19000,3.3091,6.6158
Bnn_concrete,Bnn_concrete/2026-04-08_17-12-45,200,20000,3.2991,6.5204
Bnn_concrete,Bnn_concrete/2026-04-08_17-12-45,210,21000,3.3179,6.7065
Bnn_concrete,Bnn_concrete/2026-04-08_17-12-45,220,22000,3.309,6.6021
Bnn_concrete,Bnn_concrete/2026-04-08_17-12-45,230,23000,3.2868,6.5658
Bnn_concrete,Bnn_concrete/2026-04-08_17-12-45,240,24000,3.3062,6.5805
Bnn_concrete,Bnn_concrete/2026-04-08_17-12-45,250,25000,3.3058,6.5452
Bnn_concrete,Bnn_concrete/2026-04-08_17-12-45,260,26000,3.3095,6.6674
Bnn_concrete,Bnn_concrete/2026-04-08_17-12-45,270,27000,3.2907,6.5683
Bnn_concrete,Bnn_concrete/2026-04-08_17-12-45,280,28000,3.2928,6.4708
Bnn_concrete,Bnn_concrete/2026-04-08_17-12-45,290,29000,3.3075,6.6335
Bnn_concrete,Bnn_concrete/2026-04-08_17-12-45,300,30000,3.3062,6.6372
Bnn_concrete,Bnn_concrete/2026-04-08_17-12-45,310,31000,3.309,6.661
Bnn_concrete,Bnn_concrete/2026-04-08_17-12-45,320,32000,3.2851,6.5195
Bnn_concrete,Bnn_concrete/2026-04-08_17-12-45,330,33000,3.2921,6.5582
Bnn_concrete,Bnn_concrete/2026-04-08_17-12-45,340,34000,3.2883,6.4702
Bnn_concrete,Bnn_concrete/2026-04-08_17-12-45,350,35000,3.2878,6.5383
Bnn_concrete,Bnn_concrete/2026-04-08_17-12-45,360,36000,3.2952,6.5579
Bnn_concrete,Bnn_concrete/2026-04-08_17-12-45,370,37000,3.2862,6.5471
Bnn_concrete,Bnn_concrete/2026-04-08_17-12-45,380,38000,3.3033,6.6116
Bnn_concrete,Bnn_concrete/2026-04-08_17-12-45,390,39000,3.2869,6.4816
Bnn_concrete,Bnn_concrete/2026-04-08_17-12-45,400,40000,3.2904,6.5499
Bnn_concrete,Bnn_concrete/2026-04-08_17-12-45,410,41000,3.297,6.5688
Bnn_concrete,Bnn_concrete/2026-04-08_17-12-45,420,42000,3.2993,6.5681
Bnn_concrete,Bnn_concrete/2026-04-08_17-12-45,430,43000,3.3043,6.5748
Bnn_concrete,Bnn_concrete/2026-04-08_17-12-45,440,44000,3.2926,6.531
Bnn_concrete,Bnn_concrete/2026-04-08_17-12-45,450,45000,3.3065,6.5776
Bnn_concrete,Bnn_concrete/2026-04-08_17-12-45,460,46000,3.2851,6.4941
Bnn_concrete,Bnn_concrete/2026-04-08_17-12-45,470,47000,3.2861,6.5123
Bnn_concrete,Bnn_concrete/2026-04-08_17-12-45,480,48000,3.2853,6.4789
Bnn_concrete,Bnn_concrete/2026-04-08_17-12-45,490,49000,3.2859,6.5144
Bnn_concrete,Bnn_concrete/2026-04-08_17-12-45,500,50000,3.288,6.4842
Bnn_concrete,Bnn_concrete/2026-04-08_17-12-45,510,51000,3.2677,6.3904
Bnn_concrete,Bnn_concrete/2026-04-08_17-12-45,520,52000,3.2763,6.4372
Bnn_concrete,Bnn_concrete/2026-04-08_17-12-45,530,53000,3.2871,6.5051
Bnn_concrete,Bnn_concrete/2026-04-08_17-12-45,540,54000,3.3005,6.5746
Bnn_concrete,Bnn_concrete/2026-04-08_17-12-45,550,55000,3.2934,6.5599
Bnn_concrete,Bnn_concrete/2026-04-08_17-12-45,560,56000,3.2756,6.3906
Bnn_concrete,Bnn_concrete/2026-04-08_17-12-45,570,57000,3.2874,6.4988
Bnn_concrete,Bnn_concrete/2026-04-08_17-12-45,580,58000,3.2761,6.4649
Bnn_concrete,Bnn_concrete/2026-04-08_17-12-45,590,59000,3.2711,6.3472
Bnn_concrete,Bnn_concrete/2026-04-08_17-12-45,600,60000,3.2839,6.4836
Bnn_concrete,Bnn_concrete/2026-04-08_17-12-45,610,61000,3.2815,6.4617
Bnn_concrete,Bnn_concrete/2026-04-08_17-12-45,620,62000,3.2761,6.4445
Bnn_concrete,Bnn_concrete/2026-04-08_17-12-45,630,63000,3.267,6.3597
Bnn_concrete,Bnn_concrete/2026-04-08_17-12-45,640,64000,3.2804,6.4901
Bnn_concrete,Bnn_concrete/2026-04-08_17-12-45,650,65000,3.2809,6.4691
Bnn_concrete,Bnn_concrete/2026-04-08_17-12-45,660,66000,3.2775,6.4433
Bnn_concrete,Bnn_concrete/2026-04-08_17-12-45,670,67000,3.2982,6.5795
Bnn_concrete,Bnn_concrete/2026-04-08_17-12-45,680,68000,3.2817,6.4538
Bnn_concrete,Bnn_concrete/2026-04-08_17-12-45,690,69000,3.2792,6.4902
Bnn_concrete,Bnn_concrete/2026-04-08_17-12-45,700,70000,3.2827,6.4847
Bnn_concrete,Bnn_concrete/2026-04-08_17-12-45,710,71000,3.2754,6.3975
Bnn_concrete,Bnn_concrete/2026-04-08_17-12-45,720,72000,3.2895,6.4973
Bnn_concrete,Bnn_concrete/2026-04-08_17-12-45,730,73000,3.2819,6.4442
Bnn_concrete,Bnn_concrete/2026-04-08_17-12-45,740,74000,3.2757,6.4306
Bnn_concrete,Bnn_concrete/2026-04-08_17-12-45,750,75000,3.2851,6.4811
Bnn_concrete,Bnn_concrete/2026-04-08_17-12-45,760,76000,3.28,6.4781
Bnn_concrete,Bnn_concrete/2026-04-08_17-12-45,770,77000,3.2702,6.3896
Bnn_concrete,Bnn_concrete/2026-04-08_17-12-45,780,78000,3.2631,6.3773
Bnn_concrete,Bnn_concrete/2026-04-08_17-12-45,790,79000,3.2799,6.4508
Bnn_concrete,Bnn_concrete/2026-04-08_17-12-45,800,80000,3.2663,6.4068
Bnn_concrete,Bnn_concrete/2026-04-08_17-12-45,810,81000,3.2745,6.4713
Bnn_concrete,Bnn_concrete/2026-04-08_17-12-45,820,82000,3.2765,6.4345
Bnn_concrete,Bnn_concrete/2026-04-08_17-12-45,830,83000,3.2775,6.409
Bnn_concrete,Bnn_concrete/2026-04-08_17-12-45,840,84000,3.28,6.4837
Bnn_concrete,Bnn_concrete/2026-04-08_17-12-45,850,85000,3.2679,6.3912
Bnn_concrete,Bnn_concrete/2026-04-08_17-12-45,860,86000,3.2843,6.4838
Bnn_concrete,Bnn_concrete/2026-04-08_17-12-45,870,87000,3.2643,6.307
Bnn_concrete,Bnn_concrete/2026-04-08_17-12-45,880,88000,3.2794,6.4834
Bnn_concrete,Bnn_concrete/2026-04-08_17-12-45,890,89000,3.2801,6.4557
Bnn_concrete,Bnn_concrete/2026-04-08_17-12-45,900,90000,3.278,6.4468
Bnn_concrete,Bnn_concrete/2026-04-08_17-12-45,910,91000,3.2702,6.4255
Bnn_concrete,Bnn_concrete/2026-04-08_17-12-45,920,92000,3.2777,6.4399
Bnn_concrete,Bnn_concrete/2026-04-08_17-12-45,930,93000,3.2746,6.3646
Bnn_concrete,Bnn_concrete/2026-04-08_17-12-45,940,94000,3.2706,6.3861
Bnn_concrete,Bnn_concrete/2026-04-08_17-12-45,950,95000,3.2658,6.3843
Bnn_concrete,Bnn_concrete/2026-04-08_17-12-45,960,96000,3.2786,6.4455
Bnn_concrete,Bnn_concrete/2026-04-08_17-12-45,970,97000,3.2698,6.3931
Bnn_concrete,Bnn_concrete/2026-04-08_17-12-45,980,98000,3.2761,6.4403
Bnn_concrete,Bnn_concrete/2026-04-08_17-12-45,990,99000,3.2972,6.5214
Bnn_concrete,Bnn_concrete/2026-04-08_17-12-45,1000,100000,3.2617,6.3709
Bnn_concrete,Bnn_concrete/2026-04-08_17-12-45,10,1000,3.2679,6.0752
Bnn_concrete,Bnn_concrete/2026-04-08_17-12-45,20,2000,3.258,6.0818
Bnn_concrete,Bnn_concrete/2026-04-08_17-12-45,30,3000,3.2877,6.4664
Bnn_concrete,Bnn_concrete/2026-04-08_17-12-45,40,4000,3.3524,6.8525
Bnn_concrete,Bnn_concrete/2026-04-08_17-12-45,50,5000,3.3282,6.7152
Bnn_concrete,Bnn_concrete/2026-04-08_17-12-45,60,6000,3.3417,6.8011
Bnn_concrete,Bnn_concrete/2026-04-08_17-12-45,70,7000,3.3678,6.8855
Bnn_concrete,Bnn_concrete/2026-04-08_17-12-45,80,8000,3.3513,6.8736
Bnn_concrete,Bnn_concrete/2026-04-08_17-12-45,90,9000,3.3432,6.8288
Bnn_concrete,Bnn_concrete/2026-04-08_17-12-45,100,10000,3.3199,6.7032
Bnn_concrete,Bnn_concrete/2026-04-08_17-12-45,110,11000,3.3222,6.6537
Bnn_concrete,Bnn_concrete/2026-04-08_17-12-45,120,12000,3.316,6.6252
Bnn_concrete,Bnn_concrete/2026-04-08_17-12-45,130,13000,3.3063,6.6472
Bnn_concrete,Bnn_concrete/2026-04-08_17-12-45,140,14000,3.3336,6.8031
Bnn_concrete,Bnn_concrete/2026-04-08_17-12-45,150,15000,3.3343,6.7575
Bnn_concrete,Bnn_concrete/2026-04-08_17-12-45,160,16000,3.2867,6.4862
Bnn_concrete,Bnn_concrete/2026-04-08_17-12-45,170,17000,3.3018,6.6231
Bnn_concrete,Bnn_concrete/2026-04-08_17-12-45,180,18000,3.3032,6.6083
Bnn_concrete,Bnn_concrete/2026-04-08_17-12-45,190,19000,3.3091,6.6158
Bnn_concrete,Bnn_concrete/2026-04-08_17-12-45,200,20000,3.2991,6.5204
Bnn_concrete,Bnn_concrete/2026-04-08_17-12-45,210,21000,3.3179,6.7065
Bnn_concrete,Bnn_concrete/2026-04-08_17-12-45,220,22000,3.309,6.6021
Bnn_concrete,Bnn_concrete/2026-04-08_17-12-45,230,23000,3.2868,6.5658
Bnn_concrete,Bnn_concrete/2026-04-08_17-12-45,240,24000,3.3062,6.5805
Bnn_concrete,Bnn_concrete/2026-04-08_17-12-45,250,25000,3.3058,6.5452
Bnn_concrete,Bnn_concrete/2026-04-08_17-12-45,260,26000,3.3095,6.6674
Bnn_concrete,Bnn_concrete/2026-04-08_17-12-45,270,27000,3.2907,6.5683
Bnn_concrete,Bnn_concrete/2026-04-08_17-12-45,280,28000,3.2928,6.4708
Bnn_concrete,Bnn_concrete/2026-04-08_17-12-45,290,29000,3.3075,6.6335
Bnn_concrete,Bnn_concrete/2026-04-08_17-12-45,300,30000,3.3062,6.6372
Bnn_concrete,Bnn_concrete/2026-04-08_17-12-45,310,31000,3.309,6.661
Bnn_concrete,Bnn_concrete/2026-04-08_17-12-45,320,32000,3.2851,6.5195
Bnn_concrete,Bnn_concrete/2026-04-08_17-12-45,330,33000,3.2921,6.5582
Bnn_concrete,Bnn_concrete/2026-04-08_17-12-45,340,34000,3.2883,6.4702
Bnn_concrete,Bnn_concrete/2026-04-08_17-12-45,350,35000,3.2878,6.5383
Bnn_concrete,Bnn_concrete/2026-04-08_17-12-45,360,36000,3.2952,6.5579
Bnn_concrete,Bnn_concrete/2026-04-08_17-12-45,370,37000,3.2862,6.5471
Bnn_concrete,Bnn_concrete/2026-04-08_17-12-45,380,38000,3.3033,6.6116
Bnn_concrete,Bnn_concrete/2026-04-08_17-12-45,390,39000,3.2869,6.4816
Bnn_concrete,Bnn_concrete/2026-04-08_17-12-45,400,40000,3.2904,6.5499
Bnn_concrete,Bnn_concrete/2026-04-08_17-12-45,410,41000,3.297,6.5688
Bnn_concrete,Bnn_concrete/2026-04-08_17-12-45,420,42000,3.2993,6.5681
Bnn_concrete,Bnn_concrete/2026-04-08_17-12-45,430,43000,3.3043,6.5748
Bnn_concrete,Bnn_concrete/2026-04-08_17-12-45,440,44000,3.2926,6.531
Bnn_concrete,Bnn_concrete/2026-04-08_17-12-45,450,45000,3.3065,6.5776
Bnn_concrete,Bnn_concrete/2026-04-08_17-12-45,460,46000,3.2851,6.4941
Bnn_concrete,Bnn_concrete/2026-04-08_17-12-45,470,47000,3.2861,6.5123
Bnn_concrete,Bnn_concrete/2026-04-08_17-12-45,480,48000,3.2853,6.4789
Bnn_concrete,Bnn_concrete/2026-04-08_17-12-45,490,49000,3.2859,6.5144
Bnn_concrete,Bnn_concrete/2026-04-08_17-12-45,500,50000,3.288,6.4842
Bnn_concrete,Bnn_concrete/2026-04-08_17-12-45,510,51000,3.2677,6.3904
Bnn_concrete,Bnn_concrete/2026-04-08_17-12-45,520,52000,3.2763,6.4372
Bnn_concrete,Bnn_concrete/2026-04-08_17-12-45,530,53000,3.2871,6.5051
Bnn_concrete,Bnn_concrete/2026-04-08_17-12-45,540,54000,3.3005,6.5746
Bnn_concrete,Bnn_concrete/2026-04-08_17-12-45,550,55000,3.2934,6.5599
Bnn_concrete,Bnn_concrete/2026-04-08_17-12-45,560,56000,3.2756,6.3906
Bnn_concrete,Bnn_concrete/2026-04-08_17-12-45,570,57000,3.2874,6.4988
Bnn_concrete,Bnn_concrete/2026-04-08_17-12-45,580,58000,3.2761,6.4649
Bnn_concrete,Bnn_concrete/2026-04-08_17-12-45,590,59000,3.2711,6.3472
Bnn_concrete,Bnn_concrete/2026-04-08_17-12-45,600,60000,3.2839,6.4836
Bnn_concrete,Bnn_concrete/2026-04-08_17-12-45,610,61000,3.2815,6.4617
Bnn_concrete,Bnn_concrete/2026-04-08_17-12-45,620,62000,3.2761,6.4445
Bnn_concrete,Bnn_concrete/2026-04-08_17-12-45,630,63000,3.267,6.3597
Bnn_concrete,Bnn_concrete/2026-04-08_17-12-45,640,64000,3.2804,6.4901
Bnn_concrete,Bnn_concrete/2026-04-08_17-12-45,650,65000,3.2809,6.4691
Bnn_concrete,Bnn_concrete/2026-04-08_17-12-45,660,66000,3.2775,6.4433
Bnn_concrete,Bnn_concrete/2026-04-08_17-12-45,670,67000,3.2982,6.5795
Bnn_concrete,Bnn_concrete/2026-04-08_17-12-45,680,68000,3.2817,6.4538
Bnn_concrete,Bnn_concrete/2026-04-08_17-12-45,690,69000,3.2792,6.4902
Bnn_concrete,Bnn_concrete/2026-04-08_17-12-45,700,70000,3.2827,6.4847
Bnn_concrete,Bnn_concrete/2026-04-08_17-12-45,710,71000,3.2754,6.3975
Bnn_concrete,Bnn_concrete/2026-04-08_17-12-45,720,72000,3.2895,6.4973
Bnn_concrete,Bnn_concrete/2026-04-08_17-12-45,730,73000,3.2819,6.4442
Bnn_concrete,Bnn_concrete/2026-04-08_17-12-45,740,74000,3.2757,6.4306
Bnn_concrete,Bnn_concrete/2026-04-08_17-12-45,750,75000,3.2851,6.4811
Bnn_concrete,Bnn_concrete/2026-04-08_17-12-45,760,76000,3.28,6.4781
Bnn_concrete,Bnn_concrete/2026-04-08_17-12-45,770,77000,3.2702,6.3896
Bnn_concrete,Bnn_concrete/2026-04-08_17-12-45,780,78000,3.2631,6.3773
Bnn_concrete,Bnn_concrete/2026-04-08_17-12-45,790,79000,3.2799,6.4508
Bnn_concrete,Bnn_concrete/2026-04-08_17-12-45,800,80000,3.2663,6.4068
Bnn_concrete,Bnn_concrete/2026-04-08_17-12-45,810,81000,3.2745,6.4713
Bnn_concrete,Bnn_concrete/2026-04-08_17-12-45,820,82000,3.2765,6.4345
Bnn_concrete,Bnn_concrete/2026-04-08_17-12-45,830,83000,3.2775,6.409
Bnn_concrete,Bnn_concrete/2026-04-08_17-12-45,840,84000,3.28,6.4837
Bnn_concrete,Bnn_concrete/2026-04-08_17-12-45,850,85000,3.2679,6.3912
Bnn_concrete,Bnn_concrete/2026-04-08_17-12-45,860,86000,3.2843,6.4838
Bnn_concrete,Bnn_concrete/2026-04-08_17-12-45,870,87000,3.2643,6.307
Bnn_concrete,Bnn_concrete/2026-04-08_17-12-45,880,88000,3.2794,6.4834
Bnn_concrete,Bnn_concrete/2026-04-08_17-12-45,890,89000,3.2801,6.4557
Bnn_concrete,Bnn_concrete/2026-04-08_17-12-45,900,90000,3.278,6.4468
Bnn_concrete,Bnn_concrete/2026-04-08_17-12-45,910,91000,3.2702,6.4255
Bnn_concrete,Bnn_concrete/2026-04-08_17-12-45,920,92000,3.2777,6.4399
Bnn_concrete,Bnn_concrete/2026-04-08_17-12-45,930,93000,3.2746,6.3646
Bnn_concrete,Bnn_concrete/2026-04-08_17-12-45,940,94000,3.2706,6.3861
Bnn_concrete,Bnn_concrete/2026-04-08_17-12-45,950,95000,3.2658,6.3843
Bnn_concrete,Bnn_concrete/2026-04-08_17-12-45,960,96000,3.2786,6.4455
Bnn_concrete,Bnn_concrete/2026-04-08_17-12-45,970,97000,3.2698,6.3931
Bnn_concrete,Bnn_concrete/2026-04-08_17-12-45,980,98000,3.2761,6.4403
Bnn_concrete,Bnn_concrete/2026-04-08_17-12-45,990,99000,3.2972,6.5214
Bnn_concrete,Bnn_concrete/2026-04-08_17-12-45,1000,100000,3.2617,6.3709
Bnn_concrete,Bnn_concrete/2026-04-08_19-23-10,10,1000,3.3448,6.7835
Bnn_concrete,Bnn_concrete/2026-04-08_19-23-10,20,2000,3.3137,6.6157
Bnn_concrete,Bnn_concrete/2026-04-08_19-23-10,30,3000,3.3041,6.4935
Bnn_concrete,Bnn_concrete/2026-04-08_19-23-10,40,4000,3.2899,6.5155
Bnn_concrete,Bnn_concrete/2026-04-08_19-23-10,50,5000,3.3081,6.6468
Bnn_concrete,Bnn_concrete/2026-04-08_19-23-10,60,6000,3.3005,6.5836
Bnn_concrete,Bnn_concrete/2026-04-08_19-23-10,70,7000,3.3086,6.6888
Bnn_concrete,Bnn_concrete/2026-04-08_19-23-10,80,8000,3.3137,6.6942
Bnn_concrete,Bnn_concrete/2026-04-08_19-23-10,90,9000,3.32,6.6952
Bnn_concrete,Bnn_concrete/2026-04-08_19-23-10,100,10000,3.3189,6.7586
Bnn_concrete,Bnn_concrete/2026-04-08_19-23-10,110,11000,3.3085,6.6539
Bnn_concrete,Bnn_concrete/2026-04-08_19-23-10,120,12000,3.3025,6.6347
Bnn_concrete,Bnn_concrete/2026-04-08_19-23-10,130,13000,3.3318,6.7781
Bnn_concrete,Bnn_concrete/2026-04-08_19-23-10,140,14000,3.3187,6.6855
Bnn_concrete,Bnn_concrete/2026-04-08_19-23-10,150,15000,3.3126,6.6502
Bnn_concrete,Bnn_concrete/2026-04-08_19-23-10,160,16000,3.3281,6.7845
Bnn_concrete,Bnn_concrete/2026-04-08_19-23-10,170,17000,3.3031,6.6686
Bnn_concrete,Bnn_concrete/2026-04-08_19-23-10,180,18000,3.3149,6.712
Bnn_concrete,Bnn_concrete/2026-04-08_19-23-10,190,19000,3.2962,6.6005
Bnn_concrete,Bnn_concrete/2026-04-08_19-23-10,200,20000,3.3019,6.6186
Bnn_concrete,Bnn_concrete/2026-04-08_19-23-10,210,21000,3.2868,6.5678
Bnn_concrete,Bnn_concrete/2026-04-08_19-23-10,220,22000,3.2927,6.5633
Bnn_concrete,Bnn_concrete/2026-04-08_19-23-10,230,23000,3.2891,6.5765
Bnn_concrete,Bnn_concrete/2026-04-08_19-23-10,240,24000,3.2961,6.5374
Bnn_concrete,Bnn_concrete/2026-04-08_19-23-10,250,25000,3.3147,6.7115
Bnn_concrete,Bnn_concrete/2026-04-08_19-23-10,260,26000,3.3033,6.6326
Bnn_concrete,Bnn_concrete/2026-04-08_19-23-10,270,27000,3.2976,6.6128
Bnn_concrete,Bnn_concrete/2026-04-08_19-23-10,280,28000,3.299,6.6407
Bnn_concrete,Bnn_concrete/2026-04-08_19-23-10,290,29000,3.2968,6.5782
Bnn_concrete,Bnn_concrete/2026-04-08_19-23-10,300,30000,3.2822,6.507
Bnn_concrete,Bnn_concrete/2026-04-08_19-23-10,310,31000,3.2822,6.5546
Bnn_concrete,Bnn_concrete/2026-04-08_19-23-10,320,32000,3.2878,6.5367
Bnn_concrete,Bnn_concrete/2026-04-08_19-23-10,330,33000,3.2896,6.5605
Bnn_concrete,Bnn_concrete/2026-04-08_19-23-10,340,34000,3.2804,6.5177
Bnn_concrete,Bnn_concrete/2026-04-08_19-23-10,350,35000,3.2919,6.5782
Bnn_concrete,Bnn_concrete/2026-04-08_19-23-10,360,36000,3.2676,6.4333
Bnn_concrete,Bnn_concrete/2026-04-08_19-23-10,370,37000,3.2777,6.5193
Bnn_concrete,Bnn_concrete/2026-04-08_19-23-10,380,38000,3.2779,6.497
Bnn_concrete,Bnn_concrete/2026-04-08_19-23-10,390,39000,3.284,6.5008
Bnn_concrete,Bnn_concrete/2026-04-08_19-23-10,400,40000,3.2823,6.5064
Bnn_concrete,Bnn_concrete/2026-04-08_19-23-10,410,41000,3.2764,6.4928
Bnn_concrete,Bnn_concrete/2026-04-08_19-23-10,420,42000,3.2708,6.4568
Bnn_concrete,Bnn_concrete/2026-04-08_19-23-10,430,43000,3.2675,6.4589
Bnn_concrete,Bnn_concrete/2026-04-08_19-23-10,440,44000,3.2797,6.4652
Bnn_concrete,Bnn_concrete/2026-04-08_19-23-10,450,45000,3.2696,6.4653
Bnn_concrete,Bnn_concrete/2026-04-08_19-23-10,460,46000,3.2843,6.4951
Bnn_concrete,Bnn_concrete/2026-04-08_19-23-10,470,47000,3.2883,6.5229
Bnn_concrete,Bnn_concrete/2026-04-08_19-23-10,480,48000,3.2857,6.5141
Bnn_concrete,Bnn_concrete/2026-04-08_19-23-10,490,49000,3.2714,6.4283
Bnn_concrete,Bnn_concrete/2026-04-08_19-23-10,500,50000,3.2793,6.4758
Bnn_concrete,Bnn_concrete/2026-04-08_19-23-10,510,51000,3.2669,6.3793
Bnn_concrete,Bnn_concrete/2026-04-08_19-23-10,520,52000,3.275,6.4883
Bnn_concrete,Bnn_concrete/2026-04-08_19-23-10,530,53000,3.2802,6.5018
Bnn_concrete,Bnn_concrete/2026-04-08_19-23-10,540,54000,3.2524,6.2948
Bnn_concrete,Bnn_concrete/2026-04-08_19-23-10,550,55000,3.277,6.4431
Bnn_concrete,Bnn_concrete/2026-04-08_19-23-10,560,56000,3.2608,6.3807
Bnn_concrete,Bnn_concrete/2026-04-08_19-23-10,570,57000,3.2783,6.4775
Bnn_concrete,Bnn_concrete/2026-04-08_19-23-10,580,58000,3.2583,6.3495
Bnn_concrete,Bnn_concrete/2026-04-08_19-23-10,590,59000,3.2683,6.4108
Bnn_concrete,Bnn_concrete/2026-04-08_19-23-10,600,60000,3.2803,6.4487
Bnn_concrete,Bnn_concrete/2026-04-08_19-23-10,610,61000,3.2809,6.4905
Bnn_concrete,Bnn_concrete/2026-04-08_19-23-10,620,62000,3.2605,6.38
Bnn_concrete,Bnn_concrete/2026-04-08_19-23-10,630,63000,3.279,6.4767
Bnn_concrete,Bnn_concrete/2026-04-08_19-23-10,640,64000,3.2641,6.3663
Bnn_concrete,Bnn_concrete/2026-04-08_19-23-10,650,65000,3.2721,6.4059
Bnn_concrete,Bnn_concrete/2026-04-08_19-23-10,660,66000,3.2663,6.4292
Bnn_concrete,Bnn_concrete/2026-04-08_19-23-10,670,67000,3.2556,6.3724
Bnn_concrete,Bnn_concrete/2026-04-08_19-23-10,680,68000,3.2742,6.4421
Bnn_concrete,Bnn_concrete/2026-04-08_19-23-10,690,69000,3.2756,6.4747
Bnn_concrete,Bnn_concrete/2026-04-08_19-23-10,700,70000,3.2598,6.3593
Bnn_concrete,Bnn_concrete/2026-04-08_19-23-10,710,71000,3.2606,6.3529
Bnn_concrete,Bnn_concrete/2026-04-08_19-23-10,720,72000,3.2614,6.3618
Bnn_concrete,Bnn_concrete/2026-04-08_19-23-10,730,73000,3.262,6.3852
Bnn_concrete,Bnn_concrete/2026-04-08_19-23-10,740,74000,3.2713,6.4316
Bnn_concrete,Bnn_concrete/2026-04-08_19-23-10,750,75000,3.2594,6.3646
Bnn_concrete,Bnn_concrete/2026-04-08_19-23-10,760,76000,3.2755,6.4607
Bnn_concrete,Bnn_concrete/2026-04-08_19-23-10,770,77000,3.2658,6.4058
Bnn_concrete,Bnn_concrete/2026-04-08_19-23-10,780,78000,3.2669,6.4284
Bnn_concrete,Bnn_concrete/2026-04-08_19-23-10,790,79000,3.2549,6.3689
Bnn_concrete,Bnn_concrete/2026-04-08_19-23-10,800,80000,3.2669,6.4073
Bnn_concrete,Bnn_concrete/2026-04-08_19-23-10,810,81000,3.2583,6.338
Bnn_concrete,Bnn_concrete/2026-04-08_19-23-10,820,82000,3.2662,6.3934
Bnn_concrete,Bnn_concrete/2026-04-08_19-23-10,830,83000,3.259,6.3612
Bnn_concrete,Bnn_concrete/2026-04-08_19-23-10,840,84000,3.2498,6.2619
Bnn_concrete,Bnn_concrete/2026-04-08_19-23-10,850,85000,3.2465,6.2965
Bnn_concrete,Bnn_concrete/2026-04-08_19-23-10,860,86000,3.2652,6.4115
Bnn_concrete,Bnn_concrete/2026-04-08_19-23-10,870,87000,3.2647,6.3978
Bnn_concrete,Bnn_concrete/2026-04-08_19-23-10,880,88000,3.2627,6.4245
Bnn_concrete,Bnn_concrete/2026-04-08_19-23-10,890,89000,3.2627,6.3948
Bnn_concrete,Bnn_concrete/2026-04-08_19-23-10,900,90000,3.2726,6.3992
Bnn_concrete,Bnn_concrete/2026-04-08_19-23-10,910,91000,3.2619,6.373
Bnn_concrete,Bnn_concrete/2026-04-08_19-23-10,920,92000,3.2646,6.3801
Bnn_concrete,Bnn_concrete/2026-04-08_19-23-10,930,93000,3.2623,6.3761
Bnn_concrete,Bnn_concrete/2026-04-08_19-23-10,940,94000,3.2468,6.2845
Bnn_concrete,Bnn_concrete/2026-04-08_19-23-10,950,95000,3.2753,6.458
Bnn_concrete,Bnn_concrete/2026-04-08_19-23-10,960,96000,3.2759,6.4762
Bnn_concrete,Bnn_concrete/2026-04-08_19-23-10,970,97000,3.265,6.4109
Bnn_concrete,Bnn_concrete/2026-04-08_19-23-10,980,98000,3.2592,6.3301
Bnn_concrete,Bnn_concrete/2026-04-08_19-23-10,990,99000,3.2635,6.411
Bnn_concrete,Bnn_concrete/2026-04-08_19-23-10,1000,100000,3.2685,6.4249
Bnn_power,Bnn_power/2026-04-08_17-28-04,10,1000,2.8357,4.0543
Bnn_power,Bnn_power/2026-04-08_17-28-04,20,2000,2.8188,4.0191
Bnn_power,Bnn_power/2026-04-08_17-28-04,30,3000,2.8165,4.0111
Bnn_power,Bnn_power/2026-04-08_17-28-04,40,4000,2.8163,4.0012
Bnn_power,Bnn_power/2026-04-08_17-28-04,50,5000,2.814,3.9905
Bnn_power,Bnn_power/2026-04-08_17-28-04,60,6000,2.8143,3.9865
Bnn_power,Bnn_power/2026-04-08_17-28-04,70,7000,2.8114,3.9849
Bnn_power,Bnn_power/2026-04-08_17-28-04,80,8000,2.8104,3.9858
Bnn_power,Bnn_power/2026-04-08_17-28-04,90,9000,2.8098,3.9777
Bnn_power,Bnn_power/2026-04-08_17-28-04,100,10000,2.8097,3.9817
Bnn_power,Bnn_power/2026-04-08_17-28-04,110,11000,2.8084,3.9766
Bnn_power,Bnn_power/2026-04-08_17-28-04,120,12000,2.8077,3.9747
Bnn_power,Bnn_power/2026-04-08_17-28-04,130,13000,2.8073,3.9725
Bnn_power,Bnn_power/2026-04-08_17-28-04,140,14000,2.8072,3.9707
Bnn_power,Bnn_power/2026-04-08_17-28-04,150,15000,2.8075,3.9726
Bnn_power,Bnn_power/2026-04-08_17-28-04,160,16000,2.8065,3.9717
Bnn_power,Bnn_power/2026-04-08_17-28-04,170,17000,2.8068,3.9727
Bnn_power,Bnn_power/2026-04-08_17-28-04,180,18000,2.8074,3.9702
Bnn_power,Bnn_power/2026-04-08_17-28-04,190,19000,2.8055,3.9664
Bnn_power,Bnn_power/2026-04-08_17-28-04,200,20000,2.8079,3.9709
Bnn_power,Bnn_power/2026-04-08_17-28-04,210,21000,2.8074,3.9684
Bnn_power,Bnn_power/2026-04-08_17-28-04,220,22000,2.8061,3.967
Bnn_power,Bnn_power/2026-04-08_17-28-04,230,23000,2.8066,3.9681
Bnn_power,Bnn_power/2026-04-08_17-28-04,240,24000,2.8062,3.9671
Bnn_power,Bnn_power/2026-04-08_17-28-04,250,25000,2.8052,3.9637
Bnn_power,Bnn_power/2026-04-08_17-28-04,260,26000,2.8053,3.962
Bnn_power,Bnn_power/2026-04-08_17-28-04,270,27000,2.8048,3.9613
Bnn_power,Bnn_power/2026-04-08_17-28-04,280,28000,2.804,3.9623
Bnn_power,Bnn_power/2026-04-08_17-28-04,290,29000,2.8051,3.963
Bnn_power,Bnn_power/2026-04-08_17-28-04,300,30000,2.8061,3.9637
Bnn_power,Bnn_power/2026-04-08_17-28-04,310,31000,2.8058,3.9641
Bnn_power,Bnn_power/2026-04-08_17-28-04,320,32000,2.8057,3.9648
Bnn_power,Bnn_power/2026-04-08_17-28-04,330,33000,2.8047,3.9621
Bnn_power,Bnn_power/2026-04-08_17-28-04,340,34000,2.8059,3.9692
Bnn_power,Bnn_power/2026-04-08_17-28-04,350,35000,2.8049,3.9582
Bnn_power,Bnn_power/2026-04-08_17-28-04,360,36000,2.8046,3.9609
Bnn_power,Bnn_power/2026-04-08_17-28-04,370,37000,2.8051,3.9634
Bnn_power,Bnn_power/2026-04-08_17-28-04,380,38000,2.8051,3.9678
Bnn_power,Bnn_power/2026-04-08_17-28-04,390,39000,2.8049,3.9628
Bnn_power,Bnn_power/2026-04-08_17-28-04,400,40000,2.8052,3.9659
Bnn_power,Bnn_power/2026-04-08_17-28-04,410,41000,2.8047,3.9605
Bnn_power,Bnn_power/2026-04-08_17-28-04,420,42000,2.8058,3.9631
Bnn_power,Bnn_power/2026-04-08_17-28-04,430,43000,2.805,3.9618
Bnn_power,Bnn_power/2026-04-08_17-28-04,440,44000,2.8043,3.9622
Bnn_power,Bnn_power/2026-04-08_17-28-04,450,45000,2.8033,3.9592
Bnn_power,Bnn_power/2026-04-08_17-28-04,460,46000,2.8043,3.9621
Bnn_power,Bnn_power/2026-04-08_17-28-04,470,47000,2.8042,3.9598
Bnn_power,Bnn_power/2026-04-08_17-28-04,480,48000,2.8042,3.9625
Bnn_power,Bnn_power/2026-04-08_17-28-04,490,49000,2.8032,3.9596
Bnn_power,Bnn_power/2026-04-08_17-28-04,500,50000,2.8048,3.9635
Bnn_power,Bnn_power/2026-04-08_17-28-04,510,51000,2.8032,3.9569
Bnn_power,Bnn_power/2026-04-08_17-28-04,520,52000,2.8032,3.9572
Bnn_power,Bnn_power/2026-04-08_17-28-04,530,53000,2.8044,3.959
Bnn_power,Bnn_power/2026-04-08_17-28-04,540,54000,2.803,3.9576
Bnn_power,Bnn_power/2026-04-08_17-28-04,550,55000,2.8052,3.9571
Bnn_power,Bnn_power/2026-04-08_17-28-04,560,56000,2.8032,3.9599
Bnn_power,Bnn_power/2026-04-08_17-28-04,570,57000,2.8043,3.9644
Bnn_power,Bnn_power/2026-04-08_17-28-04,580,58000,2.8041,3.9603
Bnn_power,Bnn_power/2026-04-08_17-28-04,590,59000,2.8054,3.966
Bnn_power,Bnn_power/2026-04-08_17-28-04,600,60000,2.8056,3.9684
Bnn_power,Bnn_power/2026-04-08_17-28-04,610,61000,2.8036,3.9602
Bnn_power,Bnn_power/2026-04-08_17-28-04,620,62000,2.8042,3.9638
Bnn_power,Bnn_power/2026-04-08_17-28-04,630,63000,2.8041,3.9618
Bnn_power,Bnn_power/2026-04-08_17-28-04,640,64000,2.803,3.9582
Bnn_power,Bnn_power/2026-04-08_17-28-04,650,65000,2.8044,3.9594
Bnn_power,Bnn_power/2026-04-08_17-28-04,660,66000,2.8041,3.9625
Bnn_power,Bnn_power/2026-04-08_17-28-04,670,67000,2.8043,3.9619
Bnn_power,Bnn_power/2026-04-08_17-28-04,680,68000,2.8046,3.9571
Bnn_power,Bnn_power/2026-04-08_17-28-04,690,69000,2.8039,3.9624
Bnn_power,Bnn_power/2026-04-08_17-28-04,700,70000,2.8031,3.9591
Bnn_power,Bnn_power/2026-04-08_17-28-04,710,71000,2.8044,3.9585
Bnn_power,Bnn_power/2026-04-08_17-28-04,720,72000,2.8039,3.961
Bnn_power,Bnn_power/2026-04-08_17-28-04,730,73000,2.8027,3.957
Bnn_power,Bnn_power/2026-04-08_17-28-04,740,74000,2.8036,3.9601
Bnn_power,Bnn_power/2026-04-08_17-28-04,750,75000,2.8032,3.9579
Bnn_power,Bnn_power/2026-04-08_17-28-04,760,76000,2.8036,3.9587
Bnn_power,Bnn_power/2026-04-08_17-28-04,770,77000,2.8027,3.9555
Bnn_power,Bnn_power/2026-04-08_17-28-04,780,78000,2.8052,3.9672
Bnn_power,Bnn_power/2026-04-08_17-28-04,790,79000,2.8047,3.9654
Bnn_power,Bnn_power/2026-04-08_17-28-04,800,80000,2.8039,3.9577
Bnn_power,Bnn_power/2026-04-08_17-28-04,810,81000,2.8042,3.9611
Bnn_power,Bnn_power/2026-04-08_17-28-04,820,82000,2.8033,3.9599
Bnn_power,Bnn_power/2026-04-08_17-28-04,830,83000,2.8043,3.9611
Bnn_power,Bnn_power/2026-04-08_17-28-04,840,84000,2.8045,3.9628
Bnn_power,Bnn_power/2026-04-08_17-28-04,850,85000,2.8034,3.9572
Bnn_power,Bnn_power/2026-04-08_17-28-04,860,86000,2.8039,3.9611
Bnn_power,Bnn_power/2026-04-08_17-28-04,870,87000,2.8031,3.9591
Bnn_power,Bnn_power/2026-04-08_17-28-04,880,88000,2.8036,3.9622
Bnn_power,Bnn_power/2026-04-08_17-28-04,890,89000,2.804,3.9629
Bnn_power,Bnn_power/2026-04-08_17-28-04,900,90000,2.8041,3.9608
Bnn_power,Bnn_power/2026-04-08_17-28-04,910,91000,2.8047,3.9649
Bnn_power,Bnn_power/2026-04-08_17-28-04,920,92000,2.8043,3.964
Bnn_power,Bnn_power/2026-04-08_17-28-04,930,93000,2.8045,3.9647
Bnn_power,Bnn_power/2026-04-08_17-28-04,940,94000,2.805,3.9627
Bnn_power,Bnn_power/2026-04-08_17-28-04,950,95000,2.8033,3.9577
Bnn_power,Bnn_power/2026-04-08_17-28-04,960,96000,2.8042,3.9609
Bnn_power,Bnn_power/2026-04-08_17-28-04,970,97000,2.8039,3.9601
Bnn_power,Bnn_power/2026-04-08_17-28-04,980,98000,2.8041,3.9627
Bnn_power,Bnn_power/2026-04-08_17-28-04,990,99000,2.8038,3.9608
Bnn_power,Bnn_power/2026-04-08_17-28-04,1000,100000,2.804,3.9622
Bnn_power,Bnn_power/2026-04-08_17-28-04,10,1000,2.8357,4.0543
Bnn_power,Bnn_power/2026-04-08_17-28-04,20,2000,2.8188,4.0191
Bnn_power,Bnn_power/2026-04-08_17-28-04,30,3000,2.8165,4.0111
Bnn_power,Bnn_power/2026-04-08_17-28-04,40,4000,2.8163,4.0012
Bnn_power,Bnn_power/2026-04-08_17-28-04,50,5000,2.814,3.9905
Bnn_power,Bnn_power/2026-04-08_17-28-04,60,6000,2.8143,3.9865
Bnn_power,Bnn_power/2026-04-08_17-28-04,70,7000,2.8114,3.9849
Bnn_power,Bnn_power/2026-04-08_17-28-04,80,8000,2.8104,3.9858
Bnn_power,Bnn_power/2026-04-08_17-28-04,90,9000,2.8098,3.9777
Bnn_power,Bnn_power/2026-04-08_17-28-04,100,10000,2.8097,3.9817
Bnn_power,Bnn_power/2026-04-08_17-28-04,110,11000,2.8084,3.9766
Bnn_power,Bnn_power/2026-04-08_17-28-04,120,12000,2.8077,3.9747
Bnn_power,Bnn_power/2026-04-08_17-28-04,130,13000,2.8073,3.9725
Bnn_power,Bnn_power/2026-04-08_17-28-04,140,14000,2.8072,3.9707
Bnn_power,Bnn_power/2026-04-08_17-28-04,150,15000,2.8075,3.9726
Bnn_power,Bnn_power/2026-04-08_17-28-04,160,16000,2.8065,3.9717
Bnn_power,Bnn_power/2026-04-08_17-28-04,170,17000,2.8068,3.9727
Bnn_power,Bnn_power/2026-04-08_17-28-04,180,18000,2.8074,3.9702
Bnn_power,Bnn_power/2026-04-08_17-28-04,190,19000,2.8055,3.9664
Bnn_power,Bnn_power/2026-04-08_17-28-04,200,20000,2.8079,3.9709
Bnn_power,Bnn_power/2026-04-08_17-28-04,210,21000,2.8074,3.9684
Bnn_power,Bnn_power/2026-04-08_17-28-04,220,22000,2.8061,3.967
Bnn_power,Bnn_power/2026-04-08_17-28-04,230,23000,2.8066,3.9681
Bnn_power,Bnn_power/2026-04-08_17-28-04,240,24000,2.8062,3.9671
Bnn_power,Bnn_power/2026-04-08_17-28-04,250,25000,2.8052,3.9637
Bnn_power,Bnn_power/2026-04-08_17-28-04,260,26000,2.8053,3.962
Bnn_power,Bnn_power/2026-04-08_17-28-04,270,27000,2.8048,3.9613
Bnn_power,Bnn_power/2026-04-08_17-28-04,280,28000,2.804,3.9623
Bnn_power,Bnn_power/2026-04-08_17-28-04,290,29000,2.8051,3.963
Bnn_power,Bnn_power/2026-04-08_17-28-04,300,30000,2.8061,3.9637
Bnn_power,Bnn_power/2026-04-08_17-28-04,310,31000,2.8058,3.9641
Bnn_power,Bnn_power/2026-04-08_17-28-04,320,32000,2.8057,3.9648
Bnn_power,Bnn_power/2026-04-08_17-28-04,330,33000,2.8047,3.9621
Bnn_power,Bnn_power/2026-04-08_17-28-04,340,34000,2.8059,3.9692
Bnn_power,Bnn_power/2026-04-08_17-28-04,350,35000,2.8049,3.9582
Bnn_power,Bnn_power/2026-04-08_17-28-04,360,36000,2.8046,3.9609
Bnn_power,Bnn_power/2026-04-08_17-28-04,370,37000,2.8051,3.9634
Bnn_power,Bnn_power/2026-04-08_17-28-04,380,38000,2.8051,3.9678
Bnn_power,Bnn_power/2026-04-08_17-28-04,390,39000,2.8049,3.9628
Bnn_power,Bnn_power/2026-04-08_17-28-04,400,40000,2.8052,3.9659
Bnn_power,Bnn_power/2026-04-08_17-28-04,410,41000,2.8047,3.9605
Bnn_power,Bnn_power/2026-04-08_17-28-04,420,42000,2.8058,3.9631
Bnn_power,Bnn_power/2026-04-08_17-28-04,430,43000,2.805,3.9618
Bnn_power,Bnn_power/2026-04-08_17-28-04,440,44000,2.8043,3.9622
Bnn_power,Bnn_power/2026-04-08_17-28-04,450,45000,2.8033,3.9592
Bnn_power,Bnn_power/2026-04-08_17-28-04,460,46000,2.8043,3.9621
Bnn_power,Bnn_power/2026-04-08_17-28-04,470,47000,2.8042,3.9598
Bnn_power,Bnn_power/2026-04-08_17-28-04,480,48000,2.8042,3.9625
Bnn_power,Bnn_power/2026-04-08_17-28-04,490,49000,2.8032,3.9596
Bnn_power,Bnn_power/2026-04-08_17-28-04,500,50000,2.8048,3.9635
Bnn_power,Bnn_power/2026-04-08_17-28-04,510,51000,2.8032,3.9569
Bnn_power,Bnn_power/2026-04-08_17-28-04,520,52000,2.8032,3.9572
Bnn_power,Bnn_power/2026-04-08_17-28-04,530,53000,2.8044,3.959
Bnn_power,Bnn_power/2026-04-08_17-28-04,540,54000,2.803,3.9576
Bnn_power,Bnn_power/2026-04-08_17-28-04,550,55000,2.8052,3.9571
Bnn_power,Bnn_power/2026-04-08_17-28-04,560,56000,2.8032,3.9599
Bnn_power,Bnn_power/2026-04-08_17-28-04,570,57000,2.8043,3.9644
Bnn_power,Bnn_power/2026-04-08_17-28-04,580,58000,2.8041,3.9603
Bnn_power,Bnn_power/2026-04-08_17-28-04,590,59000,2.8054,3.966
Bnn_power,Bnn_power/2026-04-08_17-28-04,600,60000,2.8056,3.9684
Bnn_power,Bnn_power/2026-04-08_17-28-04,610,61000,2.8036,3.9602
Bnn_power,Bnn_power/2026-04-08_17-28-04,620,62000,2.8042,3.9638
Bnn_power,Bnn_power/2026-04-08_17-28-04,630,63000,2.8041,3.9618
Bnn_power,Bnn_power/2026-04-08_17-28-04,640,64000,2.803,3.9582
Bnn_power,Bnn_power/2026-04-08_17-28-04,650,65000,2.8044,3.9594
Bnn_power,Bnn_power/2026-04-08_17-28-04,660,66000,2.8041,3.9625
Bnn_power,Bnn_power/2026-04-08_17-28-04,670,67000,2.8043,3.9619
Bnn_power,Bnn_power/2026-04-08_17-28-04,680,68000,2.8046,3.9571
Bnn_power,Bnn_power/2026-04-08_17-28-04,690,69000,2.8039,3.9624
Bnn_power,Bnn_power/2026-04-08_17-28-04,700,70000,2.8031,3.9591
Bnn_power,Bnn_power/2026-04-08_17-28-04,710,71000,2.8044,3.9585
Bnn_power,Bnn_power/2026-04-08_17-28-04,720,72000,2.8039,3.961
Bnn_power,Bnn_power/2026-04-08_17-28-04,730,73000,2.8027,3.957
Bnn_power,Bnn_power/2026-04-08_17-28-04,740,74000,2.8036,3.9601
Bnn_power,Bnn_power/2026-04-08_17-28-04,750,75000,2.8032,3.9579
Bnn_power,Bnn_power/2026-04-08_17-28-04,760,76000,2.8036,3.9587
Bnn_power,Bnn_power/2026-04-08_17-28-04,770,77000,2.8027,3.9555
Bnn_power,Bnn_power/2026-04-08_17-28-04,780,78000,2.8052,3.9672
Bnn_power,Bnn_power/2026-04-08_17-28-04,790,79000,2.8047,3.9654
Bnn_power,Bnn_power/2026-04-08_17-28-04,800,80000,2.8039,3.9577
Bnn_power,Bnn_power/2026-04-08_17-28-04,810,81000,2.8042,3.9611
Bnn_power,Bnn_power/2026-04-08_17-28-04,820,82000,2.8033,3.9599
Bnn_power,Bnn_power/2026-04-08_17-28-04,830,83000,2.8043,3.9611
Bnn_power,Bnn_power/2026-04-08_17-28-04,840,84000,2.8045,3.9628
Bnn_power,Bnn_power/2026-04-08_17-28-04,850,85000,2.8034,3.9572
Bnn_power,Bnn_power/2026-04-08_17-28-04,860,86000,2.8039,3.9611
Bnn_power,Bnn_power/2026-04-08_17-28-04,870,87000,2.8031,3.9591
Bnn_power,Bnn_power/2026-04-08_17-28-04,880,88000,2.8036,3.9622
Bnn_power,Bnn_power/2026-04-08_17-28-04,890,89000,2.804,3.9629
Bnn_power,Bnn_power/2026-04-08_17-28-04,900,90000,2.8041,3.9608
Bnn_power,Bnn_power/2026-04-08_17-28-04,910,91000,2.8047,3.9649
Bnn_power,Bnn_power/2026-04-08_17-28-04,920,92000,2.8043,3.964
Bnn_power,Bnn_power/2026-04-08_17-28-04,930,93000,2.8045,3.9647
Bnn_power,Bnn_power/2026-04-08_17-28-04,940,94000,2.805,3.9627
Bnn_power,Bnn_power/2026-04-08_17-28-04,950,95000,2.8033,3.9577
Bnn_power,Bnn_power/2026-04-08_17-28-04,960,96000,2.8042,3.9609
Bnn_power,Bnn_power/2026-04-08_17-28-04,970,97000,2.8039,3.9601
Bnn_power,Bnn_power/2026-04-08_17-28-04,980,98000,2.8041,3.9627
Bnn_power,Bnn_power/2026-04-08_17-28-04,990,99000,2.8038,3.9608
Bnn_power,Bnn_power/2026-04-08_17-28-04,1000,100000,2.804,3.9622
Bnn_protein,Bnn_protein/2026-04-08_17-43-35,10,1000,2.606,2.2105
Bnn_protein,Bnn_protein/2026-04-08_17-43-35,20,2000,2.6028,2.1789
Bnn_protein,Bnn_protein/2026-04-08_17-43-35,30,3000,2.6011,2.164
Bnn_protein,Bnn_protein/2026-04-08_17-43-35,40,4000,2.6005,2.1573
Bnn_protein,Bnn_protein/2026-04-08_17-43-35,50,5000,2.5997,2.1457
Bnn_protein,Bnn_protein/2026-04-08_17-43-35,60,6000,2.5982,2.1317
Bnn_protein,Bnn_protein/2026-04-08_17-43-35,70,7000,2.5987,2.1362
Bnn_protein,Bnn_protein/2026-04-08_17-43-35,80,8000,2.5976,2.1235
Bnn_protein,Bnn_protein/2026-04-08_17-43-35,90,9000,2.5972,2.1219
Bnn_protein,Bnn_protein/2026-04-08_17-43-35,100,10000,2.5974,2.1195
Bnn_protein,Bnn_protein/2026-04-08_17-43-35,110,11000,2.5958,2.1095
Bnn_protein,Bnn_protein/2026-04-08_17-43-35,120,12000,2.5964,2.1149
Bnn_protein,Bnn_protein/2026-04-08_17-43-35,130,13000,2.5929,2.1033
Bnn_protein,Bnn_protein/2026-04-08_17-43-35,140,14000,2.5966,2.1056
Bnn_protein,Bnn_protein/2026-04-08_17-43-35,150,15000,2.5936,2.0929
Bnn_protein,Bnn_protein/2026-04-08_17-43-35,160,16000,2.5932,2.0949
Bnn_protein,Bnn_protein/2026-04-08_17-43-35,170,17000,2.5964,2.11
Bnn_protein,Bnn_protein/2026-04-08_17-43-35,180,18000,2.5952,2.0986
Bnn_protein,Bnn_protein/2026-04-08_17-43-35,190,19000,2.5952,2.0955
Bnn_protein,Bnn_protein/2026-04-08_17-43-35,200,20000,2.5947,2.0946
Bnn_protein,Bnn_protein/2026-04-08_17-43-35,210,21000,2.5944,2.087
Bnn_protein,Bnn_protein/2026-04-08_17-43-35,220,22000,2.5955,2.0963
Bnn_protein,Bnn_protein/2026-04-08_17-43-35,230,23000,2.5953,2.0914
Bnn_protein,Bnn_protein/2026-04-08_17-43-35,240,24000,2.5949,2.0903
Bnn_protein,Bnn_protein/2026-04-08_17-43-35,250,25000,2.596,2.0961
Bnn_protein,Bnn_protein/2026-04-08_17-43-35,260,26000,2.5955,2.0981
Bnn_protein,Bnn_protein/2026-04-08_17-43-35,270,27000,2.5952,2.0892
Bnn_protein,Bnn_protein/2026-04-08_17-43-35,280,28000,2.5942,2.0786
Bnn_protein,Bnn_protein/2026-04-08_17-43-35,290,29000,2.5946,2.0855
Bnn_protein,Bnn_protein/2026-04-08_17-43-35,300,30000,2.5949,2.0849
Bnn_protein,Bnn_protein/2026-04-08_17-43-35,310,31000,2.5946,2.0904
Bnn_protein,Bnn_protein/2026-04-08_17-43-35,320,32000,2.5941,2.0781
Bnn_protein,Bnn_protein/2026-04-08_17-43-35,330,33000,2.5947,2.0822
Bnn_protein,Bnn_protein/2026-04-08_17-43-35,340,34000,2.5944,2.0837
Bnn_protein,Bnn_protein/2026-04-08_17-43-35,350,35000,2.5947,2.0819
Bnn_protein,Bnn_protein/2026-04-08_17-43-35,360,36000,2.5955,2.0907
Bnn_protein,Bnn_protein/2026-04-08_17-43-35,370,37000,2.5936,2.0756
Bnn_protein,Bnn_protein/2026-04-08_17-43-35,380,38000,2.5932,2.0797
Bnn_protein,Bnn_protein/2026-04-08_17-43-35,390,39000,2.5934,2.0771
Bnn_protein,Bnn_protein/2026-04-08_17-43-35,400,40000,2.5937,2.0778
Bnn_protein,Bnn_protein/2026-04-08_17-43-35,410,41000,2.5943,2.078
Bnn_protein,Bnn_protein/2026-04-08_17-43-35,420,42000,2.5917,2.0777
Bnn_protein,Bnn_protein/2026-04-08_17-43-35,430,43000,2.5951,2.0843
Bnn_protein,Bnn_protein/2026-04-08_17-43-35,440,44000,2.5946,2.0839
Bnn_protein,Bnn_protein/2026-04-08_17-43-35,450,45000,2.5936,2.0752
Bnn_protein,Bnn_protein/2026-04-08_17-43-35,460,46000,2.5942,2.0827
Bnn_protein,Bnn_protein/2026-04-08_17-43-35,470,47000,2.5938,2.0795
Bnn_protein,Bnn_protein/2026-04-08_17-43-35,480,48000,2.5941,2.0751
Bnn_protein,Bnn_protein/2026-04-08_17-43-35,490,49000,2.5928,2.0683
Bnn_protein,Bnn_protein/2026-04-08_17-43-35,500,50000,2.5941,2.0765
Bnn_protein,Bnn_protein/2026-04-08_17-43-35,510,51000,2.5942,2.078
Bnn_protein,Bnn_protein/2026-04-08_17-43-35,520,52000,2.5926,2.0749
Bnn_protein,Bnn_protein/2026-04-08_17-43-35,530,53000,2.5939,2.0725
Bnn_protein,Bnn_protein/2026-04-08_17-43-35,540,54000,2.5924,2.0654
Bnn_protein,Bnn_protein/2026-04-08_17-43-35,550,55000,2.5936,2.072
Bnn_protein,Bnn_protein/2026-04-08_17-43-35,560,56000,2.5932,2.0699
Bnn_protein,Bnn_protein/2026-04-08_17-43-35,570,57000,2.5929,2.0726
Bnn_protein,Bnn_protein/2026-04-08_17-43-35,580,58000,2.5946,2.0788
Bnn_protein,Bnn_protein/2026-04-08_17-43-35,590,59000,2.594,2.0794
Bnn_protein,Bnn_protein/2026-04-08_17-43-35,600,60000,2.5922,2.0685
Bnn_protein,Bnn_protein/2026-04-08_17-43-35,610,61000,2.5911,2.0624
Bnn_protein,Bnn_protein/2026-04-08_17-43-35,620,62000,2.5935,2.0754
Bnn_protein,Bnn_protein/2026-04-08_17-43-35,630,63000,2.5942,2.0715
Bnn_protein,Bnn_protein/2026-04-08_17-43-35,640,64000,2.5934,2.0692
Bnn_protein,Bnn_protein/2026-04-08_17-43-35,650,65000,2.5929,2.0741
Bnn_protein,Bnn_protein/2026-04-08_17-43-35,660,66000,2.5939,2.074
Bnn_protein,Bnn_protein/2026-04-08_17-43-35,670,67000,2.5938,2.0711
Bnn_protein,Bnn_protein/2026-04-08_17-43-35,680,68000,2.5938,2.0741
Bnn_protein,Bnn_protein/2026-04-08_17-43-35,690,69000,2.5925,2.0646
Bnn_protein,Bnn_protein/2026-04-08_17-43-35,700,70000,2.5914,2.0618
Bnn_protein,Bnn_protein/2026-04-08_17-43-35,710,71000,2.5921,2.0657
Bnn_protein,Bnn_protein/2026-04-08_17-43-35,720,72000,2.5916,2.0567
Bnn_protein,Bnn_protein/2026-04-08_17-43-35,730,73000,2.5939,2.072
Bnn_protein,Bnn_protein/2026-04-08_17-43-35,740,74000,2.5932,2.0654
Bnn_protein,Bnn_protein/2026-04-08_17-43-35,750,75000,2.5942,2.0747
Bnn_protein,Bnn_protein/2026-04-08_17-43-35,760,76000,2.5919,2.0649
Bnn_protein,Bnn_protein/2026-04-08_17-43-35,770,77000,2.5935,2.0668
Bnn_protein,Bnn_protein/2026-04-08_17-43-35,780,78000,2.5928,2.0635
Bnn_protein,Bnn_protein/2026-04-08_17-43-35,790,79000,2.593,2.0657
Bnn_protein,Bnn_protein/2026-04-08_17-43-35,800,80000,2.5928,2.0616
Bnn_protein,Bnn_protein/2026-04-08_17-43-35,810,81000,2.5934,2.0712
Bnn_protein,Bnn_protein/2026-04-08_17-43-35,820,82000,2.5915,2.0674
Bnn_protein,Bnn_protein/2026-04-08_17-43-35,830,83000,2.5929,2.0643
Bnn_protein,Bnn_protein/2026-04-08_17-43-35,840,84000,2.5932,2.0658
Bnn_protein,Bnn_protein/2026-04-08_17-43-35,850,85000,2.5928,2.0603
Bnn_protein,Bnn_protein/2026-04-08_17-43-35,860,86000,2.5921,2.0615
Bnn_protein,Bnn_protein/2026-04-08_17-43-35,870,87000,2.5934,2.0647
Bnn_protein,Bnn_protein/2026-04-08_17-43-35,880,88000,2.5937,2.0682
Bnn_protein,Bnn_protein/2026-04-08_17-43-35,890,89000,2.5935,2.0586
Bnn_protein,Bnn_protein/2026-04-08_17-43-35,900,90000,2.5926,2.0638
Bnn_protein,Bnn_protein/2026-04-08_17-43-35,910,91000,2.592,2.051
Bnn_protein,Bnn_protein/2026-04-08_17-43-35,920,92000,2.5921,2.0572
Bnn_protein,Bnn_protein/2026-04-08_17-43-35,930,93000,2.5934,2.0651
Bnn_protein,Bnn_protein/2026-04-08_17-43-35,940,94000,2.5941,2.073
Bnn_protein,Bnn_protein/2026-04-08_17-43-35,950,95000,2.5917,2.0593
Bnn_protein,Bnn_protein/2026-04-08_17-43-35,960,96000,2.5922,2.0633
Bnn_protein,Bnn_protein/2026-04-08_17-43-35,970,97000,2.5932,2.0689
Bnn_protein,Bnn_protein/2026-04-08_17-43-35,980,98000,2.5925,2.0607
Bnn_protein,Bnn_protein/2026-04-08_17-43-35,990,99000,2.5923,2.0676
Bnn_protein,Bnn_protein/2026-04-08_17-43-35,1000,100000,2.592,2.059
Bnn_protein,Bnn_protein/2026-04-08_19-39-10,10,1000,2.6012,2.1599
Bnn_protein,Bnn_protein/2026-04-08_19-39-10,20,2000,2.5986,2.1354
Bnn_protein,Bnn_protein/2026-04-08_19-39-10,30,3000,2.5974,2.1239
Bnn_protein,Bnn_protein/2026-04-08_19-39-10,40,4000,2.5966,2.1164
Bnn_protein,Bnn_protein/2026-04-08_19-39-10,50,5000,2.596,2.1102
Bnn_protein,Bnn_protein/2026-04-08_19-39-10,60,6000,2.5957,2.106
Bnn_protein,Bnn_protein/2026-04-08_19-39-10,70,7000,2.5956,2.1023
Bnn_protein,Bnn_protein/2026-04-08_19-39-10,80,8000,2.5953,2.0957
Bnn_protein,Bnn_protein/2026-04-08_19-39-10,90,9000,2.5951,2.0974
Bnn_protein,Bnn_protein/2026-04-08_19-39-10,100,10000,2.5951,2.0952
Bnn_protein,Bnn_protein/2026-04-08_19-39-10,110,11000,2.5947,2.0928
Bnn_protein,Bnn_protein/2026-04-08_19-39-10,120,12000,2.5951,2.0959
Bnn_protein,Bnn_protein/2026-04-08_19-39-10,130,13000,2.5951,2.0921
Bnn_protein,Bnn_protein/2026-04-08_19-39-10,140,14000,2.5948,2.0889
Bnn_protein,Bnn_protein/2026-04-08_19-39-10,150,15000,2.5937,2.074
Bnn_protein,Bnn_protein/2026-04-08_19-39-10,160,16000,2.5922,2.0807
Bnn_protein,Bnn_protein/2026-04-08_19-39-10,170,17000,2.5948,2.0866
Bnn_protein,Bnn_protein/2026-04-08_19-39-10,180,18000,2.5947,2.0854
Bnn_protein,Bnn_protein/2026-04-08_19-39-10,190,19000,2.5942,2.0808
Bnn_protein,Bnn_protein/2026-04-08_19-39-10,200,20000,2.5942,2.0848
Bnn_protein,Bnn_protein/2026-04-08_19-39-10,210,21000,2.5942,2.0832
Bnn_protein,Bnn_protein/2026-04-08_19-39-10,220,22000,2.5942,2.0814
Bnn_protein,Bnn_protein/2026-04-08_19-39-10,230,23000,2.5934,2.0671
Bnn_protein,Bnn_protein/2026-04-08_19-39-10,240,24000,2.5937,2.0731
Bnn_protein,Bnn_protein/2026-04-08_19-39-10,250,25000,2.5935,2.0671
Bnn_protein,Bnn_protein/2026-04-08_19-39-10,260,26000,2.5939,2.0681
Bnn_protein,Bnn_protein/2026-04-08_19-39-10,270,27000,2.5935,2.0675
Bnn_protein,Bnn_protein/2026-04-08_19-39-10,280,28000,2.5934,2.0693
Bnn_protein,Bnn_protein/2026-04-08_19-39-10,290,29000,2.5931,2.0664
Bnn_protein,Bnn_protein/2026-04-08_19-39-10,300,30000,2.5928,2.0665
Bnn_protein,Bnn_protein/2026-04-08_19-39-10,310,31000,2.5934,2.0681
Bnn_protein,Bnn_protein/2026-04-08_19-39-10,320,32000,2.5935,2.0704
Bnn_protein,Bnn_protein/2026-04-08_19-39-10,330,33000,2.5931,2.0658
Bnn_protein,Bnn_protein/2026-04-08_19-39-10,340,34000,2.593,2.063
Bnn_protein,Bnn_protein/2026-04-08_19-39-10,350,35000,2.5926,2.0606
Bnn_protein,Bnn_protein/2026-04-08_19-39-10,360,36000,2.5928,2.0619
Bnn_protein,Bnn_protein/2026-04-08_19-39-10,370,37000,2.5931,2.0671
Bnn_protein,Bnn_protein/2026-04-08_19-39-10,380,38000,2.5927,2.0601
Bnn_protein,Bnn_protein/2026-04-08_19-39-10,390,39000,2.5935,2.0646
Bnn_protein,Bnn_protein/2026-04-08_19-39-10,400,40000,2.5925,2.0568
Bnn_protein,Bnn_protein/2026-04-08_19-39-10,410,41000,2.5926,2.0596
Bnn_protein,Bnn_protein/2026-04-08_19-39-10,420,42000,2.5931,2.0611
Bnn_protein,Bnn_protein/2026-04-08_19-39-10,430,43000,2.5932,2.0665
Bnn_protein,Bnn_protein/2026-04-08_19-39-10,440,44000,2.593,2.0601
Bnn_protein,Bnn_protein/2026-04-08_19-39-10,450,45000,2.5929,2.0553
Bnn_protein,Bnn_protein/2026-04-08_19-39-10,460,46000,2.5928,2.063
Bnn_protein,Bnn_protein/2026-04-08_19-39-10,470,47000,2.5928,2.059
Bnn_protein,Bnn_protein/2026-04-08_19-39-10,480,48000,2.5927,2.0558
Bnn_protein,Bnn_protein/2026-04-08_19-39-10,490,49000,2.5932,2.0615
Bnn_protein,Bnn_protein/2026-04-08_19-39-10,500,50000,2.5927,2.0578
Bnn_protein,Bnn_protein/2026-04-08_19-39-10,510,51000,2.5923,2.054
Bnn_protein,Bnn_protein/2026-04-08_19-39-10,520,52000,2.5926,2.0571
Bnn_protein,Bnn_protein/2026-04-08_19-39-10,530,53000,2.5926,2.0551
Bnn_protein,Bnn_protein/2026-04-08_19-39-10,540,54000,2.5926,2.0599
Bnn_protein,Bnn_protein/2026-04-08_19-39-10,550,55000,2.5921,2.0546
Bnn_protein,Bnn_protein/2026-04-08_19-39-10,560,56000,2.5918,2.0509
Bnn_protein,Bnn_protein/2026-04-08_19-39-10,570,57000,2.5925,2.0557
Bnn_protein,Bnn_protein/2026-04-08_19-39-10,580,58000,2.5924,2.0533
Bnn_protein,Bnn_protein/2026-04-08_19-39-10,590,59000,2.5923,2.0547
Bnn_protein,Bnn_protein/2026-04-08_19-39-10,600,60000,2.592,2.0505
Bnn_protein,Bnn_protein/2026-04-08_19-39-10,610,61000,2.5927,2.0518
Bnn_protein,Bnn_protein/2026-04-08_19-39-10,620,62000,2.5928,2.0558
Bnn_protein,Bnn_protein/2026-04-08_19-39-10,630,63000,2.5919,2.0518
Bnn_protein,Bnn_protein/2026-04-08_19-39-10,640,64000,2.5922,2.0521
Bnn_protein,Bnn_protein/2026-04-08_19-39-10,650,65000,2.5922,2.0544
Bnn_protein,Bnn_protein/2026-04-08_19-39-10,660,66000,2.5912,2.0476
Bnn_protein,Bnn_protein/2026-04-08_19-39-10,670,67000,2.5923,2.0576
Bnn_protein,Bnn_protein/2026-04-08_19-39-10,680,68000,2.5923,2.053
Bnn_protein,Bnn_protein/2026-04-08_19-39-10,690,69000,2.5909,2.0482
Bnn_protein,Bnn_protein/2026-04-08_19-39-10,700,70000,2.5919,2.0542
Bnn_protein,Bnn_protein/2026-04-08_19-39-10,710,71000,2.5922,2.0509
Bnn_protein,Bnn_protein/2026-04-08_19-39-10,720,72000,2.5921,2.0533
Bnn_protein,Bnn_protein/2026-04-08_19-39-10,730,73000,2.5922,2.0492
Bnn_protein,Bnn_protein/2026-04-08_19-39-10,740,74000,2.5922,2.0504
Bnn_protein,Bnn_protein/2026-04-08_19-39-10,750,75000,2.5926,2.059
Bnn_protein,Bnn_protein/2026-04-08_19-39-10,760,76000,2.592,2.0474
Bnn_protein,Bnn_protein/2026-04-08_19-39-10,770,77000,2.5929,2.0544
Bnn_protein,Bnn_protein/2026-04-08_19-39-10,780,78000,2.5915,2.0502
Bnn_protein,Bnn_protein/2026-04-08_19-39-10,790,79000,2.5923,2.0524
Bnn_protein,Bnn_protein/2026-04-08_19-39-10,800,80000,2.5923,2.046
Bnn_protein,Bnn_protein/2026-04-08_19-39-10,810,81000,2.5904,2.0491
Bnn_protein,Bnn_protein/2026-04-08_19-39-10,820,82000,2.593,2.0552
Bnn_protein,Bnn_protein/2026-04-08_19-39-10,830,83000,2.5925,2.0501
Bnn_protein,Bnn_protein/2026-04-08_19-39-10,840,84000,2.5918,2.049
Bnn_protein,Bnn_protein/2026-04-08_19-39-10,850,85000,2.5909,2.0468
Bnn_protein,Bnn_protein/2026-04-08_19-39-10,860,86000,2.5922,2.0558
Bnn_protein,Bnn_protein/2026-04-08_19-39-10,870,87000,2.5911,2.0471
Bnn_protein,Bnn_protein/2026-04-08_19-39-10,880,88000,2.5921,2.052
Bnn_protein,Bnn_protein/2026-04-08_19-39-10,890,89000,2.5905,2.0519
Bnn_protein,Bnn_protein/2026-04-08_19-39-10,900,90000,2.592,2.0533
Bnn_protein,Bnn_protein/2026-04-08_19-39-10,910,91000,2.592,2.0501
Bnn_protein,Bnn_protein/2026-04-08_19-39-10,920,92000,2.5919,2.0488
Bnn_protein,Bnn_protein/2026-04-08_19-39-10,930,93000,2.5914,2.0424
Bnn_protein,Bnn_protein/2026-04-08_19-39-10,940,94000,2.5909,2.0519
Bnn_protein,Bnn_protein/2026-04-08_19-39-10,950,95000,2.5919,2.0475
Bnn_protein,Bnn_protein/2026-04-08_19-39-10,960,96000,2.5914,2.0497
Bnn_protein,Bnn_protein/2026-04-08_19-39-10,970,97000,2.5913,2.0466
Bnn_protein,Bnn_protein/2026-04-08_19-39-10,980,98000,2.5923,2.0509
Bnn_protein,Bnn_protein/2026-04-08_19-39-10,990,99000,2.5923,2.0576
Bnn_protein,Bnn_protein/2026-04-08_19-39-10,1000,100000,2.5924,2.054
Bnn_protein,Bnn_protein/2026-04-14_11-02-09,10,1000,3.0666,5.1832
Bnn_protein,Bnn_protein/2026-04-14_11-02-09,20,2000,3.0653,5.1734
Bnn_protein,Bnn_protein/2026-04-14_11-02-09,30,3000,3.0656,5.1734
Bnn_protein,Bnn_protein/2026-04-14_11-02-09,40,4000,3.0647,5.1681
Bnn_protein,Bnn_protein/2026-04-14_11-02-09,50,5000,3.0594,5.1438
Bnn_protein,Bnn_protein/2026-04-14_11-02-09,60,6000,3.0602,5.1462
Bnn_protein,Bnn_protein/2026-04-14_11-02-09,70,7000,3.0536,5.1163
Bnn_protein,Bnn_protein/2026-04-14_11-02-09,80,8000,3.0508,5.1033
Bnn_protein,Bnn_protein/2026-04-14_11-03-37,10,1000,3.0666,5.1832
Bnn_protein,Bnn_protein/2026-04-14_11-03-37,20,2000,3.0653,5.1734
Bnn_protein,Bnn_protein/2026-04-14_11-03-37,30,3000,3.0656,5.1734
Bnn_protein,Bnn_protein/2026-04-14_11-03-37,40,4000,3.0647,5.1681
Bnn_protein,Bnn_protein/2026-04-14_11-03-37,50,5000,3.0594,5.1438
Bnn_protein,Bnn_protein/2026-04-14_11-03-37,60,6000,3.0602,5.1462
Bnn_protein,Bnn_protein/2026-04-14_11-03-37,70,7000,3.0536,5.1163
Bnn_protein,Bnn_protein/2026-04-14_11-03-37,80,8000,3.0508,5.1033
Bnn_protein,Bnn_protein/2026-04-14_11-03-37,90,9000,3.0437,5.0723
Bnn_protein,Bnn_protein/2026-04-14_11-03-37,100,10000,3.0408,5.0608
Bnn_protein,Bnn_protein/2026-04-14_11-03-37,110,11000,3.0463,5.0855
Bnn_protein,Bnn_protein/2026-04-14_11-03-37,120,12000,3.0459,5.0815
Bnn_protein,Bnn_protein/2026-04-14_11-03-37,130,13000,3.0431,5.0689
Bnn_protein,Bnn_protein/2026-04-14_11-03-37,140,14000,3.0365,5.043
Bnn_protein,Bnn_protein/2026-04-14_11-03-37,150,15000,3.0378,5.0469
Bnn_protein,Bnn_protein/2026-04-14_11-03-37,160,16000,3.0358,5.0382
Bnn_protein,Bnn_protein/2026-04-14_11-03-37,170,17000,3.0235,4.9808
Bnn_protein,Bnn_protein/2026-04-14_11-03-37,180,18000,3.0322,5.0209
Bnn_protein,Bnn_protein/2026-04-14_11-03-37,190,19000,3.0337,5.0312
Bnn_protein,Bnn_protein/2026-04-14_11-03-37,200,20000,3.03,5.0111
Bnn_protein,Bnn_protein/2026-04-14_11-03-37,210,21000,3.0379,5.0444
Bnn_protein,Bnn_protein/2026-04-14_11-03-37,220,22000,3.0335,5.0259
Bnn_protein,Bnn_protein/2026-04-14_11-03-37,230,23000,3.0312,5.0182
Bnn_protein,Bnn_protein/2026-04-14_11-03-37,240,24000,3.036,5.0376
Bnn_protein,Bnn_protein/2026-04-14_11-03-37,250,25000,3.03,5.0121
Bnn_protein,Bnn_protein/2026-04-14_11-03-37,260,26000,3.0306,5.0138
Bnn_protein,Bnn_protein/2026-04-14_11-03-37,270,27000,3.0365,5.0376
Bnn_protein,Bnn_protein/2026-04-14_11-03-37,280,28000,3.0271,4.9988
Bnn_protein,Bnn_protein/2026-04-14_11-03-37,290,29000,3.0364,5.0397
Bnn_protein,Bnn_protein/2026-04-14_11-03-37,300,30000,3.0242,4.9866
Bnn_protein,Bnn_protein/2026-04-14_11-03-37,310,31000,3.0238,4.9857
Bnn_protein,Bnn_protein/2026-04-14_11-03-37,320,32000,3.0262,4.9943
Bnn_protein,Bnn_protein/2026-04-14_11-03-37,330,33000,3.0271,4.9958
Bnn_protein,Bnn_protein/2026-04-14_11-03-37,340,34000,3.0244,4.9863
Bnn_protein,Bnn_protein/2026-04-14_11-03-37,350,35000,3.0253,4.9905
Bnn_protein,Bnn_protein/2026-04-14_11-03-37,360,36000,3.0254,4.9907
Bnn_protein,Bnn_protein/2026-04-14_11-03-37,370,37000,3.0256,4.9903
Bnn_protein,Bnn_protein/2026-04-14_11-03-37,380,38000,3.0342,5.0253
Bnn_protein,Bnn_protein/2026-04-14_11-03-37,390,39000,3.0247,4.9841
Bnn_protein,Bnn_protein/2026-04-14_11-03-37,400,40000,3.0302,5.0108
Bnn_protein,Bnn_protein/2026-04-14_11-03-37,410,41000,3.0288,5.0029
Bnn_protein,Bnn_protein/2026-04-14_11-03-37,420,42000,3.0163,4.9499
Bnn_protein,Bnn_protein/2026-04-14_11-03-37,430,43000,3.0143,4.9373
Bnn_protein,Bnn_protein/2026-04-14_11-03-37,440,44000,3.0229,4.9781
Bnn_protein,Bnn_protein/2026-04-14_11-03-37,450,45000,3.0293,5.005
Bnn_protein,Bnn_protein/2026-04-14_11-03-37,460,46000,3.0191,4.9608
Bnn_protein,Bnn_protein/2026-04-14_11-03-37,470,47000,3.0208,4.9685
Bnn_protein,Bnn_protein/2026-04-14_11-03-37,480,48000,3.0236,4.9815
Bnn_protein,Bnn_protein/2026-04-14_11-03-37,490,49000,3.0152,4.9428
Bnn_protein,Bnn_protein/2026-04-14_11-03-37,500,50000,3.0137,4.9362
Bnn_protein,Bnn_protein/2026-04-14_11-03-37,510,51000,3.0242,4.9842
Bnn_protein,Bnn_protein/2026-04-14_11-03-37,520,52000,3.0209,4.9711
Bnn_protein,Bnn_protein/2026-04-14_11-03-37,530,53000,3.0176,4.9542
Bnn_protein,Bnn_protein/2026-04-14_11-03-37,540,54000,3.0179,4.9553
Bnn_protein,Bnn_protein/2026-04-14_11-03-37,550,55000,3.0285,5.0032
Bnn_protein,Bnn_protein/2026-04-14_11-03-37,560,56000,3.0197,4.9628
Bnn_protein,Bnn_protein/2026-04-14_11-03-37,570,57000,3.0204,4.9669
Bnn_protein,Bnn_protein/2026-04-14_11-03-37,580,58000,3.0124,4.9311
Bnn_protein,Bnn_protein/2026-04-14_11-03-37,590,59000,3.0238,4.982
Bnn_protein,Bnn_protein/2026-04-14_11-03-37,600,60000,3.0222,4.9762
Bnn_protein,Bnn_protein/2026-04-14_11-03-37,610,61000,3.0292,5.0075
Bnn_protein,Bnn_protein/2026-04-14_11-03-37,620,62000,3.0199,4.9662
Bnn_protein,Bnn_protein/2026-04-14_11-03-37,630,63000,3.019,4.9614
Bnn_protein,Bnn_protein/2026-04-14_11-03-37,640,64000,3.0167,4.9503
Bnn_protein,Bnn_protein/2026-04-14_11-03-37,650,65000,3.0221,4.975
Bnn_protein,Bnn_protein/2026-04-14_11-03-37,660,66000,3.0177,4.9557
Bnn_protein,Bnn_protein/2026-04-14_11-03-37,670,67000,3.0176,4.9556
Bnn_protein,Bnn_protein/2026-04-14_11-03-37,680,68000,3.0297,5.0099
Bnn_protein,Bnn_protein/2026-04-14_11-03-37,690,69000,3.0269,4.9965
Bnn_protein,Bnn_protein/2026-04-14_11-03-37,700,70000,3.0142,4.939
Bnn_protein,Bnn_protein/2026-04-14_11-03-37,710,71000,3.0189,4.9611
Bnn_protein,Bnn_protein/2026-04-14_11-03-37,720,72000,3.022,4.9743
Bnn_protein,Bnn_protein/2026-04-14_11-03-37,730,73000,3.0146,4.9383
Bnn_protein,Bnn_protein/2026-04-14_11-03-37,740,74000,3.023,4.9781
Bnn_protein,Bnn_protein/2026-04-14_11-03-37,750,75000,3.0237,4.983
Bnn_protein,Bnn_protein/2026-04-14_11-03-37,760,76000,3.02,4.9677
Bnn_protein,Bnn_protein/2026-04-14_11-03-37,770,77000,3.0178,4.9545
Bnn_protein,Bnn_protein/2026-04-14_11-03-37,780,78000,3.025,4.9883
Bnn_protein,Bnn_protein/2026-04-14_11-03-37,790,79000,3.0189,4.9613
Bnn_protein,Bnn_protein/2026-04-14_11-03-37,800,80000,3.024,4.9848
Bnn_protein,Bnn_protein/2026-04-14_11-03-37,810,81000,3.0215,4.9715
Bnn_protein,Bnn_protein/2026-04-14_11-03-37,820,82000,3.0161,4.9478
Bnn_protein,Bnn_protein/2026-04-14_11-03-37,830,83000,3.0257,4.9912
Bnn_protein,Bnn_protein/2026-04-14_11-03-37,840,84000,3.0154,4.9438
Bnn_protein,Bnn_protein/2026-04-14_11-03-37,850,85000,3.0172,4.9532
Bnn_protein,Bnn_protein/2026-04-14_11-03-37,860,86000,3.0176,4.9562
Bnn_protein,Bnn_protein/2026-04-14_11-03-37,870,87000,3.0189,4.9608
Bnn_protein,Bnn_protein/2026-04-14_11-03-37,880,88000,3.0204,4.9684
Bnn_protein,Bnn_protein/2026-04-14_11-03-37,890,89000,3.0177,4.9532
Bnn_protein,Bnn_protein/2026-04-14_11-03-37,900,90000,3.0217,4.9745
Bnn_protein,Bnn_protein/2026-04-14_11-03-37,910,91000,3.0185,4.9595
Bnn_protein,Bnn_protein/2026-04-14_11-03-37,920,92000,3.0241,4.9848
Bnn_protein,Bnn_protein/2026-04-14_11-03-37,930,93000,3.0114,4.9245
Bnn_protein,Bnn_protein/2026-04-14_11-03-37,940,94000,3.0186,4.96
Bnn_protein,Bnn_protein/2026-04-14_11-03-37,950,95000,3.0226,4.9781
Bnn_protein,Bnn_protein/2026-04-14_11-03-37,960,96000,3.0234,4.9806
Bnn_protein,Bnn_protein/2026-04-14_11-03-37,970,97000,3.0154,4.9438
Bnn_protein,Bnn_protein/2026-04-14_11-03-37,980,98000,3.0191,4.9618
Bnn_protein,Bnn_protein/2026-04-14_11-03-37,990,99000,3.0198,4.9642
Bnn_protein,Bnn_protein/2026-04-14_11-03-37,1000,100000,3.0192,4.9622
Bnn_winered,Bnn_winered/2026-04-08_18-00-38,10,1000,0.9574,0.6293
Bnn_winered,Bnn_winered/2026-04-08_18-00-38,20,2000,0.9075,0.5994
Bnn_winered,Bnn_winered/2026-04-08_18-00-38,30,3000,0.9075,0.5994
Bnn_winered,Bnn_winered/2026-04-08_18-00-38,40,4000,0.9123,0.6022
Bnn_winered,Bnn_winered/2026-04-08_18-00-38,50,5000,0.9185,0.6059
Bnn_winered,Bnn_winered/2026-04-08_18-00-38,60,6000,0.9254,0.6098
Bnn_winered,Bnn_winered/2026-04-08_18-00-38,70,7000,0.9313,0.6132
Bnn_winered,Bnn_winered/2026-04-08_18-00-38,80,8000,0.9369,0.6165
Bnn_winered,Bnn_winered/2026-04-08_18-00-38,90,9000,0.939,0.6176
Bnn_winered,Bnn_winered/2026-04-08_18-00-38,100,10000,0.9406,0.6187
Bnn_winered,Bnn_winered/2026-04-08_18-00-38,110,11000,0.9455,0.6213
Bnn_winered,Bnn_winered/2026-04-08_18-00-38,120,12000,0.9448,0.6207
Bnn_winered,Bnn_winered/2026-04-08_18-00-38,130,13000,0.947,0.6222
Bnn_winered,Bnn_winered/2026-04-08_18-00-38,140,14000,0.9482,0.6231
Bnn_winered,Bnn_winered/2026-04-08_18-00-38,150,15000,0.9434,0.6201
Bnn_winered,Bnn_winered/2026-04-08_18-00-38,160,16000,0.9502,0.624
Bnn_winered,Bnn_winered/2026-04-08_18-00-38,170,17000,0.9482,0.6229
Bnn_winered,Bnn_winered/2026-04-08_18-00-38,180,18000,0.9497,0.6239
Bnn_winered,Bnn_winered/2026-04-08_18-00-38,190,19000,0.952,0.6252
Bnn_winered,Bnn_winered/2026-04-08_18-00-38,200,20000,0.955,0.6269
Bnn_winered,Bnn_winered/2026-04-08_18-00-38,210,21000,0.9473,0.6237
Bnn_winered,Bnn_winered/2026-04-08_18-00-38,220,22000,0.955,0.6272
Bnn_winered,Bnn_winered/2026-04-08_18-00-38,230,23000,0.9508,0.6258
Bnn_winered,Bnn_winered/2026-04-08_18-00-38,240,24000,0.9584,0.6289
Bnn_winered,Bnn_winered/2026-04-08_18-00-38,250,25000,0.9589,0.6289
Bnn_winered,Bnn_winered/2026-04-08_18-00-38,260,26000,0.9572,0.6283
Bnn_winered,Bnn_winered/2026-04-08_18-00-38,270,27000,0.9538,0.6251
Bnn_winered,Bnn_winered/2026-04-08_18-00-38,280,28000,0.9474,0.6233
Bnn_winered,Bnn_winered/2026-04-08_18-00-38,290,29000,0.9492,0.6233
Bnn_winered,Bnn_winered/2026-04-08_18-00-38,300,30000,0.9544,0.6268
Bnn_winered,Bnn_winered/2026-04-08_18-00-38,310,31000,0.9511,0.6251
Bnn_winered,Bnn_winered/2026-04-08_18-00-38,320,32000,0.9444,0.6212
Bnn_winered,Bnn_winered/2026-04-08_18-00-38,330,33000,0.9487,0.621
Bnn_winered,Bnn_winered/2026-04-08_18-00-38,340,34000,0.9426,0.6195
Bnn_winered,Bnn_winered/2026-04-08_18-00-38,350,35000,0.9437,0.6207
Bnn_winered,Bnn_winered/2026-04-08_18-00-38,360,36000,0.9503,0.6233
Bnn_winered,Bnn_winered/2026-04-08_18-00-38,370,37000,0.9546,0.6267
Bnn_winered,Bnn_winered/2026-04-08_18-00-38,380,38000,0.9472,0.6235
Bnn_winered,Bnn_winered/2026-04-08_18-00-38,390,39000,0.9526,0.6259
Bnn_winered,Bnn_winered/2026-04-08_18-00-38,400,40000,0.9475,0.6225
Bnn_winered,Bnn_winered/2026-04-08_18-00-38,410,41000,0.9457,0.6219
Bnn_winered,Bnn_winered/2026-04-08_18-00-38,420,42000,0.9372,0.6162
Bnn_winered,Bnn_winered/2026-04-08_18-00-38,430,43000,0.9512,0.6241
Bnn_winered,Bnn_winered/2026-04-08_18-00-38,440,44000,0.9573,0.6294
Bnn_winered,Bnn_winered/2026-04-08_18-00-38,450,45000,0.9559,0.6277
Bnn_winered,Bnn_winered/2026-04-08_18-00-38,460,46000,0.9513,0.6254
Bnn_winered,Bnn_winered/2026-04-08_18-00-38,470,47000,0.9426,0.6201
Bnn_winered,Bnn_winered/2026-04-08_18-00-38,480,48000,0.9443,0.6218
Bnn_winered,Bnn_winered/2026-04-08_18-00-38,490,49000,0.9397,0.6196
Bnn_winered,Bnn_winered/2026-04-08_18-00-38,500,50000,0.9579,0.6289
Bnn_winered,Bnn_winered/2026-04-08_18-00-38,510,51000,0.9432,0.6206
Bnn_winered,Bnn_winered/2026-04-08_18-00-38,520,52000,0.9426,0.6184
Bnn_winered,Bnn_winered/2026-04-08_18-00-38,530,53000,0.9495,0.6243
Bnn_winered,Bnn_winered/2026-04-08_18-00-38,540,54000,0.9457,0.6228
Bnn_winered,Bnn_winered/2026-04-08_18-00-38,550,55000,0.9459,0.6204
Bnn_winered,Bnn_winered/2026-04-08_18-00-38,560,56000,0.9365,0.6163
Bnn_winered,Bnn_winered/2026-04-08_18-00-38,570,57000,0.9417,0.6187
Bnn_winered,Bnn_winered/2026-04-08_18-00-38,580,58000,0.9457,0.6233
Bnn_winered,Bnn_winered/2026-04-08_18-00-38,590,59000,0.9398,0.6187
Bnn_winered,Bnn_winered/2026-04-08_18-00-38,600,60000,0.9575,0.6292
Bnn_winered,Bnn_winered/2026-04-08_18-00-38,610,61000,0.956,0.6283
Bnn_winered,Bnn_winered/2026-04-08_18-00-38,620,62000,0.9479,0.6231
Bnn_winered,Bnn_winered/2026-04-08_18-00-38,630,63000,0.9493,0.6238
Bnn_winered,Bnn_winered/2026-04-08_18-00-38,640,64000,0.9475,0.6239
Bnn_winered,Bnn_winered/2026-04-08_18-00-38,650,65000,0.9489,0.6242
Bnn_winered,Bnn_winered/2026-04-08_18-00-38,660,66000,0.9461,0.6229
Bnn_winered,Bnn_winered/2026-04-08_18-00-38,670,67000,0.9446,0.6211
Bnn_winered,Bnn_winered/2026-04-08_18-00-38,680,68000,0.9536,0.6269
Bnn_winered,Bnn_winered/2026-04-08_18-00-38,690,69000,0.9445,0.6212
Bnn_winered,Bnn_winered/2026-04-08_18-00-38,700,70000,0.9495,0.6249
Bnn_winered,Bnn_winered/2026-04-08_18-00-38,710,71000,0.9477,0.624
Bnn_winered,Bnn_winered/2026-04-08_18-00-38,720,72000,0.9488,0.6249
Bnn_winered,Bnn_winered/2026-04-08_18-00-38,730,73000,0.9431,0.6214
Bnn_winered,Bnn_winered/2026-04-08_18-00-38,740,74000,0.9435,0.6206
Bnn_winered,Bnn_winered/2026-04-08_18-00-38,750,75000,0.9541,0.6275
Bnn_winered,Bnn_winered/2026-04-08_18-00-38,760,76000,0.9493,0.6245
Bnn_winered,Bnn_winered/2026-04-08_18-00-38,770,77000,0.9488,0.6244
Bnn_winered,Bnn_winered/2026-04-08_18-00-38,780,78000,0.9318,0.6123
Bnn_winered,Bnn_winered/2026-04-08_18-00-38,790,79000,0.9484,0.6218
Bnn_winered,Bnn_winered/2026-04-08_18-00-38,800,80000,0.9534,0.6264
Bnn_winered,Bnn_winered/2026-04-08_18-00-38,810,81000,0.9504,0.6257
Bnn_winered,Bnn_winered/2026-04-08_18-00-38,820,82000,0.9472,0.6243
Bnn_winered,Bnn_winered/2026-04-08_18-00-38,830,83000,0.9348,0.6151
Bnn_winered,Bnn_winered/2026-04-08_18-00-38,840,84000,0.9465,0.6214
Bnn_winered,Bnn_winered/2026-04-08_18-00-38,850,85000,0.9506,0.6236
Bnn_winered,Bnn_winered/2026-04-08_18-00-38,860,86000,0.948,0.6234
Bnn_winered,Bnn_winered/2026-04-08_18-00-38,870,87000,0.9552,0.6282
Bnn_winered,Bnn_winered/2026-04-08_18-00-38,880,88000,0.9573,0.6271
Bnn_winered,Bnn_winered/2026-04-08_18-00-38,890,89000,0.9386,0.6181
Bnn_winered,Bnn_winered/2026-04-08_18-00-38,900,90000,0.9442,0.6205
Bnn_winered,Bnn_winered/2026-04-08_18-00-38,910,91000,0.948,0.6225
Bnn_winered,Bnn_winered/2026-04-08_18-00-38,920,92000,0.9468,0.6229
Bnn_winered,Bnn_winered/2026-04-08_18-00-38,930,93000,0.9435,0.6209
Bnn_winered,Bnn_winered/2026-04-08_18-00-38,940,94000,0.9451,0.6223
Bnn_winered,Bnn_winered/2026-04-08_18-00-38,950,95000,0.9473,0.6234
Bnn_winered,Bnn_winered/2026-04-08_18-00-38,960,96000,0.9435,0.6208
Bnn_winered,Bnn_winered/2026-04-08_18-00-38,970,97000,0.9445,0.6218
Bnn_winered,Bnn_winered/2026-04-08_18-00-38,980,98000,0.9421,0.6203
Bnn_winered,Bnn_winered/2026-04-08_18-00-38,990,99000,0.9512,0.6255
Bnn_winered,Bnn_winered/2026-04-08_18-00-38,1000,100000,0.9484,0.6247
Bnn_winered,Bnn_winered/2026-04-08_18-00-38,10,1000,0.9574,0.6293
Bnn_winered,Bnn_winered/2026-04-08_18-00-38,20,2000,0.9075,0.5994
Bnn_winered,Bnn_winered/2026-04-08_18-00-38,30,3000,0.9075,0.5994
Bnn_winered,Bnn_winered/2026-04-08_18-00-38,40,4000,0.9123,0.6022
Bnn_winered,Bnn_winered/2026-04-08_18-00-38,50,5000,0.9185,0.6059
Bnn_winered,Bnn_winered/2026-04-08_18-00-38,60,6000,0.9254,0.6098
Bnn_winered,Bnn_winered/2026-04-08_18-00-38,70,7000,0.9313,0.6132
Bnn_winered,Bnn_winered/2026-04-08_18-00-38,80,8000,0.9369,0.6165
Bnn_winered,Bnn_winered/2026-04-08_18-00-38,90,9000,0.939,0.6176
Bnn_winered,Bnn_winered/2026-04-08_18-00-38,100,10000,0.9406,0.6187
Bnn_winered,Bnn_winered/2026-04-08_18-00-38,110,11000,0.9455,0.6213
Bnn_winered,Bnn_winered/2026-04-08_18-00-38,120,12000,0.9448,0.6207
Bnn_winered,Bnn_winered/2026-04-08_18-00-38,130,13000,0.947,0.6222
Bnn_winered,Bnn_winered/2026-04-08_18-00-38,140,14000,0.9482,0.6231
Bnn_winered,Bnn_winered/2026-04-08_18-00-38,150,15000,0.9434,0.6201
Bnn_winered,Bnn_winered/2026-04-08_18-00-38,160,16000,0.9502,0.624
Bnn_winered,Bnn_winered/2026-04-08_18-00-38,170,17000,0.9482,0.6229
Bnn_winered,Bnn_winered/2026-04-08_18-00-38,180,18000,0.9497,0.6239
Bnn_winered,Bnn_winered/2026-04-08_18-00-38,190,19000,0.952,0.6252
Bnn_winered,Bnn_winered/2026-04-08_18-00-38,200,20000,0.955,0.6269
Bnn_winered,Bnn_winered/2026-04-08_18-00-38,210,21000,0.9473,0.6237
Bnn_winered,Bnn_winered/2026-04-08_18-00-38,220,22000,0.955,0.6272
Bnn_winered,Bnn_winered/2026-04-08_18-00-38,230,23000,0.9508,0.6258
Bnn_winered,Bnn_winered/2026-04-08_18-00-38,240,24000,0.9584,0.6289
Bnn_winered,Bnn_winered/2026-04-08_18-00-38,250,25000,0.9589,0.6289
Bnn_winered,Bnn_winered/2026-04-08_18-00-38,260,26000,0.9572,0.6283
Bnn_winered,Bnn_winered/2026-04-08_18-00-38,270,27000,0.9538,0.6251
Bnn_winered,Bnn_winered/2026-04-08_18-00-38,280,28000,0.9474,0.6233
Bnn_winered,Bnn_winered/2026-04-08_18-00-38,290,29000,0.9492,0.6233
Bnn_winered,Bnn_winered/2026-04-08_18-00-38,300,30000,0.9544,0.6268
Bnn_winered,Bnn_winered/2026-04-08_18-00-38,310,31000,0.9511,0.6251
Bnn_winered,Bnn_winered/2026-04-08_18-00-38,320,32000,0.9444,0.6212
Bnn_winered,Bnn_winered/2026-04-08_18-00-38,330,33000,0.9487,0.621
Bnn_winered,Bnn_winered/2026-04-08_18-00-38,340,34000,0.9426,0.6195
Bnn_winered,Bnn_winered/2026-04-08_18-00-38,350,35000,0.9437,0.6207
Bnn_winered,Bnn_winered/2026-04-08_18-00-38,360,36000,0.9503,0.6233
Bnn_winered,Bnn_winered/2026-04-08_18-00-38,370,37000,0.9546,0.6267
Bnn_winered,Bnn_winered/2026-04-08_18-00-38,380,38000,0.9472,0.6235
Bnn_winered,Bnn_winered/2026-04-08_18-00-38,390,39000,0.9526,0.6259
Bnn_winered,Bnn_winered/2026-04-08_18-00-38,400,40000,0.9475,0.6225
Bnn_winered,Bnn_winered/2026-04-08_18-00-38,410,41000,0.9457,0.6219
Bnn_winered,Bnn_winered/2026-04-08_18-00-38,420,42000,0.9372,0.6162
Bnn_winered,Bnn_winered/2026-04-08_18-00-38,430,43000,0.9512,0.6241
Bnn_winered,Bnn_winered/2026-04-08_18-00-38,440,44000,0.9573,0.6294
Bnn_winered,Bnn_winered/2026-04-08_18-00-38,450,45000,0.9559,0.6277
Bnn_winered,Bnn_winered/2026-04-08_18-00-38,460,46000,0.9513,0.6254
Bnn_winered,Bnn_winered/2026-04-08_18-00-38,470,47000,0.9426,0.6201
Bnn_winered,Bnn_winered/2026-04-08_18-00-38,480,48000,0.9443,0.6218
Bnn_winered,Bnn_winered/2026-04-08_18-00-38,490,49000,0.9397,0.6196
Bnn_winered,Bnn_winered/2026-04-08_18-00-38,500,50000,0.9579,0.6289
Bnn_winered,Bnn_winered/2026-04-08_18-00-38,510,51000,0.9432,0.6206
Bnn_winered,Bnn_winered/2026-04-08_18-00-38,520,52000,0.9426,0.6184
Bnn_winered,Bnn_winered/2026-04-08_18-00-38,530,53000,0.9495,0.6243
Bnn_winered,Bnn_winered/2026-04-08_18-00-38,540,54000,0.9457,0.6228
Bnn_winered,Bnn_winered/2026-04-08_18-00-38,550,55000,0.9459,0.6204
Bnn_winered,Bnn_winered/2026-04-08_18-00-38,560,56000,0.9365,0.6163
Bnn_winered,Bnn_winered/2026-04-08_18-00-38,570,57000,0.9417,0.6187
Bnn_winered,Bnn_winered/2026-04-08_18-00-38,580,58000,0.9457,0.6233
Bnn_winered,Bnn_winered/2026-04-08_18-00-38,590,59000,0.9398,0.6187
Bnn_winered,Bnn_winered/2026-04-08_18-00-38,600,60000,0.9575,0.6292
Bnn_winered,Bnn_winered/2026-04-08_18-00-38,610,61000,0.956,0.6283
Bnn_winered,Bnn_winered/2026-04-08_18-00-38,620,62000,0.9479,0.6231
Bnn_winered,Bnn_winered/2026-04-08_18-00-38,630,63000,0.9493,0.6238
Bnn_winered,Bnn_winered/2026-04-08_18-00-38,640,64000,0.9475,0.6239
Bnn_winered,Bnn_winered/2026-04-08_18-00-38,650,65000,0.9489,0.6242
Bnn_winered,Bnn_winered/2026-04-08_18-00-38,660,66000,0.9461,0.6229
Bnn_winered,Bnn_winered/2026-04-08_18-00-38,670,67000,0.9446,0.6211
Bnn_winered,Bnn_winered/2026-04-08_18-00-38,680,68000,0.9536,0.6269
Bnn_winered,Bnn_winered/2026-04-08_18-00-38,690,69000,0.9445,0.6212
Bnn_winered,Bnn_winered/2026-04-08_18-00-38,700,70000,0.9495,0.6249
Bnn_winered,Bnn_winered/2026-04-08_18-00-38,710,71000,0.9477,0.624
Bnn_winered,Bnn_winered/2026-04-08_18-00-38,720,72000,0.9488,0.6249
Bnn_winered,Bnn_winered/2026-04-08_18-00-38,730,73000,0.9431,0.6214
Bnn_winered,Bnn_winered/2026-04-08_18-00-38,740,74000,0.9435,0.6206
Bnn_winered,Bnn_winered/2026-04-08_18-00-38,750,75000,0.9541,0.6275
Bnn_winered,Bnn_winered/2026-04-08_18-00-38,760,76000,0.9493,0.6245
Bnn_winered,Bnn_winered/2026-04-08_18-00-38,770,77000,0.9488,0.6244
Bnn_winered,Bnn_winered/2026-04-08_18-00-38,780,78000,0.9318,0.6123
Bnn_winered,Bnn_winered/2026-04-08_18-00-38,790,79000,0.9484,0.6218
Bnn_winered,Bnn_winered/2026-04-08_18-00-38,800,80000,0.9534,0.6264
Bnn_winered,Bnn_winered/2026-04-08_18-00-38,810,81000,0.9504,0.6257
Bnn_winered,Bnn_winered/2026-04-08_18-00-38,820,82000,0.9472,0.6243
Bnn_winered,Bnn_winered/2026-04-08_18-00-38,830,83000,0.9348,0.6151
Bnn_winered,Bnn_winered/2026-04-08_18-00-38,840,84000,0.9465,0.6214
Bnn_winered,Bnn_winered/2026-04-08_18-00-38,850,85000,0.9506,0.6236
Bnn_winered,Bnn_winered/2026-04-08_18-00-38,860,86000,0.948,0.6234
Bnn_winered,Bnn_winered/2026-04-08_18-00-38,870,87000,0.9552,0.6282
Bnn_winered,Bnn_winered/2026-04-08_18-00-38,880,88000,0.9573,0.6271
Bnn_winered,Bnn_winered/2026-04-08_18-00-38,890,89000,0.9386,0.6181
Bnn_winered,Bnn_winered/2026-04-08_18-00-38,900,90000,0.9442,0.6205
Bnn_winered,Bnn_winered/2026-04-08_18-00-38,910,91000,0.948,0.6225
Bnn_winered,Bnn_winered/2026-04-08_18-00-38,920,92000,0.9468,0.6229
Bnn_winered,Bnn_winered/2026-04-08_18-00-38,930,93000,0.9435,0.6209
Bnn_winered,Bnn_winered/2026-04-08_18-00-38,940,94000,0.9451,0.6223
Bnn_winered,Bnn_winered/2026-04-08_18-00-38,950,95000,0.9473,0.6234
Bnn_winered,Bnn_winered/2026-04-08_18-00-38,960,96000,0.9435,0.6208
Bnn_winered,Bnn_winered/2026-04-08_18-00-38,970,97000,0.9445,0.6218
Bnn_winered,Bnn_winered/2026-04-08_18-00-38,980,98000,0.9421,0.6203
Bnn_winered,Bnn_winered/2026-04-08_18-00-38,990,99000,0.9512,0.6255
Bnn_winered,Bnn_winered/2026-04-08_18-00-38,1000,100000,0.9484,0.6247
Bnn_yacht,Bnn_yacht/2026-04-08_18-17-24,10,1000,2.7093,3.4596
Bnn_yacht,Bnn_yacht/2026-04-08_18-17-24,20,2000,2.3739,2.5483
Bnn_yacht,Bnn_yacht/2026-04-08_18-17-24,30,3000,1.8392,1.7978
Bnn_yacht,Bnn_yacht/2026-04-08_18-17-24,40,4000,1.6363,1.4619
Bnn_yacht,Bnn_yacht/2026-04-08_18-17-24,50,5000,1.6247,1.3551
Bnn_yacht,Bnn_yacht/2026-04-08_18-17-24,60,6000,1.6266,1.3516
Bnn_yacht,Bnn_yacht/2026-04-08_18-17-24,70,7000,1.5773,1.3039
Bnn_yacht,Bnn_yacht/2026-04-08_18-17-24,80,8000,1.5042,1.3948
Bnn_yacht,Bnn_yacht/2026-04-08_18-17-24,90,9000,1.5237,1.3552
Bnn_yacht,Bnn_yacht/2026-04-08_18-17-24,100,10000,1.4885,1.3982
Bnn_yacht,Bnn_yacht/2026-04-08_18-17-24,110,11000,1.498,1.3767
Bnn_yacht,Bnn_yacht/2026-04-08_18-17-24,120,12000,1.5018,1.3808
Bnn_yacht,Bnn_yacht/2026-04-08_18-17-24,130,13000,1.4677,1.3768
Bnn_yacht,Bnn_yacht/2026-04-08_18-17-24,140,14000,1.5271,1.3989
Bnn_yacht,Bnn_yacht/2026-04-08_18-17-24,150,15000,1.4979,1.3803
Bnn_yacht,Bnn_yacht/2026-04-08_18-17-24,160,16000,1.5249,1.3551
Bnn_yacht,Bnn_yacht/2026-04-08_18-17-24,170,17000,1.4983,1.3266
Bnn_yacht,Bnn_yacht/2026-04-08_18-17-24,180,18000,1.463,1.3751
Bnn_yacht,Bnn_yacht/2026-04-08_18-17-24,190,19000,1.4874,1.3508
Bnn_yacht,Bnn_yacht/2026-04-08_18-17-24,200,20000,1.5151,1.3266
Bnn_yacht,Bnn_yacht/2026-04-08_18-17-24,210,21000,1.6173,1.2749
Bnn_yacht,Bnn_yacht/2026-04-08_18-17-24,220,22000,1.445,1.3123
Bnn_yacht,Bnn_yacht/2026-04-08_18-17-24,230,23000,1.5069,1.3901
Bnn_yacht,Bnn_yacht/2026-04-08_18-17-24,240,24000,1.4831,1.3275
Bnn_yacht,Bnn_yacht/2026-04-08_18-17-24,250,25000,1.5164,1.3815
Bnn_yacht,Bnn_yacht/2026-04-08_18-17-24,260,26000,1.5009,1.3788
Bnn_yacht,Bnn_yacht/2026-04-08_18-17-24,270,27000,1.4535,1.328
Bnn_yacht,Bnn_yacht/2026-04-08_18-17-24,280,28000,1.4622,1.3755
Bnn_yacht,Bnn_yacht/2026-04-08_18-17-24,290,29000,1.4523,1.3391
Bnn_yacht,Bnn_yacht/2026-04-08_18-17-24,300,30000,1.4921,1.3494
Bnn_yacht,Bnn_yacht/2026-04-08_18-17-24,310,31000,1.4438,1.321
Bnn_yacht,Bnn_yacht/2026-04-08_18-17-24,320,32000,1.463,1.2911
Bnn_yacht,Bnn_yacht/2026-04-08_18-17-24,330,33000,1.5543,1.3237
Bnn_yacht,Bnn_yacht/2026-04-08_18-17-24,340,34000,1.4894,1.3636
Bnn_yacht,Bnn_yacht/2026-04-08_18-17-24,350,35000,1.5053,1.2816
Bnn_yacht,Bnn_yacht/2026-04-08_18-17-24,360,36000,1.5108,1.3521
Bnn_yacht,Bnn_yacht/2026-04-08_18-17-24,370,37000,1.4289,1.3179
Bnn_yacht,Bnn_yacht/2026-04-08_18-17-24,380,38000,1.5125,1.3378
Bnn_yacht,Bnn_yacht/2026-04-08_18-17-24,390,39000,1.5002,1.3346
Bnn_yacht,Bnn_yacht/2026-04-08_18-17-24,400,40000,1.481,1.3299
Bnn_yacht,Bnn_yacht/2026-04-08_18-17-24,410,41000,1.4101,1.2428
Bnn_yacht,Bnn_yacht/2026-04-08_18-17-24,420,42000,1.5061,1.3477
Bnn_yacht,Bnn_yacht/2026-04-08_18-17-24,430,43000,1.4304,1.3034
Bnn_yacht,Bnn_yacht/2026-04-08_18-17-24,440,44000,1.5322,1.3218
Bnn_yacht,Bnn_yacht/2026-04-08_18-17-24,450,45000,1.4776,1.3315
Bnn_yacht,Bnn_yacht/2026-04-08_18-17-24,460,46000,1.4663,1.3
Bnn_yacht,Bnn_yacht/2026-04-08_18-17-24,470,47000,1.3861,1.2676
Bnn_yacht,Bnn_yacht/2026-04-08_18-17-24,480,48000,1.4487,1.2255
Bnn_yacht,Bnn_yacht/2026-04-08_18-17-24,490,49000,1.4698,1.2679
Bnn_yacht,Bnn_yacht/2026-04-08_18-17-24,500,50000,1.4624,1.272
Bnn_yacht,Bnn_yacht/2026-04-08_18-17-24,510,51000,1.4224,1.2952
Bnn_yacht,Bnn_yacht/2026-04-08_18-17-24,520,52000,1.5568,1.2839
Bnn_yacht,Bnn_yacht/2026-04-08_18-17-24,530,53000,1.4341,1.2744
Bnn_yacht,Bnn_yacht/2026-04-08_18-17-24,540,54000,1.4914,1.2977
Bnn_yacht,Bnn_yacht/2026-04-08_18-17-24,550,55000,1.5517,1.2901
Bnn_yacht,Bnn_yacht/2026-04-08_18-17-24,560,56000,1.4058,1.2867
Bnn_yacht,Bnn_yacht/2026-04-08_18-17-24,570,57000,1.4423,1.2456
Bnn_yacht,Bnn_yacht/2026-04-08_18-17-24,580,58000,1.4572,1.3162
Bnn_yacht,Bnn_yacht/2026-04-08_18-17-24,590,59000,1.5095,1.3153
Bnn_yacht,Bnn_yacht/2026-04-08_18-17-24,600,60000,1.4779,1.2644
Bnn_yacht,Bnn_yacht/2026-04-08_18-17-24,610,61000,1.4676,1.2884
Bnn_yacht,Bnn_yacht/2026-04-08_18-17-24,620,62000,1.4396,1.239
Bnn_yacht,Bnn_yacht/2026-04-08_18-17-24,630,63000,1.422,1.2808
Bnn_yacht,Bnn_yacht/2026-04-08_18-17-24,640,64000,1.4214,1.1733
Bnn_yacht,Bnn_yacht/2026-04-08_18-17-24,650,65000,1.5057,1.246
Bnn_yacht,Bnn_yacht/2026-04-08_18-17-24,660,66000,1.4441,1.2634
Bnn_yacht,Bnn_yacht/2026-04-08_18-17-24,670,67000,1.4188,1.2608
Bnn_yacht,Bnn_yacht/2026-04-08_18-17-24,680,68000,1.4208,1.2193
Bnn_yacht,Bnn_yacht/2026-04-08_18-17-24,690,69000,1.3813,1.1979
Bnn_yacht,Bnn_yacht/2026-04-08_18-17-24,700,70000,1.4067,1.2175
Bnn_yacht,Bnn_yacht/2026-04-08_18-17-24,710,71000,1.4758,1.2889
Bnn_yacht,Bnn_yacht/2026-04-08_18-17-24,720,72000,1.4311,1.2875
Bnn_yacht,Bnn_yacht/2026-04-08_18-17-24,730,73000,1.4473,1.229
Bnn_yacht,Bnn_yacht/2026-04-08_18-17-24,740,74000,1.4185,1.1949
Bnn_yacht,Bnn_yacht/2026-04-08_18-17-24,750,75000,1.4763,1.2852
Bnn_yacht,Bnn_yacht/2026-04-08_18-17-24,760,76000,1.3774,1.2075
Bnn_yacht,Bnn_yacht/2026-04-08_18-17-24,770,77000,1.4377,1.2678
Bnn_yacht,Bnn_yacht/2026-04-08_18-17-24,780,78000,1.3989,1.2574
Bnn_yacht,Bnn_yacht/2026-04-08_18-17-24,790,79000,1.4089,1.218
Bnn_yacht,Bnn_yacht/2026-04-08_18-17-24,800,80000,1.5008,1.2915
Bnn_yacht,Bnn_yacht/2026-04-08_18-17-24,810,81000,1.4081,1.2477
Bnn_yacht,Bnn_yacht/2026-04-08_18-17-24,820,82000,1.5346,1.2735
Bnn_yacht,Bnn_yacht/2026-04-08_18-17-24,830,83000,1.4018,1.2716
Bnn_yacht,Bnn_yacht/2026-04-08_18-17-24,840,84000,1.4812,1.2201
Bnn_yacht,Bnn_yacht/2026-04-08_18-17-24,850,85000,1.4609,1.2595
Bnn_yacht,Bnn_yacht/2026-04-08_18-17-24,860,86000,1.4725,1.265
Bnn_yacht,Bnn_yacht/2026-04-08_18-17-24,870,87000,1.4504,1.2167
Bnn_yacht,Bnn_yacht/2026-04-08_18-17-24,880,88000,1.4298,1.3009
Bnn_yacht,Bnn_yacht/2026-04-08_18-17-24,890,89000,1.4125,1.2546
Bnn_yacht,Bnn_yacht/2026-04-08_18-17-24,900,90000,1.4215,1.1894
Bnn_yacht,Bnn_yacht/2026-04-08_18-17-24,910,91000,1.4021,1.2431
Bnn_yacht,Bnn_yacht/2026-04-08_18-17-24,920,92000,1.4104,1.1876
Bnn_yacht,Bnn_yacht/2026-04-08_18-17-24,930,93000,1.4085,1.1533
Bnn_yacht,Bnn_yacht/2026-04-08_18-17-24,940,94000,1.4408,1.2964
Bnn_yacht,Bnn_yacht/2026-04-08_18-17-24,950,95000,1.4124,1.1994
Bnn_yacht,Bnn_yacht/2026-04-08_18-17-24,960,96000,1.4031,1.2711
Bnn_yacht,Bnn_yacht/2026-04-08_18-17-24,970,97000,1.434,1.243
Bnn_yacht,Bnn_yacht/2026-04-08_18-17-24,980,98000,1.4472,1.2028
Bnn_yacht,Bnn_yacht/2026-04-08_18-17-24,990,99000,1.4157,1.2205
Bnn_yacht,Bnn_yacht/2026-04-08_18-17-24,1000,100000,1.4155,1.2474
Bnn_yacht,Bnn_yacht/2026-04-08_18-17-24,10,1000,2.7093,3.4596
Bnn_yacht,Bnn_yacht/2026-04-08_18-17-24,20,2000,2.3739,2.5483
Bnn_yacht,Bnn_yacht/2026-04-08_18-17-24,30,3000,1.8392,1.7978
Bnn_yacht,Bnn_yacht/2026-04-08_18-17-24,40,4000,1.6363,1.4619
Bnn_yacht,Bnn_yacht/2026-04-08_18-17-24,50,5000,1.6247,1.3551
Bnn_yacht,Bnn_yacht/2026-04-08_18-17-24,60,6000,1.6266,1.3516
Bnn_yacht,Bnn_yacht/2026-04-08_18-17-24,70,7000,1.5773,1.3039
Bnn_yacht,Bnn_yacht/2026-04-08_18-17-24,80,8000,1.5042,1.3948
Bnn_yacht,Bnn_yacht/2026-04-08_18-17-24,90,9000,1.5237,1.3552
Bnn_yacht,Bnn_yacht/2026-04-08_18-17-24,100,10000,1.4885,1.3982
Bnn_yacht,Bnn_yacht/2026-04-08_18-17-24,110,11000,1.498,1.3767
Bnn_yacht,Bnn_yacht/2026-04-08_18-17-24,120,12000,1.5018,1.3808
Bnn_yacht,Bnn_yacht/2026-04-08_18-17-24,130,13000,1.4677,1.3768
Bnn_yacht,Bnn_yacht/2026-04-08_18-17-24,140,14000,1.5271,1.3989
Bnn_yacht,Bnn_yacht/2026-04-08_18-17-24,150,15000,1.4979,1.3803
Bnn_yacht,Bnn_yacht/2026-04-08_18-17-24,160,16000,1.5249,1.3551
Bnn_yacht,Bnn_yacht/2026-04-08_18-17-24,170,17000,1.4983,1.3266
Bnn_yacht,Bnn_yacht/2026-04-08_18-17-24,180,18000,1.463,1.3751
Bnn_yacht,Bnn_yacht/2026-04-08_18-17-24,190,19000,1.4874,1.3508
Bnn_yacht,Bnn_yacht/2026-04-08_18-17-24,200,20000,1.5151,1.3266
Bnn_yacht,Bnn_yacht/2026-04-08_18-17-24,210,21000,1.6173,1.2749
Bnn_yacht,Bnn_yacht/2026-04-08_18-17-24,220,22000,1.445,1.3123
Bnn_yacht,Bnn_yacht/2026-04-08_18-17-24,230,23000,1.5069,1.3901
Bnn_yacht,Bnn_yacht/2026-04-08_18-17-24,240,24000,1.4831,1.3275
Bnn_yacht,Bnn_yacht/2026-04-08_18-17-24,250,25000,1.5164,1.3815
Bnn_yacht,Bnn_yacht/2026-04-08_18-17-24,260,26000,1.5009,1.3788
Bnn_yacht,Bnn_yacht/2026-04-08_18-17-24,270,27000,1.4535,1.328
Bnn_yacht,Bnn_yacht/2026-04-08_18-17-24,280,28000,1.4622,1.3755
Bnn_yacht,Bnn_yacht/2026-04-08_18-17-24,290,29000,1.4523,1.3391
Bnn_yacht,Bnn_yacht/2026-04-08_18-17-24,300,30000,1.4921,1.3494
Bnn_yacht,Bnn_yacht/2026-04-08_18-17-24,310,31000,1.4438,1.321
Bnn_yacht,Bnn_yacht/2026-04-08_18-17-24,320,32000,1.463,1.2911
Bnn_yacht,Bnn_yacht/2026-04-08_18-17-24,330,33000,1.5543,1.3237
Bnn_yacht,Bnn_yacht/2026-04-08_18-17-24,340,34000,1.4894,1.3636
Bnn_yacht,Bnn_yacht/2026-04-08_18-17-24,350,35000,1.5053,1.2816
Bnn_yacht,Bnn_yacht/2026-04-08_18-17-24,360,36000,1.5108,1.3521
Bnn_yacht,Bnn_yacht/2026-04-08_18-17-24,370,37000,1.4289,1.3179
Bnn_yacht,Bnn_yacht/2026-04-08_18-17-24,380,38000,1.5125,1.3378
Bnn_yacht,Bnn_yacht/2026-04-08_18-17-24,390,39000,1.5002,1.3346
Bnn_yacht,Bnn_yacht/2026-04-08_18-17-24,400,40000,1.481,1.3299
Bnn_yacht,Bnn_yacht/2026-04-08_18-17-24,410,41000,1.4101,1.2428
Bnn_yacht,Bnn_yacht/2026-04-08_18-17-24,420,42000,1.5061,1.3477
Bnn_yacht,Bnn_yacht/2026-04-08_18-17-24,430,43000,1.4304,1.3034
Bnn_yacht,Bnn_yacht/2026-04-08_18-17-24,440,44000,1.5322,1.3218
Bnn_yacht,Bnn_yacht/2026-04-08_18-17-24,450,45000,1.4776,1.3315
Bnn_yacht,Bnn_yacht/2026-04-08_18-17-24,460,46000,1.4663,1.3
Bnn_yacht,Bnn_yacht/2026-04-08_18-17-24,470,47000,1.3861,1.2676
Bnn_yacht,Bnn_yacht/2026-04-08_18-17-24,480,48000,1.4487,1.2255
Bnn_yacht,Bnn_yacht/2026-04-08_18-17-24,490,49000,1.4698,1.2679
Bnn_yacht,Bnn_yacht/2026-04-08_18-17-24,500,50000,1.4624,1.272
Bnn_yacht,Bnn_yacht/2026-04-08_18-17-24,510,51000,1.4224,1.2952
Bnn_yacht,Bnn_yacht/2026-04-08_18-17-24,520,52000,1.5568,1.2839
Bnn_yacht,Bnn_yacht/2026-04-08_18-17-24,530,53000,1.4341,1.2744
Bnn_yacht,Bnn_yacht/2026-04-08_18-17-24,540,54000,1.4914,1.2977
Bnn_yacht,Bnn_yacht/2026-04-08_18-17-24,550,55000,1.5517,1.2901
Bnn_yacht,Bnn_yacht/2026-04-08_18-17-24,560,56000,1.4058,1.2867
Bnn_yacht,Bnn_yacht/2026-04-08_18-17-24,570,57000,1.4423,1.2456
Bnn_yacht,Bnn_yacht/2026-04-08_18-17-24,580,58000,1.4572,1.3162
Bnn_yacht,Bnn_yacht/2026-04-08_18-17-24,590,59000,1.5095,1.3153
Bnn_yacht,Bnn_yacht/2026-04-08_18-17-24,600,60000,1.4779,1.2644
Bnn_yacht,Bnn_yacht/2026-04-08_18-17-24,610,61000,1.4676,1.2884
Bnn_yacht,Bnn_yacht/2026-04-08_18-17-24,620,62000,1.4396,1.239
Bnn_yacht,Bnn_yacht/2026-04-08_18-17-24,630,63000,1.422,1.2808
Bnn_yacht,Bnn_yacht/2026-04-08_18-17-24,640,64000,1.4214,1.1733
Bnn_yacht,Bnn_yacht/2026-04-08_18-17-24,650,65000,1.5057,1.246
Bnn_yacht,Bnn_yacht/2026-04-08_18-17-24,660,66000,1.4441,1.2634
Bnn_yacht,Bnn_yacht/2026-04-08_18-17-24,670,67000,1.4188,1.2608
Bnn_yacht,Bnn_yacht/2026-04-08_18-17-24,680,68000,1.4208,1.2193
Bnn_yacht,Bnn_yacht/2026-04-08_18-17-24,690,69000,1.3813,1.1979
Bnn_yacht,Bnn_yacht/2026-04-08_18-17-24,700,70000,1.4067,1.2175
Bnn_yacht,Bnn_yacht/2026-04-08_18-17-24,710,71000,1.4758,1.2889
Bnn_yacht,Bnn_yacht/2026-04-08_18-17-24,720,72000,1.4311,1.2875
Bnn_yacht,Bnn_yacht/2026-04-08_18-17-24,730,73000,1.4473,1.229
Bnn_yacht,Bnn_yacht/2026-04-08_18-17-24,740,74000,1.4185,1.1949
Bnn_yacht,Bnn_yacht/2026-04-08_18-17-24,750,75000,1.4763,1.2852
Bnn_yacht,Bnn_yacht/2026-04-08_18-17-24,760,76000,1.3774,1.2075
Bnn_yacht,Bnn_yacht/2026-04-08_18-17-24,770,77000,1.4377,1.2678
Bnn_yacht,Bnn_yacht/2026-04-08_18-17-24,780,78000,1.3989,1.2574
Bnn_yacht,Bnn_yacht/2026-04-08_18-17-24,790,79000,1.4089,1.218
Bnn_yacht,Bnn_yacht/2026-04-08_18-17-24,800,80000,1.5008,1.2915
Bnn_yacht,Bnn_yacht/2026-04-08_18-17-24,810,81000,1.4081,1.2477
Bnn_yacht,Bnn_yacht/2026-04-08_18-17-24,820,82000,1.5346,1.2735
Bnn_yacht,Bnn_yacht/2026-04-08_18-17-24,830,83000,1.4018,1.2716
Bnn_yacht,Bnn_yacht/2026-04-08_18-17-24,840,84000,1.4812,1.2201
Bnn_yacht,Bnn_yacht/2026-04-08_18-17-24,850,85000,1.4609,1.2595
Bnn_yacht,Bnn_yacht/2026-04-08_18-17-24,860,86000,1.4725,1.265
Bnn_yacht,Bnn_yacht/2026-04-08_18-17-24,870,87000,1.4504,1.2167
Bnn_yacht,Bnn_yacht/2026-04-08_18-17-24,880,88000,1.4298,1.3009
Bnn_yacht,Bnn_yacht/2026-04-08_18-17-24,890,89000,1.4125,1.2546
Bnn_yacht,Bnn_yacht/2026-04-08_18-17-24,900,90000,1.4215,1.1894
Bnn_yacht,Bnn_yacht/2026-04-08_18-17-24,910,91000,1.4021,1.2431
Bnn_yacht,Bnn_yacht/2026-04-08_18-17-24,920,92000,1.4104,1.1876
Bnn_yacht,Bnn_yacht/2026-04-08_18-17-24,930,93000,1.4085,1.1533
Bnn_yacht,Bnn_yacht/2026-04-08_18-17-24,940,94000,1.4408,1.2964
Bnn_yacht,Bnn_yacht/2026-04-08_18-17-24,950,95000,1.4124,1.1994
Bnn_yacht,Bnn_yacht/2026-04-08_18-17-24,960,96000,1.4031,1.2711
Bnn_yacht,Bnn_yacht/2026-04-08_18-17-24,970,97000,1.434,1.243
Bnn_yacht,Bnn_yacht/2026-04-08_18-17-24,980,98000,1.4472,1.2028
Bnn_yacht,Bnn_yacht/2026-04-08_18-17-24,990,99000,1.4157,1.2205
Bnn_yacht,Bnn_yacht/2026-04-08_18-17-24,1000,100000,1.4155,1.2474
